student_id,semester,department,level,attendance_pct,study_hours_per_week,prev_gpa,ca_score,exam_score,prev_final_score,final_score,score_delta,performance_trend,grade,is_at_risk
65feade2-d236-490b-b0de-92cec5342397,1,Sociology,100,82.5,11.3,3.52,39.1,37.8,,76.2,0.0,stable,A,0
65feade2-d236-490b-b0de-92cec5342397,2,Sociology,100,98.7,15.8,2.62,37.5,36.9,76.2,73.0,-3.2,stable,A,0
fbeb4e90-e02c-409f-9d61-fe7128180a46,1,Computer Science,300,78.6,2.4,1.62,27.9,19.9,,48.7,0.0,stable,D,0
fbeb4e90-e02c-409f-9d61-fe7128180a46,2,Computer Science,300,61.4,4.9,4.17,26.1,37.5,48.7,59.4,10.7,improving,C,0
cfe3d823-75b7-4284-a5a8-43ca542a0b80,1,Mechanical Engineering,200,66.8,12.6,2.08,30.2,32.1,,61.5,0.0,stable,B,0
cfe3d823-75b7-4284-a5a8-43ca542a0b80,2,Mechanical Engineering,200,66.0,21.3,2.99,22.9,54.4,61.5,73.6,12.1,improving,A,0
afa61360-3835-40bc-aa70-e6cacf9bbf5f,1,Electrical Engineering,100,78.1,2.2,1.94,31.6,37.8,,70.0,0.0,stable,B,0
afa61360-3835-40bc-aa70-e6cacf9bbf5f,2,Electrical Engineering,100,73.3,10.5,1.82,26.1,31.5,70.0,60.7,-9.2,declining,B,0
66170401-b05e-4c48-9e0e-acd44b9e08b5,1,Sociology,100,80.2,3.2,3.26,29.1,27.0,,58.0,0.0,stable,C,0
66170401-b05e-4c48-9e0e-acd44b9e08b5,2,Sociology,100,90.5,16.7,2.33,31.5,44.9,58.0,79.3,21.4,improving,A,0
e28d4c16-e652-46d2-a05d-f62869f47f6b,1,Psychology,400,67.8,11.1,2.11,22.6,45.3,,71.9,0.0,stable,A,0
e28d4c16-e652-46d2-a05d-f62869f47f6b,2,Psychology,400,73.9,17.0,3.29,26.6,47.3,71.9,78.5,6.6,improving,A,0
4ab62909-4828-4fcb-9d10-d3f9c88a9f6d,1,Computer Science,100,74.5,19.8,0.9,34.0,41.8,,74.9,0.0,stable,A,0
4ab62909-4828-4fcb-9d10-d3f9c88a9f6d,2,Computer Science,100,76.4,2.1,2.82,32.1,46.9,74.9,77.4,2.5,stable,A,0
f33a54d7-7be6-4cee-bde4-fdbf2433a341,1,Computer Engineering,200,62.9,9.5,3.73,29.2,33.9,,64.7,0.0,stable,B,0
f33a54d7-7be6-4cee-bde4-fdbf2433a341,2,Computer Engineering,200,76.5,16.8,2.44,28.7,38.0,64.7,62.2,-2.5,stable,B,0
b85f34ad-b2fe-400b-b4f7-d3a01dda41f9,1,Mechanical Engineering,100,79.4,13.3,3.0,29.7,26.4,,54.8,0.0,stable,C,0
b85f34ad-b2fe-400b-b4f7-d3a01dda41f9,2,Mechanical Engineering,100,69.9,8.0,2.87,31.0,55.3,54.8,86.8,32.0,improving,A,0
52f173bf-79fb-473a-a63f-7aac5f80edef,1,Economics,200,78.9,11.6,1.46,30.6,36.8,,74.9,0.0,stable,A,0
52f173bf-79fb-473a-a63f-7aac5f80edef,2,Economics,200,72.1,13.5,2.97,23.6,52.0,74.9,77.9,3.0,stable,A,0
284c4d13-d16d-4b09-9479-2a2b03d51a6f,1,Biology,400,86.9,7.5,4.12,25.4,44.4,,76.4,0.0,stable,A,0
284c4d13-d16d-4b09-9479-2a2b03d51a6f,2,Biology,400,60.1,9.2,3.08,24.5,22.2,76.4,46.9,-29.5,declining,D,0
cf14cc36-7e84-4167-8af8-8f7d7ddb1797,1,Mechanical Engineering,400,59.1,14.4,2.26,34.6,32.0,,65.6,0.0,stable,B,0
cf14cc36-7e84-4167-8af8-8f7d7ddb1797,2,Mechanical Engineering,400,87.2,5.8,3.18,39.0,19.5,65.6,59.0,-6.6,declining,C,0
0941f217-796f-453f-a4b1-4bc5d2bf6eb9,1,Psychology,300,78.9,15.9,2.01,24.2,45.6,,70.7,0.0,stable,A,0
0941f217-796f-453f-a4b1-4bc5d2bf6eb9,2,Psychology,300,78.8,13.7,2.46,31.9,42.7,70.7,72.4,1.7,stable,A,0
5fe59631-0d01-4576-a59a-9c627c6ad775,1,Political Science,100,100.0,14.4,2.05,38.3,29.6,,70.3,0.0,stable,A,0
5fe59631-0d01-4576-a59a-9c627c6ad775,2,Political Science,100,92.4,7.9,3.77,35.5,46.4,70.3,87.6,17.4,improving,A,0
b928e59a-b422-46d6-8f5f-eed749f98f8f,1,Political Science,200,71.3,8.2,2.29,25.2,34.7,,60.9,0.0,stable,B,0
b928e59a-b422-46d6-8f5f-eed749f98f8f,2,Political Science,200,79.2,16.1,3.01,38.1,39.9,60.9,86.2,25.3,improving,A,0
70753a3b-8013-453b-97cf-87c77148e4bc,1,Biology,400,84.4,7.7,2.14,34.3,32.6,,69.0,0.0,stable,B,0
70753a3b-8013-453b-97cf-87c77148e4bc,2,Biology,400,82.1,11.6,2.32,23.8,33.5,69.0,59.9,-9.1,declining,C,0
7853cf26-2ded-44f8-b6e4-941eb6cabd3f,1,Medicine,300,78.2,5.8,3.14,32.6,26.6,,59.6,0.0,stable,C,0
7853cf26-2ded-44f8-b6e4-941eb6cabd3f,2,Medicine,300,75.9,6.3,3.29,33.0,46.9,59.6,83.0,23.4,improving,A,0
40e6f14b-8b0f-4e2d-82c3-2aac59a5a5f6,1,Electrical Engineering,200,54.3,7.3,3.41,28.4,42.2,,82.2,0.0,stable,A,0
40e6f14b-8b0f-4e2d-82c3-2aac59a5a5f6,2,Electrical Engineering,200,83.6,17.7,3.76,35.0,42.0,82.2,79.2,-2.9,stable,A,0
32414ce2-b107-4888-921f-3ce682820bfe,1,Political Science,300,63.4,10.8,2.61,28.1,60.0,,82.5,0.0,stable,A,0
32414ce2-b107-4888-921f-3ce682820bfe,2,Political Science,300,85.3,3.9,2.62,37.5,33.7,82.5,68.0,-14.5,declining,B,0
2c2e205c-c892-4f63-9c62-5b48d654e195,1,Computer Engineering,100,64.3,15.4,2.42,28.9,41.3,,68.3,0.0,stable,B,0
2c2e205c-c892-4f63-9c62-5b48d654e195,2,Computer Engineering,100,100.0,15.2,1.38,35.9,32.0,68.3,70.5,2.2,stable,A,0
9944df25-05bb-4d99-b0ee-670d7306d3ad,1,Law,100,63.1,11.4,3.4,32.0,28.0,,58.9,0.0,stable,C,0
9944df25-05bb-4d99-b0ee-670d7306d3ad,2,Law,100,67.9,8.7,4.41,30.6,27.5,58.9,60.8,1.9,stable,B,0
ce68ee2a-9838-4fd2-9d6c-017f13f3ecdb,1,Medicine,300,100.0,17.2,1.78,32.6,53.5,,84.0,0.0,stable,A,0
ce68ee2a-9838-4fd2-9d6c-017f13f3ecdb,2,Medicine,300,81.7,15.9,2.26,31.0,8.4,84.0,36.4,-47.5,declining,F,1
ecc50afe-bb16-4d1c-b2bf-e3e32774b031,1,Psychology,300,71.2,5.8,4.31,22.1,33.3,,55.8,0.0,stable,C,0
ecc50afe-bb16-4d1c-b2bf-e3e32774b031,2,Psychology,300,96.6,4.8,3.93,34.4,26.5,55.8,62.3,6.4,improving,B,0
b22f945a-76c3-4df7-bf11-84d64dca9ff6,1,Political Science,100,78.0,9.0,3.06,28.7,38.7,,69.3,0.0,stable,B,0
b22f945a-76c3-4df7-bf11-84d64dca9ff6,2,Political Science,100,98.8,5.8,4.71,25.0,37.0,69.3,63.8,-5.5,declining,B,0
56a1f8b6-50c2-436b-8acd-f6b6db9c2f86,1,Biology,400,79.2,8.9,2.83,28.4,31.1,,62.0,0.0,stable,B,0
56a1f8b6-50c2-436b-8acd-f6b6db9c2f86,2,Biology,400,80.4,8.5,3.72,32.6,46.7,62.0,81.2,19.1,improving,A,0
557dfe09-d0ac-430f-87d6-2379a0c69522,1,Economics,100,62.6,9.2,3.6,30.6,38.6,,69.5,0.0,stable,B,0
557dfe09-d0ac-430f-87d6-2379a0c69522,2,Economics,100,94.2,9.0,3.44,32.8,36.2,69.5,72.3,2.8,stable,A,0
e92e3b0f-cb58-455a-bd79-451647fbf2fc,1,Biochemistry,400,87.4,16.1,4.04,32.6,51.4,,83.0,0.0,stable,A,0
e92e3b0f-cb58-455a-bd79-451647fbf2fc,2,Biochemistry,400,79.9,11.3,3.08,33.9,31.1,83.0,71.3,-11.7,declining,A,0
c1182a93-b02d-4aa4-993d-b0404336e203,1,Computer Engineering,300,59.9,5.9,3.93,30.9,43.3,,76.2,0.0,stable,A,0
c1182a93-b02d-4aa4-993d-b0404336e203,2,Computer Engineering,300,74.8,7.5,3.06,26.6,46.2,76.2,72.4,-3.8,stable,A,0
b8156467-02b2-4c25-a142-5198bd97a145,1,Accounting,300,62.6,10.4,3.33,24.7,30.9,,56.3,0.0,stable,C,0
b8156467-02b2-4c25-a142-5198bd97a145,2,Accounting,300,78.7,9.5,2.62,31.9,22.5,56.3,50.2,-6.1,declining,C,0
c4dbaf9a-21ac-4a6a-b755-219c3ae87b2f,1,Psychology,200,64.2,10.9,3.25,35.2,47.9,,82.6,0.0,stable,A,0
c4dbaf9a-21ac-4a6a-b755-219c3ae87b2f,2,Psychology,200,74.7,7.0,2.99,28.5,39.2,82.6,65.2,-17.4,declining,B,0
e433d06d-80b1-42d6-923d-4ffea87cebc5,1,Biology,100,82.8,19.7,2.91,33.6,51.8,,84.1,0.0,stable,A,0
e433d06d-80b1-42d6-923d-4ffea87cebc5,2,Biology,100,78.4,12.1,3.08,26.8,40.0,84.1,68.3,-15.8,declining,B,0
56b119cb-0f07-4dc7-b5fa-93af0099e799,1,Computer Science,200,96.8,16.8,4.72,30.5,55.2,,86.2,0.0,stable,A,0
56b119cb-0f07-4dc7-b5fa-93af0099e799,2,Computer Science,200,100.0,8.0,2.33,32.0,14.1,86.2,44.5,-41.7,declining,F,1
54db4016-f979-4a64-b80b-9f582e409d67,1,Political Science,300,63.6,12.8,3.27,37.1,50.2,,85.5,0.0,stable,A,0
54db4016-f979-4a64-b80b-9f582e409d67,2,Political Science,300,61.5,14.5,1.94,36.5,51.0,85.5,86.1,0.5,stable,A,0
e2a0faa9-e7a3-4f8a-9b29-8298b9f058f3,1,Computer Engineering,200,49.3,18.8,2.91,31.0,28.3,,57.5,0.0,stable,C,1
e2a0faa9-e7a3-4f8a-9b29-8298b9f058f3,2,Computer Engineering,200,75.1,12.2,2.64,33.1,28.3,57.5,61.0,3.5,stable,B,0
005642f4-3592-495e-ba72-acc93661f806,1,Accounting,100,76.8,14.6,3.57,24.7,27.2,,55.8,0.0,stable,C,0
005642f4-3592-495e-ba72-acc93661f806,2,Accounting,100,80.0,8.3,4.24,31.6,51.2,55.8,83.0,27.2,improving,A,0
921676fd-3deb-4fe2-878d-ae3e6695a2f8,1,Law,300,100.0,20.8,2.8,39.9,51.9,,95.9,0.0,stable,A,0
921676fd-3deb-4fe2-878d-ae3e6695a2f8,2,Law,300,60.5,15.4,3.85,18.3,31.9,95.9,44.1,-51.8,declining,F,1
a33d52ff-f4fd-4927-92f8-b60db5cb6130,1,Architecture,300,71.0,15.6,4.2,29.6,60.0,,85.4,0.0,stable,A,0
a33d52ff-f4fd-4927-92f8-b60db5cb6130,2,Architecture,300,49.4,11.7,3.31,24.7,19.3,85.4,43.8,-41.6,declining,F,1
d780bbba-c89f-425c-b00f-4e1c8264a3db,1,Electrical Engineering,300,55.4,15.3,3.29,21.4,37.4,,55.6,0.0,stable,C,0
d780bbba-c89f-425c-b00f-4e1c8264a3db,2,Electrical Engineering,300,74.1,16.8,2.21,32.3,36.1,55.6,66.1,10.4,improving,B,0
8c3095fd-378e-4bad-a566-40dbadd98011,1,Medicine,200,73.4,6.8,2.56,23.7,54.6,,78.4,0.0,stable,A,0
8c3095fd-378e-4bad-a566-40dbadd98011,2,Medicine,200,64.5,13.1,2.91,26.8,46.3,78.4,75.4,-3.1,stable,A,0
70091be1-b75c-4223-8bb4-997cb38933bc,1,Sociology,300,67.0,9.1,2.78,16.9,21.9,,42.9,0.0,stable,F,1
70091be1-b75c-4223-8bb4-997cb38933bc,2,Sociology,300,99.7,10.8,3.46,36.5,60.0,42.9,99.8,56.9,improving,A,0
2b91a94c-3492-4f74-8826-bc99bc8887ce,1,Biology,100,73.1,7.2,1.71,30.6,26.0,,52.4,0.0,stable,C,0
2b91a94c-3492-4f74-8826-bc99bc8887ce,2,Biology,100,65.3,6.6,4.35,32.5,38.3,52.4,75.2,22.8,improving,A,0
9b8ce109-926e-49c8-b52a-4aacbec32a50,1,Psychology,200,76.2,7.7,4.22,32.9,28.6,,60.9,0.0,stable,B,0
9b8ce109-926e-49c8-b52a-4aacbec32a50,2,Psychology,200,61.9,5.1,3.74,36.9,22.1,60.9,60.7,-0.2,stable,B,0
116a52d2-7dab-48ff-bba8-2ae8e87255cf,1,Economics,200,65.2,9.6,2.53,23.7,37.4,,58.6,0.0,stable,C,0
116a52d2-7dab-48ff-bba8-2ae8e87255cf,2,Economics,200,79.1,11.7,2.81,26.3,33.2,58.6,61.8,3.2,stable,B,0
c4788ba6-305e-477f-a713-cb7399377518,1,Electrical Engineering,400,82.5,7.1,3.08,35.3,19.5,,56.4,0.0,stable,C,0
c4788ba6-305e-477f-a713-cb7399377518,2,Electrical Engineering,400,65.1,14.9,2.39,19.0,24.1,56.4,43.2,-13.2,declining,F,1
21a743b2-1d00-4d8e-b50d-58839d0665bb,1,Law,300,78.9,7.5,3.51,22.5,36.7,,55.5,0.0,stable,C,0
21a743b2-1d00-4d8e-b50d-58839d0665bb,2,Law,300,65.2,12.2,2.31,26.1,48.4,55.5,72.8,17.3,improving,A,0
23186b8b-b73d-42a9-b171-86df5c3641dd,1,Biochemistry,200,87.5,6.4,3.42,39.7,11.7,,49.0,0.0,stable,D,0
23186b8b-b73d-42a9-b171-86df5c3641dd,2,Biochemistry,200,83.7,11.0,3.3,28.7,40.3,49.0,68.6,19.6,improving,B,0
83cd6bf9-7052-44d7-a597-f3e4ebc463eb,1,Sociology,300,92.5,13.3,3.27,31.4,36.1,,66.3,0.0,stable,B,0
83cd6bf9-7052-44d7-a597-f3e4ebc463eb,2,Sociology,300,80.9,9.9,3.23,40.0,47.2,66.3,86.3,20.0,improving,A,0
93890e0b-9b66-4d09-ab34-0cf513836f10,1,Accounting,100,93.0,10.0,1.37,28.6,16.1,,43.7,0.0,stable,F,1
93890e0b-9b66-4d09-ab34-0cf513836f10,2,Accounting,100,75.3,20.4,3.26,29.0,54.4,43.7,76.7,33.0,improving,A,0
9f3321d0-34c9-41ea-b167-9e3d63005c7d,1,Mechanical Engineering,100,78.5,15.9,1.82,36.4,43.3,,78.5,0.0,stable,A,0
9f3321d0-34c9-41ea-b167-9e3d63005c7d,2,Mechanical Engineering,100,84.5,23.4,3.15,33.1,43.4,78.5,74.0,-4.6,stable,A,0
db18d2ba-4114-4531-a7b5-3a39f4b3098a,1,Political Science,300,87.5,7.7,3.06,30.1,41.4,,72.5,0.0,stable,A,0
db18d2ba-4114-4531-a7b5-3a39f4b3098a,2,Political Science,300,90.6,9.4,2.78,28.2,32.9,72.5,62.2,-10.3,declining,B,0
107e855a-927c-4079-b998-c94ffc5491c3,1,Law,300,86.4,7.4,3.7,39.0,41.8,,86.5,0.0,stable,A,0
107e855a-927c-4079-b998-c94ffc5491c3,2,Law,300,63.4,5.8,1.58,35.2,38.8,86.5,73.8,-12.7,declining,A,0
ba33856e-24f5-4541-b311-f7be9b1f7c5f,1,Computer Engineering,200,79.2,6.4,4.96,31.5,40.6,,74.2,0.0,stable,A,0
ba33856e-24f5-4541-b311-f7be9b1f7c5f,2,Computer Engineering,200,82.2,13.1,2.37,33.8,57.9,74.2,95.8,21.5,improving,A,0
f8a10b0e-7499-4c70-a41b-d12be6bb8856,1,Biochemistry,300,98.9,9.4,2.21,34.2,36.7,,74.2,0.0,stable,A,0
f8a10b0e-7499-4c70-a41b-d12be6bb8856,2,Biochemistry,300,49.6,19.6,2.87,22.8,34.7,74.2,52.5,-21.7,declining,C,1
a6c58887-64de-4d73-bb4b-b9eb27adef84,1,Mechanical Engineering,400,87.3,12.4,1.97,26.0,34.4,,65.4,0.0,stable,B,0
a6c58887-64de-4d73-bb4b-b9eb27adef84,2,Mechanical Engineering,400,71.1,4.5,2.8,27.9,6.8,65.4,34.5,-30.9,declining,F,1
cb1ef754-7811-4040-a667-10a9b3688405,1,Law,400,71.5,15.5,4.48,34.9,42.3,,73.9,0.0,stable,A,0
cb1ef754-7811-4040-a667-10a9b3688405,2,Law,400,100.0,12.3,3.01,34.9,41.8,73.9,76.2,2.3,stable,A,0
dc85a207-f6fe-4622-9d86-6af99981377c,1,Electrical Engineering,300,66.4,9.3,2.97,25.6,30.4,,56.3,0.0,stable,C,0
dc85a207-f6fe-4622-9d86-6af99981377c,2,Electrical Engineering,300,71.2,19.5,0.88,34.7,53.2,56.3,81.6,25.3,improving,A,0
12d45239-5327-42cc-9292-eb14737e6485,1,Electrical Engineering,200,69.9,10.1,1.87,25.1,24.9,,55.2,0.0,stable,C,0
12d45239-5327-42cc-9292-eb14737e6485,2,Electrical Engineering,200,89.0,18.4,3.58,27.2,40.0,55.2,68.7,13.4,improving,B,0
fef53d3e-d904-416a-8374-9fc828c4a861,1,Biology,300,56.7,15.6,2.81,24.5,48.8,,74.6,0.0,stable,A,0
fef53d3e-d904-416a-8374-9fc828c4a861,2,Biology,300,69.6,17.8,2.14,32.0,47.9,74.6,79.0,4.3,stable,A,0
08e61873-c982-41c5-83b8-26e7c02612cd,1,Biology,400,79.9,5.7,3.74,30.1,31.4,,64.6,0.0,stable,B,0
08e61873-c982-41c5-83b8-26e7c02612cd,2,Biology,400,64.4,5.0,1.75,30.9,19.2,64.6,55.4,-9.1,declining,C,0
c87a7746-d8e7-484d-bf50-18f325f8725c,1,Biochemistry,400,43.8,20.5,3.17,23.3,40.5,,65.0,0.0,stable,B,1
c87a7746-d8e7-484d-bf50-18f325f8725c,2,Biochemistry,400,74.4,17.5,3.09,30.6,40.1,65.0,70.5,5.5,improving,A,0
b9965e78-2988-4fd7-9309-31df6e1a1eb9,1,Medicine,200,79.6,3.4,1.92,34.6,33.0,,67.1,0.0,stable,B,0
b9965e78-2988-4fd7-9309-31df6e1a1eb9,2,Medicine,200,75.3,13.7,2.57,26.2,41.9,67.1,65.1,-2.0,stable,B,0
7c5302bb-9065-48bc-8231-cf6b80d9f424,1,Electrical Engineering,400,81.1,3.5,3.82,33.6,37.7,,74.2,0.0,stable,A,0
7c5302bb-9065-48bc-8231-cf6b80d9f424,2,Electrical Engineering,400,100.0,17.1,1.53,28.6,34.0,74.2,62.7,-11.6,declining,B,0
5dbfd32d-1076-4db0-b63d-2adb1ce97861,1,Computer Engineering,100,82.8,8.4,3.15,27.8,31.2,,54.7,0.0,stable,C,0
5dbfd32d-1076-4db0-b63d-2adb1ce97861,2,Computer Engineering,100,61.2,5.2,2.22,32.5,23.7,54.7,64.1,9.4,improving,B,0
ee626c91-3a74-44ef-9e2b-dc1cb6e5af91,1,Accounting,100,82.4,12.9,2.31,35.0,33.1,,68.4,0.0,stable,B,0
ee626c91-3a74-44ef-9e2b-dc1cb6e5af91,2,Accounting,100,100.0,11.5,3.92,31.5,40.7,68.4,77.5,9.1,improving,A,0
bcdb9826-1205-49d0-9101-689d770c2641,1,Electrical Engineering,200,65.6,21.1,3.57,25.3,53.5,,81.7,0.0,stable,A,0
bcdb9826-1205-49d0-9101-689d770c2641,2,Electrical Engineering,200,84.3,4.1,2.42,30.6,32.1,81.7,64.5,-17.2,declining,B,0
3571179b-2a2f-45c8-94a4-8ac7978840f0,1,Political Science,400,77.7,5.3,3.3,33.6,41.0,,77.8,0.0,stable,A,0
3571179b-2a2f-45c8-94a4-8ac7978840f0,2,Political Science,400,87.5,14.3,2.94,24.2,45.4,77.8,70.2,-7.6,declining,A,0
0e44ae0e-4016-47d2-ab3f-62d28525f617,1,Psychology,100,79.1,5.6,2.14,36.1,32.9,,71.0,0.0,stable,A,0
0e44ae0e-4016-47d2-ab3f-62d28525f617,2,Psychology,100,75.4,12.1,3.75,27.5,42.1,71.0,68.3,-2.8,stable,B,0
9dc47ca2-91a1-4816-a020-073348f4f082,1,Law,400,68.5,10.5,3.18,26.3,51.4,,75.0,0.0,stable,A,0
9dc47ca2-91a1-4816-a020-073348f4f082,2,Law,400,72.2,9.8,4.16,30.4,50.6,75.0,76.6,1.6,stable,A,0
aa24d588-3fd0-4271-86bd-d31ac4f62360,1,Psychology,400,79.0,16.4,3.07,36.1,37.7,,78.1,0.0,stable,A,0
aa24d588-3fd0-4271-86bd-d31ac4f62360,2,Psychology,400,100.0,10.2,2.64,40.0,53.4,78.1,91.8,13.7,improving,A,0
fccce5a8-9521-4ef5-91e3-d2b04e1e8e22,1,Economics,300,68.7,10.6,1.92,24.1,26.4,,48.2,0.0,stable,D,0
fccce5a8-9521-4ef5-91e3-d2b04e1e8e22,2,Economics,300,74.5,13.2,4.24,24.9,52.7,48.2,77.0,28.8,improving,A,0
85a15d02-945b-4701-927c-996ee3fd4584,1,Economics,100,74.3,15.4,2.1,31.8,41.8,,75.1,0.0,stable,A,0
85a15d02-945b-4701-927c-996ee3fd4584,2,Economics,100,79.3,24.3,2.49,28.2,41.1,75.1,67.6,-7.5,declining,B,0
b461cecb-31c8-4e00-8cd0-2920a694e15d,1,Sociology,100,65.4,17.9,4.14,25.2,37.8,,64.4,0.0,stable,B,0
b461cecb-31c8-4e00-8cd0-2920a694e15d,2,Sociology,100,66.7,15.2,3.16,20.8,57.6,64.4,83.8,19.4,improving,A,0
f8e158ce-c011-411c-80b0-e209ed38afa8,1,Sociology,300,65.8,10.1,3.23,29.8,45.2,,81.1,0.0,stable,A,0
f8e158ce-c011-411c-80b0-e209ed38afa8,2,Sociology,300,72.3,8.0,1.9,25.8,34.2,81.1,65.4,-15.7,declining,B,0
13c6297b-208d-4745-b393-d672f874ffde,1,Political Science,300,67.2,13.1,2.99,34.4,60.0,,92.8,0.0,stable,A,0
13c6297b-208d-4745-b393-d672f874ffde,2,Political Science,300,67.7,17.2,3.55,37.8,50.2,92.8,86.9,-5.9,declining,A,0
f6362f84-a3ea-40a9-8c07-5f8107ab3520,1,Computer Engineering,300,83.9,17.5,3.66,34.3,55.5,,93.3,0.0,stable,A,0
f6362f84-a3ea-40a9-8c07-5f8107ab3520,2,Computer Engineering,300,95.7,15.2,2.87,34.9,53.7,93.3,86.1,-7.2,declining,A,0
11bed3d4-983c-4ffb-b170-9171bc252c5a,1,Law,200,80.5,10.0,3.02,37.5,40.1,,77.8,0.0,stable,A,0
11bed3d4-983c-4ffb-b170-9171bc252c5a,2,Law,200,54.6,15.7,3.52,36.7,40.2,77.8,77.6,-0.2,stable,A,0
8a9bc766-0f0e-484b-affd-6c359b627725,1,Architecture,100,78.7,19.9,2.92,32.1,51.1,,83.8,0.0,stable,A,0
8a9bc766-0f0e-484b-affd-6c359b627725,2,Architecture,100,68.3,13.0,3.86,23.5,43.3,83.8,64.7,-19.1,declining,B,0
f50674b4-7e57-4011-9d8f-a0b0720c0d3a,1,Biology,300,92.9,4.4,2.55,35.5,48.9,,84.2,0.0,stable,A,0
f50674b4-7e57-4011-9d8f-a0b0720c0d3a,2,Biology,300,66.7,21.4,1.84,17.3,48.4,84.2,64.2,-20.0,declining,B,0
9087eba7-9eb0-4b2e-8f24-08f46902ef1e,1,Economics,200,59.7,15.5,3.2,24.1,29.7,,56.4,0.0,stable,C,0
9087eba7-9eb0-4b2e-8f24-08f46902ef1e,2,Economics,200,84.8,11.5,4.48,26.6,26.9,56.4,51.4,-5.0,stable,C,0
e090df19-784b-406d-aa2d-d0eaabbf3479,1,Economics,100,74.3,13.2,2.81,31.6,27.5,,63.5,0.0,stable,B,0
e090df19-784b-406d-aa2d-d0eaabbf3479,2,Economics,100,73.8,17.6,3.27,32.0,49.8,63.5,83.2,19.7,improving,A,0
b81368f2-c0db-41e9-94b4-af2a800d76be,1,Accounting,300,84.6,18.6,3.16,35.5,43.7,,83.5,0.0,stable,A,0
b81368f2-c0db-41e9-94b4-af2a800d76be,2,Accounting,300,64.9,21.0,2.97,20.8,47.2,83.5,66.0,-17.5,declining,B,0
8ceea724-bc30-4a1e-944e-d089eefaf0ee,1,Accounting,200,87.6,8.7,2.64,23.1,32.0,,47.8,0.0,stable,D,0
8ceea724-bc30-4a1e-944e-d089eefaf0ee,2,Accounting,200,51.2,15.8,3.63,27.4,33.9,47.8,61.1,13.3,improving,B,0
72c89f46-8631-4504-a9fb-d757159eb6ce,1,Electrical Engineering,300,74.9,6.2,4.2,34.4,35.6,,70.1,0.0,stable,A,0
72c89f46-8631-4504-a9fb-d757159eb6ce,2,Electrical Engineering,300,78.1,1.8,2.8,27.2,21.9,70.1,48.2,-21.8,declining,D,0
dfc15c5d-cbaf-4f43-8274-aa566e526c30,1,Political Science,200,100.0,15.2,2.54,37.9,54.9,,95.6,0.0,stable,A,0
dfc15c5d-cbaf-4f43-8274-aa566e526c30,2,Political Science,200,75.9,8.8,3.56,32.1,47.3,95.6,81.4,-14.2,declining,A,0
d794d198-a22b-4403-a94f-a1a0ef94f293,1,Economics,100,90.7,9.3,4.05,34.1,60.0,,92.1,0.0,stable,A,0
d794d198-a22b-4403-a94f-a1a0ef94f293,2,Economics,100,100.0,13.0,2.48,32.6,36.0,92.1,69.9,-22.2,declining,B,0
217b534d-cc3d-4fac-8806-fbd026867d48,1,Psychology,300,82.8,9.1,2.98,40.0,54.8,,96.1,0.0,stable,A,0
217b534d-cc3d-4fac-8806-fbd026867d48,2,Psychology,300,75.6,12.6,3.49,25.0,38.4,96.1,58.4,-37.7,declining,C,0
3ce40374-d47f-4373-9c83-e69463f30fc6,1,Architecture,100,81.0,15.2,2.61,39.1,28.9,,63.5,0.0,stable,B,0
3ce40374-d47f-4373-9c83-e69463f30fc6,2,Architecture,100,78.4,17.2,4.35,28.4,56.8,63.5,85.1,21.5,improving,A,0
4b5fcd23-90e0-432c-a87d-43a04948290e,1,Computer Engineering,300,72.4,16.4,3.52,21.6,58.5,,84.3,0.0,stable,A,0
4b5fcd23-90e0-432c-a87d-43a04948290e,2,Computer Engineering,300,65.6,14.0,3.4,29.4,36.3,84.3,63.7,-20.6,declining,B,0
b4a17196-f03f-4914-9e52-8011fa357fb0,1,Biochemistry,300,74.6,17.9,3.43,28.1,52.3,,71.9,0.0,stable,A,0
b4a17196-f03f-4914-9e52-8011fa357fb0,2,Biochemistry,300,92.2,3.3,2.71,27.8,19.8,71.9,51.2,-20.7,declining,C,0
1576c006-0c50-4b61-bf7c-60e995feb5ca,1,Mechanical Engineering,100,68.0,13.7,2.96,31.0,41.5,,68.6,0.0,stable,B,0
1576c006-0c50-4b61-bf7c-60e995feb5ca,2,Mechanical Engineering,100,89.9,9.5,1.75,30.8,50.3,68.6,83.7,15.1,improving,A,0
7dd5e3d0-1499-4d7e-9361-e34420f72f67,1,Mechanical Engineering,100,69.8,10.3,2.74,39.3,41.6,,82.3,0.0,stable,A,0
7dd5e3d0-1499-4d7e-9361-e34420f72f67,2,Mechanical Engineering,100,90.5,13.2,2.79,32.1,39.3,82.3,71.3,-11.0,declining,A,0
bdfdd322-71ff-4147-8e64-89b7fd131808,1,Computer Engineering,400,85.9,12.3,3.59,31.8,41.7,,67.5,0.0,stable,B,0
bdfdd322-71ff-4147-8e64-89b7fd131808,2,Computer Engineering,400,88.7,13.7,3.8,18.3,60.0,67.5,77.8,10.3,improving,A,0
a503bd94-0176-4a4a-9e06-5e21fd74fc29,1,Accounting,100,91.6,6.8,3.49,28.1,30.6,,64.4,0.0,stable,B,0
a503bd94-0176-4a4a-9e06-5e21fd74fc29,2,Accounting,100,72.1,13.1,3.7,31.9,43.2,64.4,76.2,11.8,improving,A,0
1d6a9ab6-72b0-4517-b690-30bc175f2454,1,Political Science,200,100.0,11.7,3.16,40.0,50.7,,94.3,0.0,stable,A,0
1d6a9ab6-72b0-4517-b690-30bc175f2454,2,Political Science,200,84.6,6.3,4.31,26.2,41.1,94.3,65.1,-29.3,declining,B,0
f2918c42-c685-4001-b503-60c4ba025823,1,Electrical Engineering,400,74.0,13.6,3.26,31.9,57.4,,90.7,0.0,stable,A,0
f2918c42-c685-4001-b503-60c4ba025823,2,Electrical Engineering,400,71.3,16.8,3.95,23.1,50.9,90.7,76.1,-14.5,declining,A,0
589e0c2c-5658-4e1e-affe-8bbb1c4423a6,1,Economics,200,70.5,18.9,2.88,29.7,42.5,,72.3,0.0,stable,A,0
589e0c2c-5658-4e1e-affe-8bbb1c4423a6,2,Economics,200,58.6,4.8,4.28,22.5,27.1,72.3,43.1,-29.2,declining,F,1
85ffdba9-e58c-45a8-ad60-eea8c3e96432,1,Business Administration,400,65.4,5.4,4.31,33.1,30.6,,70.5,0.0,stable,A,0
85ffdba9-e58c-45a8-ad60-eea8c3e96432,2,Business Administration,400,89.7,10.4,1.0,40.0,20.5,70.5,55.6,-14.9,declining,C,0
51340a35-df8c-4a0c-bb4b-7b797028a0aa,1,Mechanical Engineering,200,90.3,24.2,4.11,35.9,56.4,,94.9,0.0,stable,A,0
51340a35-df8c-4a0c-bb4b-7b797028a0aa,2,Mechanical Engineering,200,86.4,13.4,3.08,32.0,33.2,94.9,64.3,-30.6,declining,B,0
9f5651e7-5472-444f-b447-98ef3be316fe,1,Biology,300,49.6,11.5,2.21,19.4,39.4,,63.0,0.0,stable,B,1
9f5651e7-5472-444f-b447-98ef3be316fe,2,Biology,300,88.8,4.1,2.21,37.5,22.6,63.0,59.3,-3.7,stable,C,0
c822575f-8783-4960-9e91-5840db06636f,1,Law,300,83.3,7.2,3.08,25.0,30.3,,56.2,0.0,stable,C,0
c822575f-8783-4960-9e91-5840db06636f,2,Law,300,51.1,14.2,2.98,28.0,43.4,56.2,75.4,19.2,improving,A,0
ad295fa6-7ef5-4f72-b9ff-23216b143d58,1,Architecture,500,76.9,9.9,3.1,33.1,38.7,,71.9,0.0,stable,A,0
ad295fa6-7ef5-4f72-b9ff-23216b143d58,2,Architecture,500,64.5,8.7,1.88,36.6,22.5,71.9,57.1,-14.9,declining,C,0
bdd891ec-789d-4ac9-9525-7e8d20841cfa,1,Architecture,100,64.2,16.5,2.76,34.1,35.6,,70.5,0.0,stable,A,0
bdd891ec-789d-4ac9-9525-7e8d20841cfa,2,Architecture,100,62.5,22.7,2.05,29.0,51.7,70.5,82.0,11.5,improving,A,0
53dc2752-3f23-475a-8395-799b303b5008,1,Mechanical Engineering,200,72.2,11.4,3.04,28.7,48.8,,84.2,0.0,stable,A,0
53dc2752-3f23-475a-8395-799b303b5008,2,Mechanical Engineering,200,66.6,5.2,2.93,40.0,26.5,84.2,71.4,-12.7,declining,A,0
74ad47c2-8c74-405c-90cf-60ebfe9ceb02,1,Computer Engineering,300,100.0,9.2,3.46,40.0,34.7,,74.1,0.0,stable,A,0
74ad47c2-8c74-405c-90cf-60ebfe9ceb02,2,Computer Engineering,300,66.3,6.9,2.48,22.1,35.2,74.1,55.1,-19.0,declining,C,0
cbfe7dd0-462b-4d7d-8649-d7bb0369c3ec,1,Computer Science,200,78.5,4.2,3.26,34.9,14.6,,50.6,0.0,stable,C,0
cbfe7dd0-462b-4d7d-8649-d7bb0369c3ec,2,Computer Science,200,93.4,6.0,4.34,35.8,30.9,50.6,66.5,15.9,improving,B,0
e01f8534-dcc2-4f19-b9e2-cab09c05a147,1,Psychology,200,83.4,12.4,3.43,27.1,42.4,,65.2,0.0,stable,B,0
e01f8534-dcc2-4f19-b9e2-cab09c05a147,2,Psychology,200,73.3,7.5,2.41,35.8,46.1,65.2,83.8,18.5,improving,A,0
34282996-7a85-4249-8892-0725d5c6b6f0,1,Computer Science,100,58.6,10.4,3.97,27.4,60.0,,88.6,0.0,stable,A,0
34282996-7a85-4249-8892-0725d5c6b6f0,2,Computer Science,100,77.9,10.5,3.11,29.8,45.8,88.6,78.4,-10.2,declining,A,0
ba6f2b1b-4da3-4962-bfbd-022520b229ec,1,Biology,100,63.2,5.3,1.53,30.2,20.8,,44.6,0.0,stable,F,1
ba6f2b1b-4da3-4962-bfbd-022520b229ec,2,Biology,100,80.8,24.5,3.0,35.4,49.3,44.6,84.3,39.8,improving,A,0
4980e514-eef4-405d-97b9-240e2f4ab60b,1,Mechanical Engineering,100,88.8,10.5,3.21,34.4,32.3,,69.6,0.0,stable,B,0
4980e514-eef4-405d-97b9-240e2f4ab60b,2,Mechanical Engineering,100,72.4,8.2,3.43,25.0,38.0,69.6,63.0,-6.7,declining,B,0
36e4ef84-ce0a-4996-b2a7-b2d48061d6b3,1,Biochemistry,100,91.3,14.4,2.98,37.3,55.1,,94.1,0.0,stable,A,0
36e4ef84-ce0a-4996-b2a7-b2d48061d6b3,2,Biochemistry,100,75.2,5.4,2.15,28.5,27.1,94.1,55.0,-39.1,declining,C,0
9485bbcc-9216-4d94-a4b2-63ad687b4063,1,Accounting,300,75.8,14.6,2.94,32.6,42.0,,68.7,0.0,stable,B,0
9485bbcc-9216-4d94-a4b2-63ad687b4063,2,Accounting,300,60.9,11.3,2.03,30.2,52.4,68.7,86.3,17.6,improving,A,0
4db44d31-0646-4fb6-8e24-79c2d8e030c3,1,Computer Engineering,200,71.8,19.5,3.12,27.7,39.0,,65.8,0.0,stable,B,0
4db44d31-0646-4fb6-8e24-79c2d8e030c3,2,Computer Engineering,200,69.2,12.9,3.13,28.9,44.8,65.8,77.2,11.5,improving,A,0
34c518d6-d65b-4a69-9be2-72673b0d3ed1,1,Business Administration,400,89.2,4.6,0.96,37.5,16.5,,53.4,0.0,stable,C,0
34c518d6-d65b-4a69-9be2-72673b0d3ed1,2,Business Administration,400,57.4,3.0,3.43,30.3,28.2,53.4,50.7,-2.6,stable,C,0
72e0b0b9-4065-4e00-bc8a-87c180f3d9c9,1,Mechanical Engineering,200,66.8,14.0,1.82,29.3,38.5,,69.5,0.0,stable,B,0
72e0b0b9-4065-4e00-bc8a-87c180f3d9c9,2,Mechanical Engineering,200,76.8,7.1,3.96,29.6,37.7,69.5,64.5,-5.0,stable,B,0
aed1bfe0-7861-4875-b581-ef88e2abc217,1,Biology,400,68.4,7.6,2.86,37.2,22.4,,54.8,0.0,stable,C,0
aed1bfe0-7861-4875-b581-ef88e2abc217,2,Biology,400,97.1,11.0,2.46,39.6,31.7,54.8,76.8,22.0,improving,A,0
9d81a354-0ff1-4260-aaa0-383f84fde4be,1,Mechanical Engineering,400,85.2,9.6,4.73,29.0,48.7,,78.6,0.0,stable,A,0
9d81a354-0ff1-4260-aaa0-383f84fde4be,2,Mechanical Engineering,400,94.5,19.8,3.03,30.1,49.8,78.6,77.9,-0.7,stable,A,0
76025934-ed27-4155-9815-a9f36f95e1d9,1,Political Science,400,100.0,12.7,2.71,35.9,26.0,,59.0,0.0,stable,C,0
76025934-ed27-4155-9815-a9f36f95e1d9,2,Political Science,400,93.0,8.7,2.16,36.3,47.4,59.0,85.8,26.8,improving,A,0
d7bb91a2-e48a-44ca-9f34-a8fa9f27ec60,1,Mechanical Engineering,100,89.9,8.2,1.86,40.0,31.4,,70.6,0.0,stable,A,0
d7bb91a2-e48a-44ca-9f34-a8fa9f27ec60,2,Mechanical Engineering,100,94.9,14.8,3.36,40.0,35.9,70.6,78.6,8.0,improving,A,0
a6f7049d-9a62-4555-8835-d219abc6f3f6,1,Computer Engineering,400,75.9,13.3,4.22,32.7,48.4,,84.3,0.0,stable,A,0
a6f7049d-9a62-4555-8835-d219abc6f3f6,2,Computer Engineering,400,69.5,7.8,2.16,19.1,55.5,84.3,71.2,-13.1,declining,A,0
235604bb-f86d-42ef-bb89-1d8e6764cd62,1,Medicine,400,71.7,10.6,3.25,33.4,47.7,,79.3,0.0,stable,A,0
235604bb-f86d-42ef-bb89-1d8e6764cd62,2,Medicine,400,72.5,13.4,2.8,37.5,45.1,79.3,84.8,5.5,improving,A,0
5493108e-0c70-4d8f-a8ff-ef03a87853b6,1,Law,400,84.9,17.9,3.14,25.5,48.0,,71.6,0.0,stable,A,0
5493108e-0c70-4d8f-a8ff-ef03a87853b6,2,Law,400,67.1,14.9,3.99,28.5,46.7,71.6,80.4,8.8,improving,A,0
9849c92d-c9c7-4106-b5c1-6463f64dfefe,1,Accounting,100,78.6,25.0,3.45,21.9,57.3,,80.4,0.0,stable,A,0
9849c92d-c9c7-4106-b5c1-6463f64dfefe,2,Accounting,100,94.3,15.4,2.89,27.7,39.7,80.4,64.9,-15.5,declining,B,0
8618d144-d0d9-4daf-aa9a-6f3a72359224,1,Sociology,100,66.3,14.9,4.34,30.2,32.4,,64.0,0.0,stable,B,0
8618d144-d0d9-4daf-aa9a-6f3a72359224,2,Sociology,100,92.9,9.0,2.89,33.7,29.3,64.0,64.9,1.0,stable,B,0
1cb151aa-ad74-4c1d-9fa0-5b4cf88f6cce,1,Computer Science,400,73.2,14.1,2.29,27.4,46.9,,73.2,0.0,stable,A,0
1cb151aa-ad74-4c1d-9fa0-5b4cf88f6cce,2,Computer Science,400,100.0,10.0,3.18,39.7,24.3,73.2,58.7,-14.5,declining,C,0
f70eefbd-5677-471f-af3e-2470cb0ba067,1,Biology,300,52.1,18.3,2.56,38.2,37.6,,76.3,0.0,stable,A,0
f70eefbd-5677-471f-af3e-2470cb0ba067,2,Biology,300,98.1,22.0,4.65,40.0,60.0,76.3,100.0,23.7,improving,A,0
af9abdff-80fd-4ca9-a968-c0f537886e27,1,Political Science,100,86.7,9.2,2.35,32.3,34.6,,65.6,0.0,stable,B,0
af9abdff-80fd-4ca9-a968-c0f537886e27,2,Political Science,100,85.4,16.8,3.07,39.5,31.7,65.6,70.6,5.1,improving,A,0
b5cba034-b17e-4e1a-8816-ae102713a92b,1,Mechanical Engineering,200,64.2,2.7,2.93,27.2,47.9,,77.0,0.0,stable,A,0
b5cba034-b17e-4e1a-8816-ae102713a92b,2,Mechanical Engineering,200,59.6,21.3,3.98,29.8,45.9,77.0,72.8,-4.2,stable,A,0
3f25bbc1-c73f-49e3-8d92-933cc6390318,1,Mechanical Engineering,400,69.4,17.4,4.51,36.6,41.6,,74.8,0.0,stable,A,0
3f25bbc1-c73f-49e3-8d92-933cc6390318,2,Mechanical Engineering,400,77.1,3.2,3.26,29.7,29.1,74.8,54.0,-20.8,declining,C,0
231bec82-c71c-4214-a358-6f1a258f5c22,1,Electrical Engineering,400,82.7,9.3,2.06,17.2,35.5,,58.0,0.0,stable,C,0
231bec82-c71c-4214-a358-6f1a258f5c22,2,Electrical Engineering,400,99.9,9.7,2.52,37.3,27.0,58.0,65.2,7.2,improving,B,0
103ea9e8-7afe-4206-afa7-8e7fd0271ab6,1,Electrical Engineering,300,86.5,18.1,2.92,31.3,35.0,,63.8,0.0,stable,B,0
103ea9e8-7afe-4206-afa7-8e7fd0271ab6,2,Electrical Engineering,300,71.6,13.8,3.73,25.3,57.3,63.8,81.8,18.0,improving,A,0
5527e9f1-1cb9-447d-8acd-5b96664b42db,1,Architecture,200,74.7,8.3,1.06,34.4,40.4,,73.9,0.0,stable,A,0
5527e9f1-1cb9-447d-8acd-5b96664b42db,2,Architecture,200,76.0,14.6,1.75,27.6,46.9,73.9,70.6,-3.3,stable,A,0
7841bc4a-c8a4-434e-b8fc-249a0018b557,1,Accounting,100,79.4,5.2,3.37,30.7,19.3,,53.5,0.0,stable,C,0
7841bc4a-c8a4-434e-b8fc-249a0018b557,2,Accounting,100,64.0,7.9,3.16,33.5,26.8,53.5,60.6,7.0,improving,B,0
5742f25a-c8c3-4303-bc2b-feae81c5aaff,1,Architecture,500,81.4,15.5,3.14,29.5,34.1,,63.8,0.0,stable,B,0
5742f25a-c8c3-4303-bc2b-feae81c5aaff,2,Architecture,500,58.9,0.0,3.35,31.3,8.1,63.8,36.3,-27.4,declining,F,1
4598743c-488a-4ff1-9398-458b230f2c1e,1,Computer Engineering,100,84.3,22.3,3.02,28.2,45.1,,77.5,0.0,stable,A,0
4598743c-488a-4ff1-9398-458b230f2c1e,2,Computer Engineering,100,65.3,8.0,2.61,23.3,37.2,77.5,65.3,-12.1,declining,B,0
922656b1-811d-4dae-a9e0-466405c3db0f,1,Sociology,100,79.8,10.7,2.77,23.2,47.0,,70.0,0.0,stable,B,0
922656b1-811d-4dae-a9e0-466405c3db0f,2,Sociology,100,72.3,28.0,3.24,25.7,47.2,70.0,76.3,6.4,improving,A,0
a5241b30-e0db-49a1-9ffc-19e448a08187,1,Computer Engineering,200,76.7,4.8,3.74,27.0,54.6,,84.9,0.0,stable,A,0
a5241b30-e0db-49a1-9ffc-19e448a08187,2,Computer Engineering,200,68.3,18.4,3.05,32.9,49.1,84.9,79.5,-5.4,declining,A,0
82bbf609-5eec-4d5c-ae46-f679e966a3b2,1,Electrical Engineering,400,65.3,17.1,2.73,26.1,33.2,,60.5,0.0,stable,B,0
82bbf609-5eec-4d5c-ae46-f679e966a3b2,2,Electrical Engineering,400,100.0,6.7,3.02,40.0,35.0,60.5,76.4,15.9,improving,A,0
a5fb9340-9b63-4dc0-97d9-3404754b9ab2,1,Architecture,400,59.1,14.1,2.85,31.7,52.7,,92.2,0.0,stable,A,0
a5fb9340-9b63-4dc0-97d9-3404754b9ab2,2,Architecture,400,83.7,13.6,3.16,30.0,44.4,92.2,73.5,-18.7,declining,A,0
0b64b19b-e9ec-483c-b940-06d1d7d82ed6,1,Mechanical Engineering,400,77.5,18.6,2.19,36.2,55.8,,91.7,0.0,stable,A,0
0b64b19b-e9ec-483c-b940-06d1d7d82ed6,2,Mechanical Engineering,400,43.2,9.0,4.04,23.5,29.5,91.7,51.5,-40.2,declining,C,1
e31e464f-e15a-49a5-9b26-4924c670e08f,1,Biochemistry,100,87.6,14.7,2.81,30.7,37.2,,65.1,0.0,stable,B,0
e31e464f-e15a-49a5-9b26-4924c670e08f,2,Biochemistry,100,99.2,10.4,3.97,40.0,50.4,65.1,89.1,23.9,improving,A,0
0eb1c173-dec6-41fb-bb66-998aa58f61d5,1,Electrical Engineering,400,81.1,11.9,2.28,32.8,26.2,,62.6,0.0,stable,B,0
0eb1c173-dec6-41fb-bb66-998aa58f61d5,2,Electrical Engineering,400,68.0,13.0,3.23,27.3,46.6,62.6,72.5,9.9,improving,A,0
343e7f3f-aa58-471c-8db4-f05b82e6045c,1,Computer Science,400,88.1,5.3,3.1,40.0,25.0,,62.9,0.0,stable,B,0
343e7f3f-aa58-471c-8db4-f05b82e6045c,2,Computer Science,400,82.7,12.9,3.28,34.0,47.1,62.9,84.4,21.5,improving,A,0
dec8589a-7e81-4cc8-b61f-747e5d785893,1,Business Administration,400,81.1,10.8,3.54,40.0,38.5,,75.5,0.0,stable,A,0
dec8589a-7e81-4cc8-b61f-747e5d785893,2,Business Administration,400,91.6,11.4,1.26,37.6,30.3,75.5,67.6,-7.9,declining,B,0
7f771290-ec35-49ef-87d2-b77c7617be61,1,Business Administration,400,80.0,13.0,3.57,28.8,46.5,,74.6,0.0,stable,A,0
7f771290-ec35-49ef-87d2-b77c7617be61,2,Business Administration,400,86.1,15.1,2.25,37.6,34.9,74.6,75.0,0.4,stable,A,0
65b1215c-3e7c-44e7-80c5-ef33d5574d85,1,Biology,400,80.5,21.2,2.82,29.4,45.6,,74.0,0.0,stable,A,0
65b1215c-3e7c-44e7-80c5-ef33d5574d85,2,Biology,400,87.0,3.9,2.16,27.1,41.6,74.0,73.8,-0.2,stable,A,0
9a3f8aa9-9431-4bf3-91f1-ed51b851fcaf,1,Electrical Engineering,200,73.4,11.2,3.06,35.5,29.8,,66.0,0.0,stable,B,0
9a3f8aa9-9431-4bf3-91f1-ed51b851fcaf,2,Electrical Engineering,200,89.6,14.5,3.15,37.9,14.6,66.0,54.6,-11.4,declining,C,0
92170fc1-c7cf-470e-b2c4-e4c64c381e48,1,Business Administration,200,65.2,2.8,3.41,34.9,32.5,,70.2,0.0,stable,A,0
92170fc1-c7cf-470e-b2c4-e4c64c381e48,2,Business Administration,200,99.2,18.6,4.31,38.5,47.6,70.2,81.4,11.1,improving,A,0
0988e139-fb56-4dfa-9cb4-596eff753e20,1,Computer Science,100,71.3,7.8,4.74,28.4,41.3,,71.3,0.0,stable,A,0
0988e139-fb56-4dfa-9cb4-596eff753e20,2,Computer Science,100,75.7,20.5,2.5,31.1,37.2,71.3,64.3,-7.0,declining,B,0
63f5dc61-90e2-4174-8601-dd3a3b915274,1,Biology,300,65.8,11.8,2.66,24.7,24.7,,49.1,0.0,stable,D,0
63f5dc61-90e2-4174-8601-dd3a3b915274,2,Biology,300,52.4,15.8,3.07,18.2,39.3,49.1,55.3,6.1,improving,C,0
9117f381-b77b-49e5-9bc8-a561a4d19ef5,1,Computer Science,100,79.8,18.7,1.5,31.5,39.8,,73.3,0.0,stable,A,0
9117f381-b77b-49e5-9bc8-a561a4d19ef5,2,Computer Science,100,78.2,8.2,2.74,26.7,47.1,73.3,73.9,0.6,stable,A,0
68850e79-675b-474b-ba70-e627067c46fd,1,Psychology,400,100.0,11.7,2.43,27.4,20.2,,42.9,0.0,stable,F,1
68850e79-675b-474b-ba70-e627067c46fd,2,Psychology,400,79.0,14.5,1.74,35.3,34.0,42.9,69.7,26.9,improving,B,0
a3d94ec3-ec04-4dcb-91b1-300249cba57d,1,Economics,200,99.2,16.5,2.79,30.4,20.8,,49.0,0.0,stable,D,0
a3d94ec3-ec04-4dcb-91b1-300249cba57d,2,Economics,200,71.8,7.1,2.89,29.8,33.6,49.0,61.4,12.3,improving,B,0
12a6e2e8-0b1b-4045-9314-c43d7df99896,1,Computer Science,100,77.5,14.2,2.13,37.6,38.4,,76.0,0.0,stable,A,0
12a6e2e8-0b1b-4045-9314-c43d7df99896,2,Computer Science,100,85.6,13.2,3.76,33.6,35.8,76.0,70.4,-5.6,declining,A,0
9efa10cf-d1bf-4903-bc0b-89bc61c0d76c,1,Accounting,200,57.8,12.5,2.97,25.5,38.6,,58.5,0.0,stable,C,0
9efa10cf-d1bf-4903-bc0b-89bc61c0d76c,2,Accounting,200,66.8,12.5,3.13,23.2,52.8,58.5,73.4,14.9,improving,A,0
f31a980d-e4eb-4ff2-b144-e8cfa96c6809,1,Computer Engineering,100,89.5,14.1,2.48,40.0,28.1,,70.9,0.0,stable,A,0
f31a980d-e4eb-4ff2-b144-e8cfa96c6809,2,Computer Engineering,100,90.0,8.6,4.11,31.8,42.3,70.9,74.8,3.9,stable,A,0
67aeb521-a189-4515-8b52-fec62f23350a,1,Sociology,200,73.0,16.1,3.63,20.9,56.8,,72.6,0.0,stable,A,0
67aeb521-a189-4515-8b52-fec62f23350a,2,Sociology,200,90.5,17.6,2.13,31.0,30.8,72.6,61.2,-11.5,declining,B,0
17d04a46-6cca-49d8-a5d2-826cc669f619,1,Law,100,70.4,15.9,4.05,36.1,38.8,,74.3,0.0,stable,A,0
17d04a46-6cca-49d8-a5d2-826cc669f619,2,Law,100,49.7,8.0,3.77,33.0,25.9,74.3,57.1,-17.1,declining,C,1
7ee52182-7078-4ac1-a4b8-c51188ed5ace,1,Biochemistry,200,74.6,13.4,2.35,32.0,34.5,,66.5,0.0,stable,B,0
7ee52182-7078-4ac1-a4b8-c51188ed5ace,2,Biochemistry,200,83.2,12.0,2.65,31.1,38.0,66.5,68.0,1.5,stable,B,0
0c8a0b8a-85ea-47f2-b4a2-920676840bca,1,Psychology,100,71.1,20.0,3.45,27.7,53.1,,79.9,0.0,stable,A,0
0c8a0b8a-85ea-47f2-b4a2-920676840bca,2,Psychology,100,92.6,13.8,2.91,35.8,25.0,79.9,57.4,-22.5,declining,C,0
17581156-3114-4ac9-9ed3-7a0762e9a123,1,Psychology,100,57.1,12.7,4.39,37.6,49.2,,88.3,0.0,stable,A,0
17581156-3114-4ac9-9ed3-7a0762e9a123,2,Psychology,100,48.0,9.3,2.37,21.5,34.7,88.3,54.8,-33.5,declining,C,1
c1451659-e4d5-4ad8-bb94-a3baa5b022cc,1,Law,500,45.3,15.7,2.14,25.3,60.0,,82.5,0.0,stable,A,1
c1451659-e4d5-4ad8-bb94-a3baa5b022cc,2,Law,500,37.0,10.6,3.88,32.2,28.0,82.5,61.7,-20.8,declining,B,1
ef1a1e88-d4cd-495f-8c42-e407b6caef46,1,Psychology,300,68.0,11.5,5.0,21.1,45.7,,68.2,0.0,stable,B,0
ef1a1e88-d4cd-495f-8c42-e407b6caef46,2,Psychology,300,91.3,12.5,3.25,31.3,43.1,68.2,73.4,5.2,improving,A,0
3bbba56f-1cbe-498c-b13b-4dcd69f64192,1,Biochemistry,300,84.3,10.2,3.3,31.7,50.1,,81.7,0.0,stable,A,0
3bbba56f-1cbe-498c-b13b-4dcd69f64192,2,Biochemistry,300,48.4,18.3,2.28,21.4,36.7,81.7,62.2,-19.5,declining,B,1
37cdda48-d24b-4442-8ae4-d1826a8b6cfe,1,Mechanical Engineering,300,43.0,27.7,3.84,24.7,51.9,,77.5,0.0,stable,A,1
37cdda48-d24b-4442-8ae4-d1826a8b6cfe,2,Mechanical Engineering,300,82.8,15.2,3.44,32.0,40.8,77.5,72.3,-5.1,declining,A,0
3f4bb27c-21e6-4f6b-a919-6129e01d5034,1,Mechanical Engineering,300,72.1,17.7,3.47,14.7,51.1,,66.4,0.0,stable,B,0
3f4bb27c-21e6-4f6b-a919-6129e01d5034,2,Mechanical Engineering,300,74.7,10.1,3.9,34.7,32.3,66.4,68.2,1.7,stable,B,0
7badf65d-03a2-4083-9d4f-7ba21f6b7917,1,Law,200,60.4,5.1,2.5,31.4,43.2,,76.1,0.0,stable,A,0
7badf65d-03a2-4083-9d4f-7ba21f6b7917,2,Law,200,85.9,14.6,2.49,34.3,48.4,76.1,85.0,8.9,improving,A,0
452ed741-e01f-44f7-b31c-749c79526d25,1,Sociology,300,92.8,15.5,3.28,38.9,42.4,,78.7,0.0,stable,A,0
452ed741-e01f-44f7-b31c-749c79526d25,2,Sociology,300,72.6,8.3,2.46,28.8,27.9,78.7,55.8,-22.9,declining,C,0
eec18422-f1ea-4227-a20e-d8654ff1fd2b,1,Architecture,300,46.6,13.1,3.0,20.2,46.9,,70.0,0.0,stable,B,1
eec18422-f1ea-4227-a20e-d8654ff1fd2b,2,Architecture,300,50.9,8.2,2.38,20.5,43.9,70.0,63.8,-6.2,declining,B,0
a1b5874b-b442-449e-80e7-94bea39e2757,1,Biochemistry,100,71.0,2.0,3.51,23.0,34.0,,57.9,0.0,stable,C,0
a1b5874b-b442-449e-80e7-94bea39e2757,2,Biochemistry,100,95.4,5.5,0.58,35.0,48.1,57.9,86.8,28.9,improving,A,0
48a3044a-b0f6-40ee-a4a7-d00b4bae5ef5,1,Computer Science,400,78.1,9.5,3.65,25.8,43.9,,71.1,0.0,stable,A,0
48a3044a-b0f6-40ee-a4a7-d00b4bae5ef5,2,Computer Science,400,90.9,25.8,3.31,30.6,49.8,71.1,75.1,4.0,stable,A,0
8e240078-643d-4eb1-b8fa-9e6186accb66,1,Psychology,100,64.6,10.0,2.58,28.7,29.0,,61.1,0.0,stable,B,0
8e240078-643d-4eb1-b8fa-9e6186accb66,2,Psychology,100,75.0,12.0,2.74,30.8,47.3,61.1,75.4,14.4,improving,A,0
272b2169-9721-44a9-bacd-aae3f04049f8,1,Computer Engineering,200,65.1,10.5,1.92,23.9,31.6,,58.1,0.0,stable,C,0
272b2169-9721-44a9-bacd-aae3f04049f8,2,Computer Engineering,200,78.9,13.0,3.68,30.1,45.5,58.1,75.3,17.2,improving,A,0
1892099b-7370-462a-9ef9-637c348eca62,1,Economics,300,79.0,9.1,1.05,30.1,47.8,,80.7,0.0,stable,A,0
1892099b-7370-462a-9ef9-637c348eca62,2,Economics,300,89.5,18.2,3.07,33.9,38.0,80.7,70.9,-9.8,declining,A,0
1233f942-9bb4-4013-9ad9-c2af9a0bbe2c,1,Electrical Engineering,300,84.2,18.0,2.89,29.6,43.7,,75.1,0.0,stable,A,0
1233f942-9bb4-4013-9ad9-c2af9a0bbe2c,2,Electrical Engineering,300,53.3,0.5,2.56,19.6,25.4,75.1,44.5,-30.5,declining,F,1
09e9cf7c-1f5c-4cca-9c7c-b75c86112341,1,Biochemistry,100,68.2,19.3,3.26,30.1,51.5,,78.2,0.0,stable,A,0
09e9cf7c-1f5c-4cca-9c7c-b75c86112341,2,Biochemistry,100,90.6,11.6,3.54,27.8,24.8,78.2,55.0,-23.2,declining,C,0
d096e368-2c81-407e-9c7d-bc164eae4cc0,1,Biochemistry,200,80.6,7.5,2.3,36.8,23.1,,64.7,0.0,stable,B,0
d096e368-2c81-407e-9c7d-bc164eae4cc0,2,Biochemistry,200,61.5,15.2,2.74,30.3,35.9,64.7,65.7,1.0,stable,B,0
fd006134-7802-45d6-a71c-5e031061388d,1,Medicine,300,75.6,7.0,3.59,27.6,34.9,,59.5,0.0,stable,C,0
fd006134-7802-45d6-a71c-5e031061388d,2,Medicine,300,36.6,11.0,4.93,26.2,42.6,59.5,68.0,8.5,improving,B,1
ae946259-99f2-4c45-b835-5edf5d7965e3,1,Electrical Engineering,400,75.3,14.7,2.06,35.6,46.8,,84.6,0.0,stable,A,0
ae946259-99f2-4c45-b835-5edf5d7965e3,2,Electrical Engineering,400,81.6,12.1,3.54,34.3,37.2,84.6,69.7,-14.9,declining,B,0
4d6978c4-5d6a-47c6-9463-7f3291e1495e,1,Accounting,300,76.5,19.7,2.01,23.0,44.8,,67.9,0.0,stable,B,0
4d6978c4-5d6a-47c6-9463-7f3291e1495e,2,Accounting,300,77.6,13.2,2.82,38.0,24.1,67.9,59.6,-8.3,declining,C,0
baa1c2f9-20bc-481a-92fc-3ee7b636349b,1,Psychology,100,73.5,3.8,2.86,38.0,33.6,,72.3,0.0,stable,A,0
baa1c2f9-20bc-481a-92fc-3ee7b636349b,2,Psychology,100,56.1,8.9,2.7,24.6,49.6,72.3,75.9,3.6,stable,A,0
732639c4-bf4b-4bda-b57a-14634009da5c,1,Sociology,300,58.3,13.2,3.4,32.4,57.1,,86.4,0.0,stable,A,0
732639c4-bf4b-4bda-b57a-14634009da5c,2,Sociology,300,62.8,5.7,2.81,29.9,44.6,86.4,74.3,-12.1,declining,A,0
0f8d9063-a76f-46bb-98c0-6a05d11fa798,1,Biochemistry,100,70.2,12.8,2.33,39.5,22.7,,62.7,0.0,stable,B,0
0f8d9063-a76f-46bb-98c0-6a05d11fa798,2,Biochemistry,100,100.0,12.0,2.85,33.2,37.5,62.7,74.8,12.1,improving,A,0
5e348acb-3fa3-492a-adf5-84c83f9f3564,1,Biochemistry,200,41.8,19.7,1.86,22.0,38.5,,62.3,0.0,stable,B,1
5e348acb-3fa3-492a-adf5-84c83f9f3564,2,Biochemistry,200,51.0,14.3,4.62,18.4,46.4,62.3,62.8,0.5,stable,B,0
c027b541-779b-4df5-bf7c-ac970be8ffbd,1,Business Administration,100,81.4,12.1,2.49,33.7,56.7,,89.8,0.0,stable,A,0
c027b541-779b-4df5-bf7c-ac970be8ffbd,2,Business Administration,100,85.8,5.5,2.23,34.5,48.3,89.8,83.9,-5.9,declining,A,0
182dba9d-958f-4232-abfb-6b713a959244,1,Biochemistry,100,70.3,12.0,2.0,32.1,46.4,,77.1,0.0,stable,A,0
182dba9d-958f-4232-abfb-6b713a959244,2,Biochemistry,100,67.9,13.3,2.65,28.3,60.0,77.1,87.5,10.4,improving,A,0
9ee3478b-56f0-4241-bcd6-680121f7df09,1,Biology,200,69.6,8.8,3.6,28.0,32.0,,63.9,0.0,stable,B,0
9ee3478b-56f0-4241-bcd6-680121f7df09,2,Biology,200,96.3,9.0,1.51,39.3,27.6,63.9,69.3,5.3,improving,B,0
96d5bbab-a563-4072-8227-ced7cbbd4497,1,Business Administration,300,45.4,16.5,2.03,27.7,41.0,,65.8,0.0,stable,B,1
96d5bbab-a563-4072-8227-ced7cbbd4497,2,Business Administration,300,68.9,15.4,3.08,31.7,60.0,65.8,87.0,21.2,improving,A,0
1846636d-6059-4620-be4b-a00578c7f10e,1,Psychology,200,99.3,12.5,2.28,28.2,36.6,,67.6,0.0,stable,B,0
1846636d-6059-4620-be4b-a00578c7f10e,2,Psychology,200,73.1,19.6,1.84,29.6,30.1,67.6,60.8,-6.8,declining,B,0
9fd16575-bf87-419d-b03d-626174bc723a,1,Biology,300,88.3,9.9,0.92,33.7,38.3,,73.1,0.0,stable,A,0
9fd16575-bf87-419d-b03d-626174bc723a,2,Biology,300,93.5,6.6,3.54,39.7,19.0,73.1,59.7,-13.5,declining,C,0
d319d953-200f-4b0c-8567-6c907d55efb1,1,Mechanical Engineering,300,67.4,11.6,3.28,26.1,33.1,,59.2,0.0,stable,C,0
d319d953-200f-4b0c-8567-6c907d55efb1,2,Mechanical Engineering,300,58.7,6.6,3.54,21.0,43.4,59.2,65.8,6.6,improving,B,0
1dea7bc3-2003-430d-8e65-3f1611f65ce1,1,Economics,400,49.1,8.6,3.96,19.9,34.4,,55.7,0.0,stable,C,1
1dea7bc3-2003-430d-8e65-3f1611f65ce1,2,Economics,400,86.8,10.7,2.52,39.5,55.1,55.7,97.5,41.8,improving,A,0
cc284f61-771a-49fc-97ec-ac14d32afd57,1,Business Administration,100,76.3,8.0,2.34,32.9,39.5,,76.6,0.0,stable,A,0
cc284f61-771a-49fc-97ec-ac14d32afd57,2,Business Administration,100,84.8,4.5,3.84,27.0,32.0,76.6,59.8,-16.9,declining,C,0
5a9f0420-a4d5-46f7-98c8-2509999971ff,1,Computer Engineering,400,100.0,27.5,3.49,34.1,57.0,,93.7,0.0,stable,A,0
5a9f0420-a4d5-46f7-98c8-2509999971ff,2,Computer Engineering,400,70.2,21.0,3.18,31.5,53.0,93.7,85.8,-7.9,declining,A,0
932222da-8716-4fdf-8a3c-828e1e3b12f9,1,Accounting,300,87.6,8.9,2.55,27.0,40.9,,70.2,0.0,stable,A,0
932222da-8716-4fdf-8a3c-828e1e3b12f9,2,Accounting,300,81.9,20.4,3.0,34.7,34.6,70.2,68.2,-2.0,stable,B,0
29de36ea-caa4-489b-9995-2f162e788b5f,1,Computer Science,100,85.4,16.2,2.76,31.7,27.0,,57.6,0.0,stable,C,0
29de36ea-caa4-489b-9995-2f162e788b5f,2,Computer Science,100,88.4,14.9,3.4,32.9,42.5,57.6,73.4,15.8,improving,A,0
60ba36f9-dcd3-42c9-a271-94e286e6c948,1,Medicine,200,85.5,14.1,3.39,29.5,20.3,,53.1,0.0,stable,C,0
60ba36f9-dcd3-42c9-a271-94e286e6c948,2,Medicine,200,67.8,7.7,3.55,26.6,48.2,53.1,76.7,23.6,improving,A,0
1801d033-a157-4bf3-99ad-14ae2d53c242,1,Sociology,300,85.3,5.2,3.97,33.4,32.9,,66.7,0.0,stable,B,0
1801d033-a157-4bf3-99ad-14ae2d53c242,2,Sociology,300,48.4,14.0,2.18,17.9,24.2,66.7,45.4,-21.3,declining,D,1
03c5750d-cf55-4662-97a6-d1ac37458444,1,Electrical Engineering,400,65.6,19.7,2.57,19.6,33.0,,56.3,0.0,stable,C,0
03c5750d-cf55-4662-97a6-d1ac37458444,2,Electrical Engineering,400,72.7,9.3,3.13,32.0,49.0,56.3,85.4,29.1,improving,A,0
d3a179b8-33c6-4f77-8422-6e76d81eecd1,1,Economics,400,69.6,5.4,2.67,30.2,24.5,,51.9,0.0,stable,C,0
d3a179b8-33c6-4f77-8422-6e76d81eecd1,2,Economics,400,80.2,11.8,3.03,27.2,37.1,51.9,61.6,9.7,improving,B,0
86c89e45-1f0d-47c3-8a81-8bf486182837,1,Economics,100,88.4,17.2,1.52,28.0,25.3,,51.4,0.0,stable,C,0
86c89e45-1f0d-47c3-8a81-8bf486182837,2,Economics,100,73.7,4.8,2.26,24.7,35.0,51.4,59.9,8.5,improving,C,0
613816e4-2029-4c96-98fe-1d11ea5689a5,1,Computer Engineering,100,64.2,12.9,2.56,26.5,56.1,,86.6,0.0,stable,A,0
613816e4-2029-4c96-98fe-1d11ea5689a5,2,Computer Engineering,100,55.5,16.1,3.65,20.4,52.0,86.6,77.0,-9.6,declining,A,0
3d792747-8f8c-431a-8da1-af39e6e9b3e1,1,Biochemistry,200,58.2,7.4,3.81,28.0,43.4,,72.4,0.0,stable,A,0
3d792747-8f8c-431a-8da1-af39e6e9b3e1,2,Biochemistry,200,80.9,5.4,3.84,37.0,34.2,72.4,71.1,-1.3,stable,A,0
3cd02b37-be55-49b3-886d-e2d1e32603ca,1,Economics,100,52.0,14.6,3.46,25.1,53.6,,77.7,0.0,stable,A,0
3cd02b37-be55-49b3-886d-e2d1e32603ca,2,Economics,100,83.5,6.9,2.98,30.8,38.1,77.7,67.9,-9.8,declining,B,0
9075bfe0-4d16-4f92-907e-7a15beb02646,1,Accounting,300,73.0,16.1,2.65,21.6,59.3,,85.0,0.0,stable,A,0
9075bfe0-4d16-4f92-907e-7a15beb02646,2,Accounting,300,55.6,15.4,2.6,27.4,44.2,85.0,70.9,-14.1,declining,A,0
87046070-2052-4625-b5c8-13432f3939e1,1,Psychology,200,63.2,8.5,2.27,23.5,35.0,,56.3,0.0,stable,C,0
87046070-2052-4625-b5c8-13432f3939e1,2,Psychology,200,85.2,19.4,2.54,33.2,49.0,56.3,83.6,27.3,improving,A,0
e816ac59-23b2-4e2c-ba67-852728ec90c6,1,Law,200,76.1,15.7,3.39,24.0,51.7,,78.4,0.0,stable,A,0
e816ac59-23b2-4e2c-ba67-852728ec90c6,2,Law,200,63.6,12.2,3.55,26.7,51.5,78.4,85.3,6.9,improving,A,0
c8a12466-4268-4165-ba60-b0bc1b9ad2c3,1,Computer Science,300,63.2,5.1,3.24,31.2,32.8,,68.4,0.0,stable,B,0
c8a12466-4268-4165-ba60-b0bc1b9ad2c3,2,Computer Science,300,54.9,15.5,2.52,34.6,60.0,68.4,92.3,23.9,improving,A,0
7a0939fa-f216-44e7-b813-9f867a594e77,1,Medicine,100,66.8,16.3,2.69,28.1,42.3,,64.6,0.0,stable,B,0
7a0939fa-f216-44e7-b813-9f867a594e77,2,Medicine,100,74.8,8.6,2.61,37.2,23.8,64.6,63.4,-1.3,stable,B,0
24d10dba-2ff5-48c6-81d5-8bf3e485a7fc,1,Biochemistry,300,70.8,10.6,3.63,30.9,45.5,,79.3,0.0,stable,A,0
24d10dba-2ff5-48c6-81d5-8bf3e485a7fc,2,Biochemistry,300,70.0,8.9,2.13,24.9,60.0,79.3,88.6,9.3,improving,A,0
0e6f240e-96df-4af1-80b4-3298f93e7131,1,Mechanical Engineering,200,54.7,5.4,3.39,28.7,41.1,,69.0,0.0,stable,B,0
0e6f240e-96df-4af1-80b4-3298f93e7131,2,Mechanical Engineering,200,73.1,13.6,3.07,18.5,38.6,69.0,54.6,-14.5,declining,C,0
08b4a7a1-2d3e-4059-8f79-cc811d4f4c24,1,Sociology,100,77.6,26.9,3.29,29.0,60.0,,90.4,0.0,stable,A,0
08b4a7a1-2d3e-4059-8f79-cc811d4f4c24,2,Sociology,100,81.3,15.0,4.65,25.6,49.8,90.4,72.6,-17.8,declining,A,0
ad702749-6c1e-4640-af1a-a00883cd6023,1,Medicine,500,83.3,7.4,2.67,30.2,45.4,,78.3,0.0,stable,A,0
ad702749-6c1e-4640-af1a-a00883cd6023,2,Medicine,500,56.3,12.3,2.43,20.0,36.5,78.3,55.5,-22.8,declining,C,0
e9640288-fc05-4e20-9866-a7fef674293e,1,Biochemistry,400,100.0,14.2,1.9,32.2,49.1,,87.6,0.0,stable,A,0
e9640288-fc05-4e20-9866-a7fef674293e,2,Biochemistry,400,51.2,2.6,4.5,27.2,27.2,87.6,56.0,-31.6,declining,C,0
1969f3ec-edbd-4ae1-9613-fbae7fdd8422,1,Psychology,200,35.5,12.0,3.26,26.7,30.0,,56.9,0.0,stable,C,1
1969f3ec-edbd-4ae1-9613-fbae7fdd8422,2,Psychology,200,61.1,13.3,2.28,25.2,29.1,56.9,56.2,-0.7,stable,C,0
cfdfa84f-2009-4e97-8687-a4e24691e649,1,Biochemistry,200,87.9,10.8,3.03,25.3,35.8,,61.0,0.0,stable,B,0
cfdfa84f-2009-4e97-8687-a4e24691e649,2,Biochemistry,200,100.0,6.4,4.17,40.0,40.7,61.0,86.0,25.0,improving,A,0
e34162b3-d283-4015-8f68-ddf01d12da17,1,Accounting,200,80.6,13.9,2.96,37.2,51.8,,87.2,0.0,stable,A,0
e34162b3-d283-4015-8f68-ddf01d12da17,2,Accounting,200,55.2,11.0,2.36,25.7,49.9,87.2,74.3,-12.9,declining,A,0
cd55336d-11c8-4003-8136-c9087666acac,1,Political Science,200,74.4,12.3,3.68,18.6,35.1,,54.3,0.0,stable,C,0
cd55336d-11c8-4003-8136-c9087666acac,2,Political Science,200,93.0,9.5,1.5,36.7,28.5,54.3,61.6,7.2,improving,B,0
cdb56ef1-aff3-474e-930c-20bf396a5f2a,1,Biochemistry,400,65.6,11.1,2.52,17.1,46.9,,67.8,0.0,stable,B,0
cdb56ef1-aff3-474e-930c-20bf396a5f2a,2,Biochemistry,400,84.8,6.3,2.84,31.9,41.2,67.8,75.1,7.3,improving,A,0
fe6e877c-b108-44e0-9cdd-0c836bae7517,1,Computer Science,200,64.0,12.4,3.37,35.1,47.6,,85.1,0.0,stable,A,0
fe6e877c-b108-44e0-9cdd-0c836bae7517,2,Computer Science,200,76.3,19.1,3.33,25.9,59.3,85.1,87.3,2.3,stable,A,0
5e3b2a4e-68be-42d8-b488-c232b63b9287,1,Biology,300,68.4,9.6,3.24,31.0,40.3,,72.2,0.0,stable,A,0
5e3b2a4e-68be-42d8-b488-c232b63b9287,2,Biology,300,100.0,17.4,3.15,39.7,33.4,72.2,74.3,2.1,stable,A,0
b8ed362a-c5cf-4a55-b3b1-d7615873b280,1,Political Science,400,100.0,10.9,2.32,31.7,26.5,,55.9,0.0,stable,C,0
b8ed362a-c5cf-4a55-b3b1-d7615873b280,2,Political Science,400,69.4,5.0,3.01,33.4,25.5,55.9,63.5,7.5,improving,B,0
4e8df48a-6d5a-43bf-ad5d-65871e92c779,1,Political Science,200,82.7,17.2,2.47,35.8,31.3,,69.8,0.0,stable,B,0
4e8df48a-6d5a-43bf-ad5d-65871e92c779,2,Political Science,200,77.6,14.8,2.06,26.0,45.6,69.8,68.8,-0.9,stable,B,0
62a9b726-7e01-4722-b0a9-3a22d10de6d0,1,Business Administration,200,81.9,5.2,3.68,25.2,41.6,,68.7,0.0,stable,B,0
62a9b726-7e01-4722-b0a9-3a22d10de6d0,2,Business Administration,200,64.5,14.9,3.21,25.2,32.0,68.7,51.3,-17.4,declining,C,0
05fff25b-954c-4b36-92fd-0e19b5c23d84,1,Political Science,100,80.2,4.2,3.08,29.7,40.9,,69.8,0.0,stable,B,0
05fff25b-954c-4b36-92fd-0e19b5c23d84,2,Political Science,100,70.1,15.7,3.27,30.6,47.4,69.8,73.4,3.6,stable,A,0
de1b19b3-a80c-44ae-b4b7-b223fe0d4ee0,1,Law,100,86.4,15.1,2.19,31.0,39.7,,70.4,0.0,stable,A,0
de1b19b3-a80c-44ae-b4b7-b223fe0d4ee0,2,Law,100,80.0,19.2,3.87,24.4,52.6,70.4,81.1,10.7,improving,A,0
04933a64-0a51-48c6-9ec1-ca9580bf2bf7,1,Accounting,400,80.8,17.5,4.61,36.3,49.2,,88.6,0.0,stable,A,0
04933a64-0a51-48c6-9ec1-ca9580bf2bf7,2,Accounting,400,77.2,12.1,2.72,38.3,30.9,88.6,73.8,-14.8,declining,A,0
334525c9-3751-495e-b0c9-bc992be1c230,1,Mechanical Engineering,200,82.5,5.0,3.29,21.0,41.4,,65.1,0.0,stable,B,0
334525c9-3751-495e-b0c9-bc992be1c230,2,Mechanical Engineering,200,66.1,12.6,4.56,25.7,32.6,65.1,62.7,-2.4,stable,B,0
1705bbb7-7c13-49a1-957c-0749c28295c4,1,Accounting,400,100.0,12.0,3.81,40.0,33.8,,72.3,0.0,stable,A,0
1705bbb7-7c13-49a1-957c-0749c28295c4,2,Accounting,400,93.5,20.4,3.45,29.3,60.0,72.3,87.7,15.4,improving,A,0
c2dbb076-c3d8-465d-93c5-f617e604521f,1,Medicine,300,70.0,13.7,4.24,33.3,47.4,,82.1,0.0,stable,A,0
c2dbb076-c3d8-465d-93c5-f617e604521f,2,Medicine,300,75.7,14.8,0.98,28.6,39.9,82.1,65.1,-17.0,declining,B,0
e9b95a5e-18e1-47ee-b43e-5bd0d6d0a486,1,Accounting,200,80.8,11.0,4.4,39.0,37.0,,75.6,0.0,stable,A,0
e9b95a5e-18e1-47ee-b43e-5bd0d6d0a486,2,Accounting,200,73.9,9.7,3.16,26.0,27.0,75.6,54.8,-20.7,declining,C,0
45c3e953-de67-4d17-acad-984a4d14dea1,1,Mechanical Engineering,100,84.4,8.0,3.72,28.7,40.7,,71.9,0.0,stable,A,0
45c3e953-de67-4d17-acad-984a4d14dea1,2,Mechanical Engineering,100,74.5,14.3,2.59,28.9,38.3,71.9,65.0,-6.9,declining,B,0
660a4058-e77f-41bd-8931-652abbc57bcf,1,Sociology,200,72.3,4.3,2.61,28.0,30.7,,58.0,0.0,stable,C,0
660a4058-e77f-41bd-8931-652abbc57bcf,2,Sociology,200,74.1,14.4,3.7,26.6,30.7,58.0,54.1,-3.9,stable,C,0
b0c4471f-70b1-4e1e-9f32-3123b720f36d,1,Law,300,67.7,10.2,2.38,22.1,32.5,,55.1,0.0,stable,C,0
b0c4471f-70b1-4e1e-9f32-3123b720f36d,2,Law,300,83.9,9.2,2.67,27.2,36.6,55.1,61.2,6.1,improving,B,0
c9b6ea0e-a8a6-49d0-ac57-d2cde5f2dabe,1,Business Administration,100,83.6,3.1,2.71,33.2,34.5,,75.8,0.0,stable,A,0
c9b6ea0e-a8a6-49d0-ac57-d2cde5f2dabe,2,Business Administration,100,80.2,7.0,2.92,22.2,35.0,75.8,54.7,-21.1,declining,C,0
45d71180-a340-4b2c-b9f1-7874a3ac77a6,1,Political Science,300,88.7,9.3,2.91,29.6,54.8,,83.4,0.0,stable,A,0
45d71180-a340-4b2c-b9f1-7874a3ac77a6,2,Political Science,300,100.0,16.1,3.39,36.8,47.2,83.4,78.2,-5.2,declining,A,0
e1c4ba53-8652-4fae-a8fe-2ed4472dc685,1,Medicine,500,70.8,16.2,2.96,22.1,42.0,,69.2,0.0,stable,B,0
e1c4ba53-8652-4fae-a8fe-2ed4472dc685,2,Medicine,500,93.7,11.7,3.76,31.9,23.8,69.2,53.0,-16.3,declining,C,0
8e3647e4-9838-4631-b6c6-246c4fd4d944,1,Law,500,98.4,10.6,2.81,33.2,57.2,,95.3,0.0,stable,A,0
8e3647e4-9838-4631-b6c6-246c4fd4d944,2,Law,500,100.0,11.2,3.24,27.4,54.2,95.3,78.2,-17.2,declining,A,0
2150a9c0-1df5-4d83-9956-fc5406cb139a,1,Medicine,100,78.3,6.5,2.53,26.5,28.6,,53.5,0.0,stable,C,0
2150a9c0-1df5-4d83-9956-fc5406cb139a,2,Medicine,100,66.8,16.2,2.12,29.5,53.0,53.5,80.9,27.4,improving,A,0
ddf21cb6-9188-44ec-9320-1cab27f1e869,1,Computer Engineering,300,64.2,10.8,3.94,28.8,35.3,,65.6,0.0,stable,B,0
ddf21cb6-9188-44ec-9320-1cab27f1e869,2,Computer Engineering,300,58.5,15.4,3.33,25.2,34.3,65.6,56.8,-8.8,declining,C,0
979fdbf4-014f-4be2-902c-a771e42fcaf7,1,Electrical Engineering,300,83.0,18.1,2.49,33.9,22.1,,54.2,0.0,stable,C,0
979fdbf4-014f-4be2-902c-a771e42fcaf7,2,Electrical Engineering,300,74.5,7.5,2.25,26.6,37.7,54.2,63.8,9.5,improving,B,0
3cb952d4-93c9-4e8e-bc61-569b701863c4,1,Computer Science,100,41.4,1.4,2.51,25.6,3.6,,27.6,0.0,stable,F,1
3cb952d4-93c9-4e8e-bc61-569b701863c4,2,Computer Science,100,67.1,18.9,2.69,30.3,45.3,27.6,69.3,41.6,improving,B,0
ef96db84-4b98-44b1-a093-37b6d3868f51,1,Psychology,400,86.5,13.1,3.41,40.0,20.3,,65.5,0.0,stable,B,0
ef96db84-4b98-44b1-a093-37b6d3868f51,2,Psychology,400,70.7,13.4,2.96,27.0,34.8,65.5,62.8,-2.7,stable,B,0
11f326bf-4440-4647-8b97-86531813c328,1,Medicine,300,52.2,15.8,2.67,19.8,37.1,,60.7,0.0,stable,B,0
11f326bf-4440-4647-8b97-86531813c328,2,Medicine,300,67.0,13.8,2.42,32.2,46.5,60.7,84.3,23.6,improving,A,0
effbfaf8-4ab1-47fe-8f92-c4afd0f8b348,1,Law,500,72.4,15.3,3.08,36.0,34.9,,73.1,0.0,stable,A,0
effbfaf8-4ab1-47fe-8f92-c4afd0f8b348,2,Law,500,72.1,11.7,3.07,30.7,38.3,73.1,69.6,-3.5,stable,B,0
472c846a-cf37-4d91-b4b3-e65eb93dcb8b,1,Economics,100,98.7,16.9,3.7,32.5,35.6,,70.9,0.0,stable,A,0
472c846a-cf37-4d91-b4b3-e65eb93dcb8b,2,Economics,100,88.1,19.4,2.52,31.5,27.5,70.9,57.8,-13.1,declining,C,0
de6ccd32-af82-4d39-8dcb-875160327de3,1,Law,500,89.9,9.7,3.51,32.0,42.2,,70.8,0.0,stable,A,0
de6ccd32-af82-4d39-8dcb-875160327de3,2,Law,500,76.3,0.0,2.85,22.1,42.8,70.8,67.2,-3.6,stable,B,0
fabbdc30-ef9d-483f-b343-5f402b7d76b7,1,Mechanical Engineering,300,82.0,19.6,2.24,40.0,52.8,,92.1,0.0,stable,A,0
fabbdc30-ef9d-483f-b343-5f402b7d76b7,2,Mechanical Engineering,300,92.0,6.5,2.34,30.4,29.0,92.1,56.2,-35.9,declining,C,0
4881582c-e1a1-4dbd-8124-5eaa3ccdfb79,1,Computer Science,400,93.3,10.7,3.28,30.8,21.0,,52.6,0.0,stable,C,0
4881582c-e1a1-4dbd-8124-5eaa3ccdfb79,2,Computer Science,400,46.3,11.7,1.91,34.2,46.3,52.6,80.8,28.1,improving,A,1
f5051b91-ddfd-4779-a074-2f1c958e15ae,1,Computer Science,200,94.0,7.8,3.43,34.8,40.1,,78.7,0.0,stable,A,0
f5051b91-ddfd-4779-a074-2f1c958e15ae,2,Computer Science,200,86.0,13.4,1.68,27.4,36.7,78.7,64.4,-14.3,declining,B,0
40cd88cb-ff5b-4d81-bfbb-1ae758baf0d1,1,Medicine,400,58.0,24.1,4.21,29.6,51.3,,80.3,0.0,stable,A,0
40cd88cb-ff5b-4d81-bfbb-1ae758baf0d1,2,Medicine,400,60.7,12.4,3.21,20.9,43.6,80.3,64.1,-16.2,declining,B,0
6c163715-e61a-49f1-b501-691506fddfa4,1,Computer Engineering,300,46.4,7.7,2.67,33.7,41.4,,71.1,0.0,stable,A,1
6c163715-e61a-49f1-b501-691506fddfa4,2,Computer Engineering,300,82.3,4.3,3.87,29.1,34.8,71.1,67.9,-3.2,stable,B,0
f66d72ec-c481-400b-88d8-7e38f3a61019,1,Psychology,300,55.7,5.0,2.53,31.3,18.5,,41.3,0.0,stable,F,1
f66d72ec-c481-400b-88d8-7e38f3a61019,2,Psychology,300,68.2,14.8,3.96,26.3,39.3,41.3,69.1,27.9,improving,B,0
8c988f0b-ef97-4d2c-a035-f55f5234f680,1,Sociology,100,47.0,10.1,3.15,26.6,33.4,,60.1,0.0,stable,B,1
8c988f0b-ef97-4d2c-a035-f55f5234f680,2,Sociology,100,37.7,8.7,3.36,17.6,38.5,60.1,57.5,-2.6,stable,C,1
ba225197-553c-45c1-bca5-7a61bfcbe186,1,Biology,300,69.9,12.9,2.23,27.9,44.7,,73.2,0.0,stable,A,0
ba225197-553c-45c1-bca5-7a61bfcbe186,2,Biology,300,66.2,13.1,3.57,18.0,53.1,73.2,70.1,-3.1,stable,A,0
450508c0-2553-42e3-af18-bb48735b7452,1,Economics,300,81.4,18.0,1.9,27.7,38.8,,64.1,0.0,stable,B,0
450508c0-2553-42e3-af18-bb48735b7452,2,Economics,300,100.0,7.7,2.56,36.0,23.6,64.1,58.4,-5.7,declining,C,0
c7742a5c-f8b8-4912-9fc9-eb6823e91f22,1,Sociology,400,79.8,10.3,2.93,28.3,23.1,,52.4,0.0,stable,C,0
c7742a5c-f8b8-4912-9fc9-eb6823e91f22,2,Sociology,400,100.0,12.1,3.18,38.5,27.3,52.4,70.9,18.5,improving,A,0
52c70194-6f35-47cd-9e25-b4d09457fa0d,1,Medicine,400,78.0,20.2,2.41,39.7,52.0,,93.3,0.0,stable,A,0
52c70194-6f35-47cd-9e25-b4d09457fa0d,2,Medicine,400,78.5,10.8,3.96,31.4,20.9,93.3,49.0,-44.3,declining,D,0
5747e5bf-209b-4e48-8406-3f772e002a1d,1,Biology,300,72.2,13.5,2.95,35.5,21.1,,57.0,0.0,stable,C,0
5747e5bf-209b-4e48-8406-3f772e002a1d,2,Biology,300,47.7,15.8,2.92,26.6,33.5,57.0,64.0,6.9,improving,B,1
3763a427-c52b-4541-a6d2-3a8d865870f7,1,Economics,200,90.6,14.9,2.9,36.0,34.4,,73.0,0.0,stable,A,0
3763a427-c52b-4541-a6d2-3a8d865870f7,2,Economics,200,99.7,17.4,2.42,36.8,29.3,73.0,67.8,-5.2,declining,B,0
6a423720-73a2-4024-80cd-63e1481cf96a,1,Mechanical Engineering,400,81.8,2.7,2.07,29.9,28.0,,54.3,0.0,stable,C,0
6a423720-73a2-4024-80cd-63e1481cf96a,2,Mechanical Engineering,400,80.8,13.3,2.84,27.4,50.6,54.3,83.0,28.7,improving,A,0
2dc245f6-d6b4-4540-ab03-5189ca26e5ee,1,Sociology,400,67.7,8.9,3.39,26.8,36.8,,65.8,0.0,stable,B,0
2dc245f6-d6b4-4540-ab03-5189ca26e5ee,2,Sociology,400,46.4,18.6,3.06,22.2,43.5,65.8,65.6,-0.1,stable,B,1
6f1ad165-25a4-4246-9e4d-2d47b92bd39e,1,Sociology,200,49.0,19.5,3.03,27.0,54.5,,78.5,0.0,stable,A,1
6f1ad165-25a4-4246-9e4d-2d47b92bd39e,2,Sociology,200,82.1,10.7,3.68,20.8,39.0,78.5,58.0,-20.5,declining,C,0
09836423-7394-453f-91da-4ca60f4fcdd0,1,Psychology,300,81.5,14.4,2.43,27.7,39.0,,64.1,0.0,stable,B,0
09836423-7394-453f-91da-4ca60f4fcdd0,2,Psychology,300,87.6,10.2,0.67,30.7,23.2,64.1,49.0,-15.1,declining,D,0
aa4e4606-3770-48d4-a646-4f186eed477c,1,Law,500,56.4,12.5,4.06,27.9,36.0,,65.2,0.0,stable,B,0
aa4e4606-3770-48d4-a646-4f186eed477c,2,Law,500,68.1,8.5,2.08,19.9,31.3,65.2,51.7,-13.6,declining,C,0
ea97e071-be2d-4c7c-91fe-a4ce42a38f45,1,Accounting,100,73.6,9.9,2.24,32.8,23.4,,58.5,0.0,stable,C,0
ea97e071-be2d-4c7c-91fe-a4ce42a38f45,2,Accounting,100,60.0,8.2,1.83,24.5,44.3,58.5,70.3,11.8,improving,A,0
7316dfed-846f-4620-869d-be9ad6b0ae38,1,Business Administration,300,89.7,14.6,2.12,31.3,31.9,,67.1,0.0,stable,B,0
7316dfed-846f-4620-869d-be9ad6b0ae38,2,Business Administration,300,57.0,16.5,3.71,35.6,40.1,67.1,77.8,10.6,improving,A,0
37310a28-abc5-49cd-b7b3-db1a1f4f8001,1,Mechanical Engineering,400,100.0,8.9,1.77,25.6,42.0,,62.0,0.0,stable,B,0
37310a28-abc5-49cd-b7b3-db1a1f4f8001,2,Mechanical Engineering,400,69.4,14.2,3.15,31.0,43.7,62.0,78.5,16.5,improving,A,0
d9f4138c-e6a5-47fb-b293-38d2fe382501,1,Political Science,300,60.7,8.6,2.38,31.3,44.9,,77.6,0.0,stable,A,0
d9f4138c-e6a5-47fb-b293-38d2fe382501,2,Political Science,300,92.8,6.1,4.33,40.0,45.4,77.6,90.7,13.2,improving,A,0
8be27914-999f-4827-bb22-d78163210936,1,Architecture,400,50.2,9.4,2.41,28.6,26.0,,56.9,0.0,stable,C,0
8be27914-999f-4827-bb22-d78163210936,2,Architecture,400,95.6,15.5,3.23,29.2,34.0,56.9,67.0,10.0,improving,B,0
d49e253d-6adb-4cdf-a131-4145f9daa41f,1,Architecture,200,86.7,11.8,2.67,22.2,28.1,,56.0,0.0,stable,C,0
d49e253d-6adb-4cdf-a131-4145f9daa41f,2,Architecture,200,55.8,12.9,3.81,19.9,43.7,56.0,66.4,10.4,improving,B,0
bdc6be5e-391e-4a7f-a821-a1294fcbdaf3,1,Economics,400,75.2,26.3,1.67,35.3,45.4,,83.1,0.0,stable,A,0
bdc6be5e-391e-4a7f-a821-a1294fcbdaf3,2,Economics,400,81.6,8.3,3.18,22.0,43.4,83.1,66.3,-16.8,declining,B,0
5a49e5c4-4328-45fe-9b7a-147f8126b979,1,Political Science,200,84.6,17.3,3.29,32.7,35.1,,65.6,0.0,stable,B,0
5a49e5c4-4328-45fe-9b7a-147f8126b979,2,Political Science,200,92.8,19.2,2.81,33.8,35.3,65.6,72.6,6.9,improving,A,0
525651b4-b407-459b-9d9c-f4bb4709c903,1,Sociology,100,85.0,21.7,2.3,30.1,47.4,,79.5,0.0,stable,A,0
525651b4-b407-459b-9d9c-f4bb4709c903,2,Sociology,100,71.8,7.6,3.71,33.0,28.7,79.5,65.7,-13.7,declining,B,0
2815d8d9-f1b1-4db9-b26c-95ec6f9bd028,1,Business Administration,300,92.6,12.7,3.06,36.3,31.6,,67.9,0.0,stable,B,0
2815d8d9-f1b1-4db9-b26c-95ec6f9bd028,2,Business Administration,300,42.7,16.4,1.75,31.1,36.9,67.9,67.3,-0.6,stable,B,1
f519a03f-b088-43cb-98a5-c7c88c96534e,1,Computer Engineering,200,65.6,10.6,4.13,15.7,53.6,,70.3,0.0,stable,A,0
f519a03f-b088-43cb-98a5-c7c88c96534e,2,Computer Engineering,200,56.9,6.6,4.34,21.7,26.9,70.3,51.9,-18.3,declining,C,0
f55e38cf-929d-4a78-ae4a-bdf6a84f65e1,1,Sociology,300,80.1,7.3,3.17,25.9,47.6,,76.6,0.0,stable,A,0
f55e38cf-929d-4a78-ae4a-bdf6a84f65e1,2,Sociology,300,83.0,13.8,4.41,31.6,31.9,76.6,64.8,-11.8,declining,B,0
80462524-9c32-4712-ab12-c8a4fa402d1c,1,Mechanical Engineering,200,100.0,6.9,2.71,37.1,34.8,,69.0,0.0,stable,B,0
80462524-9c32-4712-ab12-c8a4fa402d1c,2,Mechanical Engineering,200,91.8,23.6,3.16,28.8,32.7,69.0,62.3,-6.7,declining,B,0
f1688e95-d846-4cbe-bfd7-1ae606007fd0,1,Electrical Engineering,100,91.6,14.4,3.0,30.4,30.3,,63.2,0.0,stable,B,0
f1688e95-d846-4cbe-bfd7-1ae606007fd0,2,Electrical Engineering,100,88.7,4.3,4.27,35.6,50.6,63.2,82.2,19.0,improving,A,0
46e82809-e1ec-486d-a9c7-00a6fee7d940,1,Computer Science,200,54.5,11.3,3.4,34.9,46.9,,81.1,0.0,stable,A,0
46e82809-e1ec-486d-a9c7-00a6fee7d940,2,Computer Science,200,59.6,18.2,2.23,35.1,39.6,81.1,79.4,-1.6,stable,A,0
9b9eee09-40c3-404f-a069-60669b21ae18,1,Architecture,500,85.2,11.3,2.58,30.3,42.5,,73.1,0.0,stable,A,0
9b9eee09-40c3-404f-a069-60669b21ae18,2,Architecture,500,66.1,11.2,3.06,17.6,43.7,73.1,58.3,-14.8,declining,C,0
fe38e504-1e1a-4b4b-b531-a47ae73ab0eb,1,Accounting,100,57.7,3.6,1.56,19.8,23.6,,49.2,0.0,stable,D,0
fe38e504-1e1a-4b4b-b531-a47ae73ab0eb,2,Accounting,100,67.1,12.9,3.32,29.1,40.1,49.2,65.6,16.4,improving,B,0
b11860b1-257b-4721-843a-b4ad555f365e,1,Architecture,400,96.8,21.0,1.65,29.2,40.5,,66.9,0.0,stable,B,0
b11860b1-257b-4721-843a-b4ad555f365e,2,Architecture,400,82.6,8.4,4.73,37.5,42.6,66.9,83.1,16.2,improving,A,0
89114a17-1bb8-4e49-a0a5-6c6baeb24773,1,Biochemistry,200,91.6,9.2,2.35,33.7,44.9,,79.0,0.0,stable,A,0
89114a17-1bb8-4e49-a0a5-6c6baeb24773,2,Biochemistry,200,51.3,8.0,2.94,24.9,56.3,79.0,77.0,-1.9,stable,A,0
728e6c05-5bad-49c9-919a-a82e838a8f9c,1,Biology,400,82.6,19.4,4.82,29.5,53.4,,84.6,0.0,stable,A,0
728e6c05-5bad-49c9-919a-a82e838a8f9c,2,Biology,400,77.9,11.5,3.35,17.9,46.7,84.6,65.0,-19.6,declining,B,0
04c52941-e653-4aa3-94d3-0926411934ce,1,Architecture,400,71.7,22.2,2.46,27.3,60.0,,84.8,0.0,stable,A,0
04c52941-e653-4aa3-94d3-0926411934ce,2,Architecture,400,66.7,11.3,3.67,29.4,27.5,84.8,55.3,-29.6,declining,C,0
26ba99cc-a337-4fd2-8639-996b0145e263,1,Mechanical Engineering,200,65.9,11.6,3.34,30.3,22.2,,55.7,0.0,stable,C,0
26ba99cc-a337-4fd2-8639-996b0145e263,2,Mechanical Engineering,200,78.8,18.9,3.36,36.3,49.9,55.7,90.2,34.5,improving,A,0
167cbb6e-9927-4132-92f6-c7755d92077d,1,Sociology,100,82.8,11.5,4.82,36.0,48.6,,80.8,0.0,stable,A,0
167cbb6e-9927-4132-92f6-c7755d92077d,2,Sociology,100,55.7,13.5,3.12,23.1,42.3,80.8,70.1,-10.7,declining,A,0
a204f219-de04-4f4d-b2b3-91a787bbf106,1,Biochemistry,100,85.4,6.3,2.91,28.1,31.4,,58.3,0.0,stable,C,0
a204f219-de04-4f4d-b2b3-91a787bbf106,2,Biochemistry,100,67.8,5.7,2.9,25.8,5.6,58.3,37.5,-20.7,declining,F,1
04022b48-1251-425d-9ca8-0f2491402616,1,Political Science,400,91.3,10.1,3.02,27.4,55.2,,88.3,0.0,stable,A,0
04022b48-1251-425d-9ca8-0f2491402616,2,Political Science,400,77.4,17.1,3.14,23.8,39.4,88.3,63.6,-24.7,declining,B,0
38ce9c97-acb1-437a-aa19-8cd30933277a,1,Mechanical Engineering,200,68.2,10.9,2.93,28.2,39.2,,64.2,0.0,stable,B,0
38ce9c97-acb1-437a-aa19-8cd30933277a,2,Mechanical Engineering,200,64.2,5.6,3.78,17.3,48.1,64.2,69.6,5.3,improving,B,0
e8234441-bc98-477b-883b-8f4ce78d78d4,1,Political Science,400,70.5,0.0,2.71,28.8,20.3,,47.5,0.0,stable,D,0
e8234441-bc98-477b-883b-8f4ce78d78d4,2,Political Science,400,98.0,15.3,2.26,26.6,37.2,47.5,63.2,15.6,improving,B,0
d21ff7df-77f6-4db2-a832-88c52dbf286b,1,Computer Science,200,82.4,9.3,3.41,40.0,46.6,,86.5,0.0,stable,A,0
d21ff7df-77f6-4db2-a832-88c52dbf286b,2,Computer Science,200,72.3,10.2,3.94,26.3,40.6,86.5,67.1,-19.4,declining,B,0
2fff0612-a8cf-492f-9f43-780ce9f56e2a,1,Biochemistry,100,67.5,5.1,3.26,28.2,40.2,,66.8,0.0,stable,B,0
2fff0612-a8cf-492f-9f43-780ce9f56e2a,2,Biochemistry,100,93.3,7.6,4.37,24.9,43.5,66.8,69.9,3.1,stable,B,0
d4e4915d-13f3-4b51-864e-941036aa0706,1,Architecture,200,63.1,14.1,4.02,16.5,48.2,,57.2,0.0,stable,C,0
d4e4915d-13f3-4b51-864e-941036aa0706,2,Architecture,200,60.5,20.1,2.53,21.2,42.5,57.2,69.9,12.7,improving,B,0
4cd152aa-bb64-452f-92de-43b4b317430e,1,Political Science,400,47.5,6.7,4.2,33.8,37.2,,67.3,0.0,stable,B,1
4cd152aa-bb64-452f-92de-43b4b317430e,2,Political Science,400,100.0,20.0,3.54,30.9,45.9,67.3,76.3,9.1,improving,A,0
98b6d33c-7495-4708-974a-9844d18b61f0,1,Sociology,300,80.0,19.3,3.7,25.6,59.9,,86.5,0.0,stable,A,0
98b6d33c-7495-4708-974a-9844d18b61f0,2,Sociology,300,85.3,19.3,2.11,31.9,37.7,86.5,64.9,-21.6,declining,B,0
da0bbdd1-9aed-4b37-be64-840f5b306889,1,Political Science,400,80.2,24.6,1.53,30.9,52.0,,83.3,0.0,stable,A,0
da0bbdd1-9aed-4b37-be64-840f5b306889,2,Political Science,400,73.3,5.5,3.19,25.9,13.4,83.3,42.9,-40.4,declining,F,1
7e0dd0f1-b0da-4dd5-bb5d-f86164e955ae,1,Psychology,400,89.4,12.3,3.18,38.2,42.4,,83.3,0.0,stable,A,0
7e0dd0f1-b0da-4dd5-bb5d-f86164e955ae,2,Psychology,400,70.5,18.6,3.26,30.1,32.1,83.3,63.0,-20.3,declining,B,0
3cb24c19-80b3-41c2-8d9b-ef783fdead0c,1,Accounting,400,62.5,8.8,2.35,22.2,57.2,,83.4,0.0,stable,A,0
3cb24c19-80b3-41c2-8d9b-ef783fdead0c,2,Accounting,400,100.0,5.9,3.06,28.5,28.4,83.4,54.1,-29.3,declining,C,0
8effff72-9f86-4121-b041-311ecd68715d,1,Biochemistry,200,93.6,10.0,3.85,36.7,60.0,,92.3,0.0,stable,A,0
8effff72-9f86-4121-b041-311ecd68715d,2,Biochemistry,200,93.9,17.7,2.22,38.8,45.5,92.3,83.6,-8.7,declining,A,0
0d323bb3-476b-4c00-9ec3-bc2010e4f7b8,1,Biology,400,62.6,8.4,4.64,27.5,48.1,,73.3,0.0,stable,A,0
0d323bb3-476b-4c00-9ec3-bc2010e4f7b8,2,Biology,400,63.3,17.4,1.92,25.6,41.6,73.3,67.5,-5.7,declining,B,0
587460dc-5712-4e51-b618-3e5885124712,1,Architecture,300,72.3,14.0,3.55,33.1,32.2,,64.5,0.0,stable,B,0
587460dc-5712-4e51-b618-3e5885124712,2,Architecture,300,92.9,16.5,1.9,35.3,20.8,64.5,56.3,-8.2,declining,C,0
10e42f9a-52dd-42c0-b2d4-64f0d02ed57e,1,Political Science,200,100.0,7.3,2.33,38.8,19.4,,56.3,0.0,stable,C,0
10e42f9a-52dd-42c0-b2d4-64f0d02ed57e,2,Political Science,200,83.9,8.8,2.81,35.5,41.1,56.3,77.5,21.1,improving,A,0
4edde70a-e06a-4235-8f6b-23d3851c8e3d,1,Accounting,300,69.9,13.9,2.9,31.3,35.7,,66.4,0.0,stable,B,0
4edde70a-e06a-4235-8f6b-23d3851c8e3d,2,Accounting,300,60.2,11.8,2.35,21.5,40.7,66.4,62.8,-3.6,stable,B,0
52e0371b-e158-4dc7-811e-8a19f391aab4,1,Political Science,400,86.7,9.8,3.33,35.1,43.1,,75.8,0.0,stable,A,0
52e0371b-e158-4dc7-811e-8a19f391aab4,2,Political Science,400,77.2,13.8,3.01,20.0,42.5,75.8,69.1,-6.6,declining,B,0
0692f400-c309-4348-9dc3-38f3826f11f0,1,Sociology,200,69.6,8.4,3.3,30.5,49.5,,76.2,0.0,stable,A,0
0692f400-c309-4348-9dc3-38f3826f11f0,2,Sociology,200,86.0,15.0,2.89,33.9,51.7,76.2,88.3,12.0,improving,A,0
98f4c26d-f3bc-4040-a02a-32831c81e8ee,1,Business Administration,400,57.9,16.1,2.95,26.9,43.1,,69.6,0.0,stable,B,0
98f4c26d-f3bc-4040-a02a-32831c81e8ee,2,Business Administration,400,92.9,11.6,2.1,31.6,39.3,69.6,74.6,4.9,stable,A,0
4373887d-8ff6-4947-a43b-c0129b047ebc,1,Computer Engineering,300,84.0,7.7,4.99,33.1,53.3,,85.9,0.0,stable,A,0
4373887d-8ff6-4947-a43b-c0129b047ebc,2,Computer Engineering,300,83.0,16.2,3.97,36.9,53.2,85.9,89.2,3.2,stable,A,0
8b2945f2-376c-42f2-aa7c-7658596379ef,1,Mechanical Engineering,300,66.4,13.7,3.75,27.2,52.9,,84.4,0.0,stable,A,0
8b2945f2-376c-42f2-aa7c-7658596379ef,2,Mechanical Engineering,300,61.3,7.8,2.89,28.8,31.1,84.4,64.0,-20.5,declining,B,0
af7bb876-728e-4c21-b6e2-794e683ee970,1,Medicine,300,81.4,12.2,1.85,24.7,40.2,,58.5,0.0,stable,C,0
af7bb876-728e-4c21-b6e2-794e683ee970,2,Medicine,300,90.2,11.2,5.0,40.0,41.2,58.5,80.9,22.4,improving,A,0
5957f60d-0505-4c5a-a3ef-b23f2d4a94b0,1,Biochemistry,100,89.9,20.5,1.69,24.1,36.8,,62.6,0.0,stable,B,0
5957f60d-0505-4c5a-a3ef-b23f2d4a94b0,2,Biochemistry,100,82.5,17.3,2.04,19.9,50.1,62.6,67.5,4.9,stable,B,0
97474aa7-c55a-47fd-9a1c-5525da695890,1,Electrical Engineering,200,44.7,12.7,3.63,23.3,36.8,,59.6,0.0,stable,C,1
97474aa7-c55a-47fd-9a1c-5525da695890,2,Electrical Engineering,200,69.4,5.3,2.43,31.5,36.8,59.6,68.8,9.2,improving,B,0
d9008dd1-95ed-43d8-959f-120fc1de2d13,1,Mechanical Engineering,400,60.1,11.1,1.26,27.9,49.7,,73.2,0.0,stable,A,0
d9008dd1-95ed-43d8-959f-120fc1de2d13,2,Mechanical Engineering,400,66.2,13.6,4.0,26.0,35.8,73.2,55.9,-17.3,declining,C,0
0d4929e1-2592-4409-99f5-c6a941d26625,1,Biology,200,76.6,22.2,3.22,30.2,50.5,,80.7,0.0,stable,A,0
0d4929e1-2592-4409-99f5-c6a941d26625,2,Biology,200,62.8,16.1,3.18,27.6,33.1,80.7,64.7,-16.0,declining,B,0
11d73b61-e25f-49e7-b441-94436945bcc1,1,Biology,200,85.0,9.2,3.8,29.5,31.4,,58.6,0.0,stable,C,0
11d73b61-e25f-49e7-b441-94436945bcc1,2,Biology,200,48.4,14.4,1.54,18.5,17.6,58.6,35.9,-22.8,declining,F,1
e1e2ec12-27fd-4b6f-ab79-b6651c10395f,1,Computer Engineering,400,72.7,10.4,2.17,23.7,41.4,,63.4,0.0,stable,B,0
e1e2ec12-27fd-4b6f-ab79-b6651c10395f,2,Computer Engineering,400,79.7,7.6,3.14,37.5,42.6,63.4,78.8,15.4,improving,A,0
a70c2f65-b34a-4372-85ca-5f9922acbc5c,1,Law,300,78.9,10.8,3.01,29.1,37.1,,66.9,0.0,stable,B,0
a70c2f65-b34a-4372-85ca-5f9922acbc5c,2,Law,300,60.1,6.9,1.89,19.0,21.5,66.9,41.0,-25.8,declining,F,1
bf83a6b0-8788-4393-bb45-076080632aea,1,Economics,400,61.6,14.6,3.03,17.5,48.0,,67.9,0.0,stable,B,0
bf83a6b0-8788-4393-bb45-076080632aea,2,Economics,400,60.1,14.1,2.31,27.5,27.1,67.9,49.2,-18.7,declining,D,0
11b79faf-40dd-4eb5-a6f0-6d936c2d4887,1,Law,100,69.3,11.4,2.68,22.9,34.5,,58.2,0.0,stable,C,0
11b79faf-40dd-4eb5-a6f0-6d936c2d4887,2,Law,100,74.3,12.9,2.46,35.7,27.4,58.2,64.6,6.3,improving,B,0
34f1a9e5-f411-4cdc-b8a8-f682a36470ef,1,Mechanical Engineering,400,92.7,14.4,2.84,30.9,51.3,,78.0,0.0,stable,A,0
34f1a9e5-f411-4cdc-b8a8-f682a36470ef,2,Mechanical Engineering,400,60.4,10.0,3.99,29.0,30.5,78.0,58.5,-19.5,declining,C,0
30378c65-89e7-4f24-b2df-b961ecf0c8cc,1,Law,500,65.8,8.5,3.78,21.3,54.7,,78.5,0.0,stable,A,0
30378c65-89e7-4f24-b2df-b961ecf0c8cc,2,Law,500,91.4,9.7,2.88,26.1,32.4,78.5,60.0,-18.5,declining,B,0
d5ec9f10-728c-4447-bf64-01129ed1ff13,1,Biology,100,94.4,6.5,2.71,33.1,21.1,,56.0,0.0,stable,C,0
d5ec9f10-728c-4447-bf64-01129ed1ff13,2,Biology,100,64.1,11.0,2.64,23.9,38.1,56.0,61.3,5.3,improving,B,0
c984a32d-e8bb-47de-a391-b87501c3c5f2,1,Accounting,400,69.4,8.4,3.26,37.2,38.9,,79.0,0.0,stable,A,0
c984a32d-e8bb-47de-a391-b87501c3c5f2,2,Accounting,400,54.1,12.8,2.12,18.4,31.0,79.0,53.0,-26.0,declining,C,0
fd1b5941-3cbe-4b8e-bea1-d9faf74fdade,1,Architecture,100,89.3,13.2,1.77,31.9,41.0,,73.4,0.0,stable,A,0
fd1b5941-3cbe-4b8e-bea1-d9faf74fdade,2,Architecture,100,47.3,7.5,2.95,27.2,14.3,73.4,41.0,-32.4,declining,F,1
8d67981c-1a1f-4279-8619-5270fa334696,1,Medicine,300,77.1,16.2,3.55,33.3,35.7,,63.3,0.0,stable,B,0
8d67981c-1a1f-4279-8619-5270fa334696,2,Medicine,300,69.1,17.0,4.11,32.4,49.7,63.3,83.2,19.9,improving,A,0
b6f1bfb8-cd8a-46da-9266-3dc84db1b512,1,Political Science,400,66.7,11.3,4.34,23.6,57.9,,80.6,0.0,stable,A,0
b6f1bfb8-cd8a-46da-9266-3dc84db1b512,2,Political Science,400,94.9,5.0,3.47,30.3,21.3,80.6,52.3,-28.3,declining,C,0
ba96e979-b2b8-48a5-94da-99d064306fa7,1,Accounting,400,90.1,7.8,1.8,32.6,33.3,,67.5,0.0,stable,B,0
ba96e979-b2b8-48a5-94da-99d064306fa7,2,Accounting,400,89.2,11.7,4.48,34.0,38.9,67.5,68.0,0.5,stable,B,0
aef606b1-9750-47b6-a1db-2ac5c44b95a6,1,Economics,200,71.1,10.3,3.77,31.5,28.1,,60.2,0.0,stable,B,0
aef606b1-9750-47b6-a1db-2ac5c44b95a6,2,Economics,200,85.1,19.6,3.71,35.8,47.0,60.2,84.0,23.9,improving,A,0
556dd582-83a4-48b6-b9fc-d8d4a5d9cc93,1,Architecture,200,93.7,5.3,2.72,29.9,38.0,,71.6,0.0,stable,A,0
556dd582-83a4-48b6-b9fc-d8d4a5d9cc93,2,Architecture,200,66.0,0.0,2.67,32.8,35.8,71.6,69.8,-1.8,stable,B,0
b03991ae-c171-4035-b570-3eb4dfced747,1,Business Administration,400,70.8,5.6,3.41,25.0,57.7,,84.4,0.0,stable,A,0
b03991ae-c171-4035-b570-3eb4dfced747,2,Business Administration,400,66.3,8.9,2.93,27.1,48.4,84.4,76.0,-8.3,declining,A,0
80a0449f-42cd-4930-8691-bc489a628339,1,Architecture,100,64.0,21.5,3.04,31.6,40.3,,73.1,0.0,stable,A,0
80a0449f-42cd-4930-8691-bc489a628339,2,Architecture,100,79.7,2.6,4.61,37.4,32.1,73.1,66.2,-6.9,declining,B,0
21273990-27da-4b49-be55-b03d7c6ea390,1,Law,300,80.2,12.4,3.28,32.0,45.5,,81.9,0.0,stable,A,0
21273990-27da-4b49-be55-b03d7c6ea390,2,Law,300,83.5,6.8,4.09,39.9,60.0,81.9,96.5,14.7,improving,A,0
14399357-dc24-48b3-bbcf-a138a3e14055,1,Sociology,400,78.6,1.6,3.44,28.0,52.3,,77.9,0.0,stable,A,0
14399357-dc24-48b3-bbcf-a138a3e14055,2,Sociology,400,49.7,9.6,1.42,28.7,14.1,77.9,42.9,-35.1,declining,F,1
b94713b9-189f-42a0-9f5e-bde78ce82ade,1,Biology,200,43.8,10.4,4.31,25.6,32.4,,57.9,0.0,stable,C,1
b94713b9-189f-42a0-9f5e-bde78ce82ade,2,Biology,200,75.3,14.4,1.91,33.0,12.0,57.9,43.2,-14.7,declining,F,1
74b6130e-f5ed-4cbc-83c0-eaa47059fc14,1,Accounting,400,67.7,15.2,3.02,21.5,32.0,,54.1,0.0,stable,C,0
74b6130e-f5ed-4cbc-83c0-eaa47059fc14,2,Accounting,400,73.8,9.1,2.62,33.2,31.6,54.1,64.5,10.4,improving,B,0
57d98f50-9cc7-4d25-a870-57433aefcdf2,1,Biochemistry,200,100.0,4.9,1.52,38.9,24.7,,62.7,0.0,stable,B,0
57d98f50-9cc7-4d25-a870-57433aefcdf2,2,Biochemistry,200,63.3,10.7,4.28,31.7,49.8,62.7,77.2,14.5,improving,A,0
b7d451b5-bd6b-45dc-a042-b40af6da59d3,1,Psychology,100,57.7,0.0,2.35,31.3,34.9,,65.5,0.0,stable,B,0
b7d451b5-bd6b-45dc-a042-b40af6da59d3,2,Psychology,100,74.7,8.6,3.16,33.8,21.3,65.5,55.9,-9.6,declining,C,0
bf555afd-f1c0-484d-8efd-3907b55a316d,1,Biochemistry,400,89.0,9.9,3.56,40.0,38.2,,79.3,0.0,stable,A,0
bf555afd-f1c0-484d-8efd-3907b55a316d,2,Biochemistry,400,63.9,12.9,3.37,28.8,30.8,79.3,60.1,-19.2,declining,B,0
6dfce5d3-138f-4ef8-85a0-0e1cf2a8f6b5,1,Psychology,100,96.9,14.2,3.77,33.2,50.2,,84.3,0.0,stable,A,0
6dfce5d3-138f-4ef8-85a0-0e1cf2a8f6b5,2,Psychology,100,60.7,13.6,2.21,24.0,41.0,84.3,65.9,-18.4,declining,B,0
8b881044-e149-40c9-8d73-56a5603b0300,1,Computer Engineering,400,57.2,17.3,3.46,22.9,28.9,,51.3,0.0,stable,C,0
8b881044-e149-40c9-8d73-56a5603b0300,2,Computer Engineering,400,68.3,12.6,2.71,18.6,35.5,51.3,53.2,1.9,stable,C,0
5776f5cd-2304-4809-b991-f88095883533,1,Electrical Engineering,400,84.5,8.5,4.34,22.3,52.9,,74.5,0.0,stable,A,0
5776f5cd-2304-4809-b991-f88095883533,2,Electrical Engineering,400,87.9,12.4,3.91,30.6,30.7,74.5,65.6,-8.9,declining,B,0
7ad094a4-0bfe-4d46-b355-87e11bd7dc05,1,Electrical Engineering,100,73.3,13.1,3.99,24.5,48.3,,71.0,0.0,stable,A,0
7ad094a4-0bfe-4d46-b355-87e11bd7dc05,2,Electrical Engineering,100,73.0,12.4,1.8,25.7,50.9,71.0,79.3,8.3,improving,A,0
4ad4d13e-4e86-42af-81dd-9a2a74956e81,1,Business Administration,400,74.1,13.2,2.76,36.6,38.0,,75.3,0.0,stable,A,0
4ad4d13e-4e86-42af-81dd-9a2a74956e81,2,Business Administration,400,92.2,8.1,4.25,25.8,55.6,75.3,80.3,5.0,stable,A,0
543c9e31-6df9-464c-85f8-b34a2e5de1a1,1,Medicine,200,71.4,2.5,2.64,24.1,26.0,,49.7,0.0,stable,D,0
543c9e31-6df9-464c-85f8-b34a2e5de1a1,2,Medicine,200,89.4,13.0,3.25,27.4,32.0,49.7,64.8,15.1,improving,B,0
fae925cc-4327-4fe5-870f-77ad2287bd6f,1,Architecture,300,64.0,20.3,2.81,27.8,55.8,,87.4,0.0,stable,A,0
fae925cc-4327-4fe5-870f-77ad2287bd6f,2,Architecture,300,73.3,10.1,2.96,31.4,47.0,87.4,78.4,-9.0,declining,A,0
f0546dd1-930e-4432-b00f-81dc27083a77,1,Medicine,400,84.3,20.2,3.31,33.4,30.8,,56.4,0.0,stable,C,0
f0546dd1-930e-4432-b00f-81dc27083a77,2,Medicine,400,80.8,11.5,2.59,32.4,37.8,56.4,73.6,17.2,improving,A,0
1c5e0be0-f158-49d5-bbb2-5aa148bee965,1,Business Administration,400,76.3,8.3,3.79,29.2,43.8,,71.5,0.0,stable,A,0
1c5e0be0-f158-49d5-bbb2-5aa148bee965,2,Business Administration,400,65.3,12.4,3.01,30.4,37.2,71.5,62.1,-9.3,declining,B,0
eb3e7780-ec75-4fa8-b73d-d9a7b159bcd2,1,Business Administration,100,68.5,16.0,2.76,27.5,51.8,,77.1,0.0,stable,A,0
eb3e7780-ec75-4fa8-b73d-d9a7b159bcd2,2,Business Administration,100,51.9,11.2,2.61,20.5,36.5,77.1,58.5,-18.6,declining,C,0
ba7fe493-33c7-4589-a761-2064efe197df,1,Architecture,100,74.9,13.5,4.45,28.3,46.4,,73.1,0.0,stable,A,0
ba7fe493-33c7-4589-a761-2064efe197df,2,Architecture,100,62.3,9.1,2.62,29.3,60.0,73.1,87.1,14.0,improving,A,0
f4901e0f-5c16-42cc-810c-38acf36eeb01,1,Biology,100,68.8,11.7,3.32,30.1,52.8,,75.6,0.0,stable,A,0
f4901e0f-5c16-42cc-810c-38acf36eeb01,2,Biology,100,39.2,9.5,3.88,15.0,9.5,75.6,26.2,-49.4,declining,F,1
7c27d54d-037c-4995-ac90-497d8454f0e4,1,Medicine,200,78.7,6.5,2.21,25.9,35.2,,59.2,0.0,stable,C,0
7c27d54d-037c-4995-ac90-497d8454f0e4,2,Medicine,200,82.4,0.0,2.31,25.9,27.1,59.2,51.3,-7.9,declining,C,0
8503223a-9a44-41ea-902d-af38cd1fa06f,1,Sociology,100,87.0,2.7,3.04,35.2,51.6,,85.3,0.0,stable,A,0
8503223a-9a44-41ea-902d-af38cd1fa06f,2,Sociology,100,79.9,3.0,1.09,35.2,29.2,85.3,68.0,-17.3,declining,B,0
ef5dff57-3781-4007-965f-0b79522c2773,1,Political Science,100,54.4,14.6,4.5,28.0,47.2,,75.2,0.0,stable,A,0
ef5dff57-3781-4007-965f-0b79522c2773,2,Political Science,100,51.4,18.8,2.51,27.8,27.8,75.2,52.1,-23.1,declining,C,0
af49b916-c844-4b28-8ccd-b452fa82b306,1,Political Science,100,96.5,10.3,4.16,33.9,22.2,,58.8,0.0,stable,C,0
af49b916-c844-4b28-8ccd-b452fa82b306,2,Political Science,100,66.2,15.5,3.02,20.5,43.8,58.8,70.9,12.0,improving,A,0
3e0051af-cae4-4f64-bf77-3b8987d9599b,1,Mechanical Engineering,200,82.4,11.7,3.86,32.5,43.2,,72.4,0.0,stable,A,0
3e0051af-cae4-4f64-bf77-3b8987d9599b,2,Mechanical Engineering,200,78.5,17.2,2.33,37.8,41.0,72.4,76.2,3.7,stable,A,0
49e3ee37-556b-4008-99cb-e5be7dcadad6,1,Accounting,100,90.0,10.6,3.61,31.5,39.2,,72.2,0.0,stable,A,0
49e3ee37-556b-4008-99cb-e5be7dcadad6,2,Accounting,100,79.4,2.0,2.1,35.5,29.3,72.2,63.3,-8.9,declining,B,0
fe559d09-e158-4dc5-9546-02d882c9f074,1,Psychology,200,54.6,6.6,1.38,25.4,26.5,,49.0,0.0,stable,D,0
fe559d09-e158-4dc5-9546-02d882c9f074,2,Psychology,200,74.0,13.8,4.67,22.2,55.8,49.0,81.0,32.0,improving,A,0
105c79b7-c46d-4ad9-9b05-08325cf92a33,1,Mechanical Engineering,200,63.3,13.0,2.63,28.6,54.7,,85.1,0.0,stable,A,0
105c79b7-c46d-4ad9-9b05-08325cf92a33,2,Mechanical Engineering,200,82.6,9.8,1.81,30.5,47.7,85.1,73.6,-11.4,declining,A,0
6a3230c2-2fd0-4a65-8d6e-b7aa81cdd60f,1,Architecture,100,59.2,12.6,2.21,22.9,34.2,,53.0,0.0,stable,C,0
6a3230c2-2fd0-4a65-8d6e-b7aa81cdd60f,2,Architecture,100,60.4,15.5,1.95,19.1,33.7,53.0,55.0,2.0,stable,C,0
39a0bd38-89e1-4ba3-9b4c-3cb10ea42da3,1,Psychology,200,72.0,9.7,3.04,20.7,42.9,,64.8,0.0,stable,B,0
39a0bd38-89e1-4ba3-9b4c-3cb10ea42da3,2,Psychology,200,68.9,17.0,2.1,34.4,42.9,64.8,76.3,11.5,improving,A,0
66805fa8-30a5-4cc6-ab7f-e0879b904d22,1,Architecture,300,74.7,11.5,3.98,24.6,33.5,,61.2,0.0,stable,B,0
66805fa8-30a5-4cc6-ab7f-e0879b904d22,2,Architecture,300,66.1,16.5,4.36,26.2,52.3,61.2,75.1,13.9,improving,A,0
2adb5a27-e0dc-4b02-977a-4ab273e14329,1,Political Science,300,86.3,13.0,3.38,29.0,24.4,,55.0,0.0,stable,C,0
2adb5a27-e0dc-4b02-977a-4ab273e14329,2,Political Science,300,44.0,10.4,3.75,24.8,59.4,55.0,87.3,32.3,improving,A,1
0f5c000b-ca8a-4f69-aa59-b7923d31ea1a,1,Electrical Engineering,100,65.2,12.1,2.96,20.1,30.2,,48.6,0.0,stable,D,0
0f5c000b-ca8a-4f69-aa59-b7923d31ea1a,2,Electrical Engineering,100,44.5,12.2,2.8,15.5,43.4,48.6,61.1,12.4,improving,B,1
64fc9efb-d42c-4ac5-8f3c-72a9be259934,1,Political Science,200,78.4,10.4,3.47,34.1,42.4,,74.0,0.0,stable,A,0
64fc9efb-d42c-4ac5-8f3c-72a9be259934,2,Political Science,200,79.1,18.0,2.52,40.0,37.6,74.0,77.7,3.7,stable,A,0
4c075393-ce1a-440c-bdca-d0212071f235,1,Business Administration,100,64.9,13.1,1.61,25.3,26.7,,52.3,0.0,stable,C,0
4c075393-ce1a-440c-bdca-d0212071f235,2,Business Administration,100,89.9,15.2,1.1,40.0,41.0,52.3,78.7,26.4,improving,A,0
64992f41-336e-4f42-94bb-5f61f6ae69a4,1,Psychology,100,77.4,12.9,2.47,31.5,33.1,,63.3,0.0,stable,B,0
64992f41-336e-4f42-94bb-5f61f6ae69a4,2,Psychology,100,64.7,4.8,3.12,30.9,39.8,63.3,73.2,9.9,improving,A,0
78590355-44fb-474e-be86-547210f56d1d,1,Biochemistry,300,79.9,9.3,3.67,24.2,30.0,,51.3,0.0,stable,C,0
78590355-44fb-474e-be86-547210f56d1d,2,Biochemistry,300,91.2,16.7,3.39,38.6,34.9,51.3,74.6,23.3,improving,A,0
1825755a-8b32-4876-bd71-4b5bd0ec5a7c,1,Psychology,400,73.1,16.2,2.91,27.7,47.8,,78.1,0.0,stable,A,0
1825755a-8b32-4876-bd71-4b5bd0ec5a7c,2,Psychology,400,65.0,11.7,2.15,15.5,39.7,78.1,57.0,-21.2,declining,C,0
a0bf0ab6-7ab7-4979-a353-db868b9ee385,1,Law,200,78.9,2.3,2.72,19.7,45.7,,62.2,0.0,stable,B,0
a0bf0ab6-7ab7-4979-a353-db868b9ee385,2,Law,200,93.8,16.7,2.28,28.1,45.0,62.2,70.6,8.4,improving,A,0
04a4050a-c535-47f2-bb19-b4d973bc3b9a,1,Computer Engineering,200,76.5,9.6,1.58,19.2,37.3,,54.7,0.0,stable,C,0
04a4050a-c535-47f2-bb19-b4d973bc3b9a,2,Computer Engineering,200,66.7,15.5,3.94,27.0,40.5,54.7,69.0,14.3,improving,B,0
915b6d24-9ae9-41a9-8c0a-b99f82aa5751,1,Computer Engineering,300,54.6,13.1,3.44,29.3,21.9,,48.9,0.0,stable,D,0
915b6d24-9ae9-41a9-8c0a-b99f82aa5751,2,Computer Engineering,300,61.8,12.5,3.38,34.8,35.7,48.9,69.1,20.2,improving,B,0
7bbfccd9-7b5e-4763-a2e2-8adc92f4eb98,1,Accounting,100,92.2,13.5,4.01,34.9,31.1,,62.0,0.0,stable,B,0
7bbfccd9-7b5e-4763-a2e2-8adc92f4eb98,2,Accounting,100,51.7,15.3,3.95,34.6,52.3,62.0,90.3,28.4,improving,A,0
759a02c8-3dc1-4f80-9193-95e9a60ac9e0,1,Political Science,100,66.3,6.2,3.68,30.3,37.9,,69.4,0.0,stable,B,0
759a02c8-3dc1-4f80-9193-95e9a60ac9e0,2,Political Science,100,79.8,18.4,4.04,33.7,54.7,69.4,89.9,20.5,improving,A,0
2662ddbc-ce0e-46b9-a458-1601c8527277,1,Medicine,500,68.1,15.8,1.88,33.9,28.1,,62.8,0.0,stable,B,0
2662ddbc-ce0e-46b9-a458-1601c8527277,2,Medicine,500,62.3,14.8,2.97,19.5,45.7,62.8,63.5,0.6,stable,B,0
d392b14c-4969-4965-b4a1-f4803db04ad0,1,Law,300,88.2,12.0,3.32,27.9,34.3,,60.8,0.0,stable,B,0
d392b14c-4969-4965-b4a1-f4803db04ad0,2,Law,300,87.9,20.4,2.36,38.0,22.6,60.8,56.9,-3.8,stable,C,0
61cb3ad8-edc7-42fd-afe6-4b8a955e843c,1,Computer Engineering,300,60.6,5.2,1.73,29.2,30.1,,60.4,0.0,stable,B,0
61cb3ad8-edc7-42fd-afe6-4b8a955e843c,2,Computer Engineering,300,85.4,13.3,3.53,31.7,29.7,60.4,64.6,4.2,stable,B,0
5d23f052-3b4f-42f7-9eec-813a604242e2,1,Computer Science,400,66.2,7.3,2.86,23.7,31.8,,56.5,0.0,stable,C,0
5d23f052-3b4f-42f7-9eec-813a604242e2,2,Computer Science,400,80.2,7.5,2.61,36.4,40.5,56.5,83.2,26.7,improving,A,0
3f18bdf2-6af4-42ee-acc3-a5caeb6aa6bc,1,Accounting,400,92.7,17.7,1.89,37.4,40.9,,76.6,0.0,stable,A,0
3f18bdf2-6af4-42ee-acc3-a5caeb6aa6bc,2,Accounting,400,77.5,16.7,3.4,26.1,51.2,76.6,75.4,-1.2,stable,A,0
1aeb6055-0a94-4e4f-afe4-469f983c46cd,1,Computer Engineering,400,78.3,10.5,2.82,34.5,27.7,,68.1,0.0,stable,B,0
1aeb6055-0a94-4e4f-afe4-469f983c46cd,2,Computer Engineering,400,47.7,9.0,3.3,27.5,37.0,68.1,64.3,-3.7,stable,B,1
31d8c455-cc7b-42f2-9d17-75ff057cd687,1,Medicine,400,81.2,10.8,4.11,35.4,49.7,,82.2,0.0,stable,A,0
31d8c455-cc7b-42f2-9d17-75ff057cd687,2,Medicine,400,73.8,10.5,2.2,31.6,31.5,82.2,65.0,-17.2,declining,B,0
0e17980a-cbc6-44b5-8a92-728255aecf52,1,Biology,200,58.9,20.6,2.28,27.9,52.2,,78.4,0.0,stable,A,0
0e17980a-cbc6-44b5-8a92-728255aecf52,2,Biology,200,87.8,5.9,4.16,32.6,31.5,78.4,63.3,-15.1,declining,B,0
e534e6dd-6cd6-49ce-a3b8-8f9d913a5550,1,Law,200,87.1,9.1,2.4,31.3,24.5,,61.3,0.0,stable,B,0
e534e6dd-6cd6-49ce-a3b8-8f9d913a5550,2,Law,200,66.5,16.2,3.17,23.4,42.8,61.3,68.5,7.3,improving,B,0
379704ae-8d8e-4b14-b932-ee041cda9f18,1,Biology,300,72.2,18.0,3.82,34.0,40.9,,71.7,0.0,stable,A,0
379704ae-8d8e-4b14-b932-ee041cda9f18,2,Biology,300,65.8,13.0,3.44,17.3,41.1,71.7,58.8,-12.8,declining,C,0
8ad958c7-6a72-4cb9-8e0a-b1fd3e7f44c3,1,Psychology,400,70.8,18.5,3.34,35.7,42.7,,81.2,0.0,stable,A,0
8ad958c7-6a72-4cb9-8e0a-b1fd3e7f44c3,2,Psychology,400,99.5,18.6,2.13,33.6,39.1,81.2,74.2,-7.1,declining,A,0
58b97d43-f918-4104-bb26-e72a81de7939,1,Architecture,400,85.3,7.8,3.05,22.0,51.1,,71.5,0.0,stable,A,0
58b97d43-f918-4104-bb26-e72a81de7939,2,Architecture,400,75.8,10.5,3.92,16.0,40.1,71.5,55.8,-15.7,declining,C,0
70d5dbcc-8cb9-41a1-a32c-116717128613,1,Accounting,300,68.2,20.6,2.29,32.5,47.9,,84.2,0.0,stable,A,0
70d5dbcc-8cb9-41a1-a32c-116717128613,2,Accounting,300,65.0,8.3,3.88,30.1,23.3,84.2,51.8,-32.4,declining,C,0
3afc023e-fc73-4418-85d6-a6c7e5903708,1,Medicine,200,80.8,16.2,2.46,16.6,46.7,,59.6,0.0,stable,C,0
3afc023e-fc73-4418-85d6-a6c7e5903708,2,Medicine,200,44.7,0.0,3.65,24.6,30.0,59.6,58.8,-0.8,stable,C,1
12770288-dcf4-4b9a-8324-72c394b8b60d,1,Accounting,100,84.6,20.1,1.89,31.7,26.9,,58.0,0.0,stable,C,0
12770288-dcf4-4b9a-8324-72c394b8b60d,2,Accounting,100,71.3,15.1,3.04,32.4,48.9,58.0,87.8,29.8,improving,A,0
d27f9713-7d99-4b08-88db-3673c493310b,1,Business Administration,400,70.3,7.3,3.2,25.0,51.4,,75.6,0.0,stable,A,0
d27f9713-7d99-4b08-88db-3673c493310b,2,Business Administration,400,66.5,9.6,3.57,27.5,32.6,75.6,65.1,-10.5,declining,B,0
85df8531-8121-49f3-8571-2e7e1baed30b,1,Mechanical Engineering,400,62.2,12.2,3.52,19.3,45.5,,61.7,0.0,stable,B,0
85df8531-8121-49f3-8571-2e7e1baed30b,2,Mechanical Engineering,400,87.3,7.2,3.55,38.0,45.9,61.7,84.6,23.0,improving,A,0
682452a9-53ea-4440-8d30-e5e56952d14c,1,Psychology,400,71.5,9.1,4.18,25.8,29.5,,57.3,0.0,stable,C,0
682452a9-53ea-4440-8d30-e5e56952d14c,2,Psychology,400,63.1,7.2,1.85,25.2,33.0,57.3,59.0,1.7,stable,C,0
3c6815da-e245-42a2-95d6-230cd7c289b3,1,Medicine,100,89.3,14.6,2.85,31.9,46.2,,81.9,0.0,stable,A,0
3c6815da-e245-42a2-95d6-230cd7c289b3,2,Medicine,100,76.9,9.7,2.21,23.2,43.0,81.9,67.9,-14.1,declining,B,0
6626b346-5981-44d7-a881-dfdbfb8aaa98,1,Architecture,300,83.7,11.4,4.13,29.3,50.9,,80.1,0.0,stable,A,0
6626b346-5981-44d7-a881-dfdbfb8aaa98,2,Architecture,300,65.9,15.0,3.33,30.0,43.2,80.1,73.0,-7.1,declining,A,0
cf7ff7e1-a59f-4cae-a0a9-a650494e9eb6,1,Electrical Engineering,400,100.0,17.9,3.58,35.6,55.0,,92.1,0.0,stable,A,0
cf7ff7e1-a59f-4cae-a0a9-a650494e9eb6,2,Electrical Engineering,400,75.4,10.5,2.94,14.2,40.5,92.1,53.2,-38.9,declining,C,0
74a0585d-03a1-490d-abb0-4943d5ac3005,1,Mechanical Engineering,300,98.9,12.1,2.05,34.5,27.3,,63.2,0.0,stable,B,0
74a0585d-03a1-490d-abb0-4943d5ac3005,2,Mechanical Engineering,300,79.4,16.8,2.37,31.0,28.1,63.2,61.2,-2.0,stable,B,0
a35e67cd-efdc-42db-9600-ef455eee1f03,1,Political Science,300,82.8,14.5,3.0,33.6,57.4,,90.2,0.0,stable,A,0
a35e67cd-efdc-42db-9600-ef455eee1f03,2,Political Science,300,77.1,6.6,2.31,30.9,45.3,90.2,75.5,-14.7,declining,A,0
7e0f47b1-50ae-4158-a20b-ed1e52c8ea45,1,Medicine,300,71.5,10.0,2.57,30.8,22.3,,56.9,0.0,stable,C,0
7e0f47b1-50ae-4158-a20b-ed1e52c8ea45,2,Medicine,300,65.0,15.6,1.98,31.3,46.8,56.9,79.3,22.4,improving,A,0
cf932cb2-071d-49fd-b590-99374ff069eb,1,Biochemistry,300,60.1,13.2,2.05,25.8,48.9,,77.0,0.0,stable,A,0
cf932cb2-071d-49fd-b590-99374ff069eb,2,Biochemistry,300,75.2,7.1,3.52,30.1,13.9,77.0,46.4,-30.6,declining,D,0
1ecfb3c8-e21b-4019-9054-ec1b44794544,1,Economics,100,74.6,18.0,2.12,14.0,44.9,,59.8,0.0,stable,C,0
1ecfb3c8-e21b-4019-9054-ec1b44794544,2,Economics,100,49.6,7.1,5.0,23.4,47.4,59.8,68.8,9.0,improving,B,1
6bad9556-a11f-4404-b81c-7c0e033e972e,1,Economics,200,43.6,11.1,2.79,21.7,37.4,,59.9,0.0,stable,C,1
6bad9556-a11f-4404-b81c-7c0e033e972e,2,Economics,200,72.7,5.7,3.39,19.8,15.3,59.9,37.4,-22.6,declining,F,1
9325b81a-f0e5-4dd7-96ba-465b56132913,1,Computer Engineering,200,82.6,11.7,1.88,28.0,34.5,,57.7,0.0,stable,C,0
9325b81a-f0e5-4dd7-96ba-465b56132913,2,Computer Engineering,200,63.9,15.3,4.14,25.7,51.7,57.7,71.7,14.0,improving,A,0
bdab9701-50fe-4bda-b614-b0ccaef9e7fa,1,Biology,400,84.9,8.0,3.25,30.7,50.4,,78.5,0.0,stable,A,0
bdab9701-50fe-4bda-b614-b0ccaef9e7fa,2,Biology,400,84.4,10.6,2.87,31.0,29.9,78.5,60.8,-17.7,declining,B,0
cbfb9a33-2df7-4993-920d-a734e094cc3d,1,Architecture,500,74.1,13.2,3.07,33.8,49.8,,80.5,0.0,stable,A,0
cbfb9a33-2df7-4993-920d-a734e094cc3d,2,Architecture,500,88.0,6.1,3.47,35.7,17.2,80.5,53.1,-27.3,declining,C,0
c5956388-5c01-4a1c-a689-3a25b09dc670,1,Political Science,200,68.0,8.2,4.08,25.3,31.0,,56.5,0.0,stable,C,0
c5956388-5c01-4a1c-a689-3a25b09dc670,2,Political Science,200,85.3,11.3,3.93,34.7,19.1,56.5,52.3,-4.2,stable,C,0
b669755e-56cc-4171-8ba6-eb596fa118ff,1,Biology,400,66.6,14.4,0.9,40.0,42.4,,82.8,0.0,stable,A,0
b669755e-56cc-4171-8ba6-eb596fa118ff,2,Biology,400,92.7,23.7,3.7,38.3,50.6,82.8,88.5,5.7,improving,A,0
fc1f9c85-dc0b-4bcd-84c9-b59ce247b1bc,1,Sociology,400,67.9,7.9,2.45,21.8,34.8,,51.5,0.0,stable,C,0
fc1f9c85-dc0b-4bcd-84c9-b59ce247b1bc,2,Sociology,400,77.9,11.8,3.12,28.0,60.0,51.5,92.0,40.5,improving,A,0
49be6ba9-e736-441d-97ce-8be0f2e3ce6e,1,Architecture,100,56.3,13.2,2.51,21.2,26.0,,48.5,0.0,stable,D,0
49be6ba9-e736-441d-97ce-8be0f2e3ce6e,2,Architecture,100,64.8,16.8,3.8,34.8,36.1,48.5,72.3,23.8,improving,A,0
01b01e2f-87ed-42ac-b452-bf5ed5b3818b,1,Computer Engineering,300,84.5,9.6,2.38,39.9,38.9,,80.8,0.0,stable,A,0
01b01e2f-87ed-42ac-b452-bf5ed5b3818b,2,Computer Engineering,300,62.7,5.9,2.54,26.9,23.7,80.8,50.5,-30.2,declining,C,0
ff48dfef-70d6-43c0-a600-769ebd11bc78,1,Mechanical Engineering,400,49.7,6.4,3.54,28.0,32.7,,57.6,0.0,stable,C,1
ff48dfef-70d6-43c0-a600-769ebd11bc78,2,Mechanical Engineering,400,59.6,10.1,3.52,31.6,34.3,57.6,62.4,4.8,stable,B,0
40360671-3600-438d-9853-6b6de0e9de61,1,Biology,200,79.0,7.9,2.59,37.4,44.1,,82.0,0.0,stable,A,0
40360671-3600-438d-9853-6b6de0e9de61,2,Biology,200,55.9,13.1,3.85,24.3,55.5,82.0,83.7,1.7,stable,A,0
cd22add8-6223-48ab-a4a9-7deb968029bb,1,Business Administration,300,100.0,13.5,3.47,40.0,46.1,,84.6,0.0,stable,A,0
cd22add8-6223-48ab-a4a9-7deb968029bb,2,Business Administration,300,68.3,13.2,1.97,27.9,49.3,84.6,70.7,-13.9,declining,A,0
8d4451e7-fa2f-48a6-b691-9c9ec51150c4,1,Architecture,500,98.0,17.6,2.63,37.3,42.9,,83.9,0.0,stable,A,0
8d4451e7-fa2f-48a6-b691-9c9ec51150c4,2,Architecture,500,89.7,5.0,3.47,31.9,36.3,83.9,66.1,-17.8,declining,B,0
90183a08-4069-41df-ad28-64ea9647a559,1,Economics,300,100.0,17.2,2.41,28.3,38.2,,67.9,0.0,stable,B,0
90183a08-4069-41df-ad28-64ea9647a559,2,Economics,300,78.6,18.3,3.63,35.6,48.6,67.9,80.0,12.1,improving,A,0
6e664de5-1486-4976-abb6-3588be1fb053,1,Law,500,72.1,17.3,2.96,31.9,40.1,,68.9,0.0,stable,B,0
6e664de5-1486-4976-abb6-3588be1fb053,2,Law,500,73.1,13.5,2.48,28.5,30.2,68.9,62.0,-6.9,declining,B,0
62a51f50-5777-47e2-90a9-64360337502a,1,Medicine,300,70.6,19.3,4.22,28.7,37.1,,59.6,0.0,stable,C,0
62a51f50-5777-47e2-90a9-64360337502a,2,Medicine,300,52.9,5.1,4.1,26.2,40.8,59.6,60.3,0.7,stable,B,0
5bbf2bc6-51e9-423b-88aa-98dd7bfe6dc7,1,Biology,400,57.0,16.4,3.23,25.7,48.8,,79.4,0.0,stable,A,0
5bbf2bc6-51e9-423b-88aa-98dd7bfe6dc7,2,Biology,400,71.7,12.3,3.15,40.0,19.1,79.4,61.2,-18.2,declining,B,0
d11ad373-b286-4dc9-8858-69e148ac89d3,1,Business Administration,300,73.3,14.8,2.47,29.4,47.7,,86.4,0.0,stable,A,0
d11ad373-b286-4dc9-8858-69e148ac89d3,2,Business Administration,300,87.1,7.8,2.66,30.2,17.9,86.4,47.1,-39.3,declining,D,0
94db8044-e4f5-4b5e-aa22-9932980e648a,1,Business Administration,200,86.0,5.6,3.84,34.6,29.4,,63.6,0.0,stable,B,0
94db8044-e4f5-4b5e-aa22-9932980e648a,2,Business Administration,200,99.0,15.7,3.01,33.6,43.0,63.6,75.0,11.5,improving,A,0
e1e7ab08-dea7-4382-8e48-f2f033b23093,1,Computer Engineering,200,43.4,22.2,3.12,25.7,46.5,,70.0,0.0,stable,A,1
e1e7ab08-dea7-4382-8e48-f2f033b23093,2,Computer Engineering,200,72.2,4.0,4.82,23.3,27.2,70.0,49.1,-20.9,declining,D,0
b9700a6d-833f-48b1-ad67-ded85942d83f,1,Medicine,100,94.3,12.1,2.01,40.0,45.0,,86.6,0.0,stable,A,0
b9700a6d-833f-48b1-ad67-ded85942d83f,2,Medicine,100,85.7,24.0,4.75,28.7,60.0,86.6,89.9,3.3,stable,A,0
597905ea-3f8c-47fd-8761-1836f0709226,1,Biology,200,82.5,3.5,2.86,27.4,41.5,,72.2,0.0,stable,A,0
597905ea-3f8c-47fd-8761-1836f0709226,2,Biology,200,43.9,11.9,3.9,22.8,48.6,72.2,72.5,0.3,stable,A,1
7b5b38b5-7721-4592-8904-9ae4eb9124ae,1,Mechanical Engineering,200,80.1,10.6,2.03,25.4,43.7,,69.2,0.0,stable,B,0
7b5b38b5-7721-4592-8904-9ae4eb9124ae,2,Mechanical Engineering,200,72.9,9.9,2.76,34.8,34.2,69.2,65.0,-4.2,stable,B,0
10f4d8d0-e4ba-4288-94d1-98e536ab3cfc,1,Biology,400,86.2,11.0,3.03,40.0,38.7,,79.6,0.0,stable,A,0
10f4d8d0-e4ba-4288-94d1-98e536ab3cfc,2,Biology,400,57.3,10.9,3.49,18.7,41.8,79.6,60.8,-18.8,declining,B,0
7520940b-16d6-4f1b-bdbf-2a0ca237b087,1,Business Administration,300,75.6,17.2,3.27,37.5,33.9,,71.8,0.0,stable,A,0
7520940b-16d6-4f1b-bdbf-2a0ca237b087,2,Business Administration,300,76.3,6.7,3.77,40.0,37.1,71.8,78.6,6.8,improving,A,0
7889c649-a040-4de0-9ca4-dd73c8fe0a3f,1,Computer Engineering,200,76.3,8.4,1.54,26.7,20.2,,52.0,0.0,stable,C,0
7889c649-a040-4de0-9ca4-dd73c8fe0a3f,2,Computer Engineering,200,73.3,10.3,3.71,24.0,32.1,52.0,56.3,4.3,stable,C,0
ba995026-95cc-4df0-bcae-413b47152376,1,Business Administration,200,90.4,14.5,3.2,33.5,45.8,,79.8,0.0,stable,A,0
ba995026-95cc-4df0-bcae-413b47152376,2,Business Administration,200,59.6,12.2,2.14,27.3,33.2,79.8,68.1,-11.7,declining,B,0
674495c6-b198-46ff-b633-3e262450c88b,1,Medicine,200,74.4,5.0,2.89,32.5,51.1,,81.8,0.0,stable,A,0
674495c6-b198-46ff-b633-3e262450c88b,2,Medicine,200,51.3,16.1,1.9,23.1,37.7,81.8,60.6,-21.2,declining,B,0
c969f805-7d35-456b-bce0-81ef11d6f023,1,Business Administration,100,85.3,8.6,2.78,32.0,38.2,,70.5,0.0,stable,A,0
c969f805-7d35-456b-bce0-81ef11d6f023,2,Business Administration,100,81.5,16.2,3.31,33.6,27.4,70.5,61.1,-9.4,declining,B,0
3a405c47-bcb4-423c-88bc-50b7ae10ab2c,1,Biology,200,82.2,15.6,2.45,28.1,35.3,,65.1,0.0,stable,B,0
3a405c47-bcb4-423c-88bc-50b7ae10ab2c,2,Biology,200,90.5,10.0,3.73,33.7,38.3,65.1,71.4,6.3,improving,A,0
e140883e-9881-41c9-986b-9b381a801cb5,1,Business Administration,100,86.2,13.6,4.82,28.0,49.6,,75.9,0.0,stable,A,0
e140883e-9881-41c9-986b-9b381a801cb5,2,Business Administration,100,62.0,11.9,3.11,40.0,37.9,75.9,74.5,-1.4,stable,A,0
1f80a077-e9d0-428a-abc3-855aa2b1cee9,1,Computer Science,300,79.1,1.6,2.93,30.9,40.0,,73.8,0.0,stable,A,0
1f80a077-e9d0-428a-abc3-855aa2b1cee9,2,Computer Science,300,67.4,11.2,2.39,22.8,40.9,73.8,59.9,-13.8,declining,C,0
be1d2c3b-4237-4083-ad7b-ab25bbac7c46,1,Biology,200,68.8,7.0,3.44,37.8,23.9,,56.1,0.0,stable,C,0
be1d2c3b-4237-4083-ad7b-ab25bbac7c46,2,Biology,200,73.1,12.1,3.17,27.4,38.0,56.1,66.5,10.4,improving,B,0
f21b4d0b-bfae-427a-a799-f6f7276629d1,1,Sociology,400,90.6,2.2,2.7,34.2,22.8,,62.2,0.0,stable,B,0
f21b4d0b-bfae-427a-a799-f6f7276629d1,2,Sociology,400,65.5,11.8,3.44,25.1,21.8,62.2,45.7,-16.5,declining,D,0
d065bbb9-512b-4b98-ae5f-3ae772c4df4a,1,Computer Engineering,100,90.4,10.3,2.32,37.7,33.7,,69.9,0.0,stable,B,0
d065bbb9-512b-4b98-ae5f-3ae772c4df4a,2,Computer Engineering,100,77.2,15.9,4.91,34.6,57.7,69.9,90.8,20.9,improving,A,0
596d2cd2-69e8-44d2-96b3-053ce3fb2c34,1,Psychology,300,59.6,12.3,3.09,21.5,38.2,,60.9,0.0,stable,B,0
596d2cd2-69e8-44d2-96b3-053ce3fb2c34,2,Psychology,300,80.4,14.5,3.23,28.5,36.7,60.9,61.6,0.7,stable,B,0
848cdb44-d2d0-464b-b22b-7b015e920770,1,Architecture,400,100.0,12.1,2.82,30.4,60.0,,87.1,0.0,stable,A,0
848cdb44-d2d0-464b-b22b-7b015e920770,2,Architecture,400,68.6,14.1,3.48,33.5,60.0,87.1,95.0,7.9,improving,A,0
f1a3d682-ad3f-4040-95ec-1c5d722a1451,1,Architecture,300,59.2,10.7,3.25,37.2,25.2,,65.9,0.0,stable,B,0
f1a3d682-ad3f-4040-95ec-1c5d722a1451,2,Architecture,300,77.7,16.2,2.92,26.3,49.9,65.9,78.2,12.3,improving,A,0
f61e2803-9251-4114-af1a-c50472ad62e5,1,Electrical Engineering,100,89.6,11.9,2.52,25.1,46.8,,73.2,0.0,stable,A,0
f61e2803-9251-4114-af1a-c50472ad62e5,2,Electrical Engineering,100,60.5,9.3,2.63,19.7,28.7,73.2,45.0,-28.1,declining,D,0
82ee446f-7796-45b5-b0b7-6019d072fc76,1,Business Administration,400,68.8,8.3,1.7,38.9,46.9,,83.4,0.0,stable,A,0
82ee446f-7796-45b5-b0b7-6019d072fc76,2,Business Administration,400,79.1,14.1,3.95,26.7,53.9,83.4,79.0,-4.4,stable,A,0
86f0582e-6467-46d7-9f17-86c759723f72,1,Computer Engineering,100,55.0,15.6,4.03,38.9,32.2,,73.3,0.0,stable,A,0
86f0582e-6467-46d7-9f17-86c759723f72,2,Computer Engineering,100,68.9,15.9,1.82,22.5,32.3,73.3,55.0,-18.3,declining,C,0
d5f7b675-90d6-4e0a-8896-3f59f756ce46,1,Law,400,65.4,15.3,3.82,31.1,59.8,,92.1,0.0,stable,A,0
d5f7b675-90d6-4e0a-8896-3f59f756ce46,2,Law,400,56.7,18.8,2.52,30.9,59.2,92.1,91.5,-0.6,stable,A,0
415242b7-ec45-405a-b593-19d9ceae5b04,1,Computer Engineering,100,52.6,7.4,4.06,24.7,39.2,,66.1,0.0,stable,B,0
415242b7-ec45-405a-b593-19d9ceae5b04,2,Computer Engineering,100,85.4,13.4,2.83,30.5,48.8,66.1,81.0,14.9,improving,A,0
37c4c11b-3c5d-4909-8b7d-e33003d9af45,1,Electrical Engineering,200,71.1,17.4,2.9,25.0,35.6,,57.7,0.0,stable,C,0
37c4c11b-3c5d-4909-8b7d-e33003d9af45,2,Electrical Engineering,200,70.9,18.2,2.36,30.1,36.1,57.7,65.5,7.8,improving,B,0
dadc0087-aed3-4849-a999-606d85f0b84d,1,Political Science,300,52.3,10.9,2.85,28.2,40.7,,65.3,0.0,stable,B,0
dadc0087-aed3-4849-a999-606d85f0b84d,2,Political Science,300,91.3,13.1,3.16,33.2,35.5,65.3,69.3,4.0,stable,B,0
efa6252b-9507-4446-a458-e0b5688d9fbe,1,Computer Engineering,200,82.1,3.3,2.57,30.2,35.0,,68.8,0.0,stable,B,0
efa6252b-9507-4446-a458-e0b5688d9fbe,2,Computer Engineering,200,63.4,9.5,2.59,23.7,33.5,68.8,59.5,-9.3,declining,C,0
fd654cdd-a6dc-439b-8213-7044a9d3b07c,1,Computer Engineering,400,59.2,14.1,1.64,24.0,35.1,,64.1,0.0,stable,B,0
fd654cdd-a6dc-439b-8213-7044a9d3b07c,2,Computer Engineering,400,70.9,1.0,1.4,29.3,34.6,64.1,65.1,1.0,stable,B,0
15a7a4d2-fd79-4e73-93b7-a41dbe509617,1,Psychology,200,77.5,17.8,2.57,35.0,26.5,,58.8,0.0,stable,C,0
15a7a4d2-fd79-4e73-93b7-a41dbe509617,2,Psychology,200,47.9,10.6,2.96,25.1,39.1,58.8,61.5,2.7,stable,B,1
44c15a4e-b72f-4a2d-b87b-e0e8bf85ce01,1,Political Science,400,72.1,4.5,4.09,27.9,31.5,,64.2,0.0,stable,B,0
44c15a4e-b72f-4a2d-b87b-e0e8bf85ce01,2,Political Science,400,56.4,6.4,2.12,25.9,38.1,64.2,66.3,2.1,stable,B,0
2e346151-3f2a-431f-a060-91be74689a91,1,Architecture,400,100.0,0.8,3.49,32.2,26.6,,57.0,0.0,stable,C,0
2e346151-3f2a-431f-a060-91be74689a91,2,Architecture,400,61.4,20.4,3.67,27.4,60.0,57.0,82.9,25.8,improving,A,0
08173a5a-5dfd-45ba-ab91-73f18cf82634,1,Business Administration,400,55.0,1.1,2.44,26.8,31.7,,59.0,0.0,stable,C,0
08173a5a-5dfd-45ba-ab91-73f18cf82634,2,Business Administration,400,53.8,16.0,3.19,29.4,23.9,59.0,54.3,-4.7,stable,C,0
4d2657ff-eeb0-4ddd-914e-9a31a5a67180,1,Business Administration,100,57.2,10.0,3.43,26.9,30.5,,57.4,0.0,stable,C,0
4d2657ff-eeb0-4ddd-914e-9a31a5a67180,2,Business Administration,100,52.0,17.8,2.84,31.0,38.1,57.4,67.5,10.1,improving,B,0
c04adc6b-7aaa-4db2-b3df-62682834cdc5,1,Psychology,100,63.5,16.4,2.43,30.9,37.7,,62.7,0.0,stable,B,0
c04adc6b-7aaa-4db2-b3df-62682834cdc5,2,Psychology,100,66.4,6.1,3.03,22.3,44.7,62.7,66.7,4.0,stable,B,0
edf8e2e2-76f6-43f7-a6a0-34f0f137fbd8,1,Political Science,200,72.3,15.3,3.77,29.4,35.7,,59.8,0.0,stable,C,0
edf8e2e2-76f6-43f7-a6a0-34f0f137fbd8,2,Political Science,200,64.7,8.9,3.09,26.2,44.4,59.8,68.8,9.0,improving,B,0
e0f208c1-7327-4465-9806-88108cb5824b,1,Sociology,200,74.1,17.9,3.27,29.5,38.3,,66.0,0.0,stable,B,0
e0f208c1-7327-4465-9806-88108cb5824b,2,Sociology,200,62.2,9.3,3.6,26.3,25.4,66.0,57.0,-9.0,declining,C,0
4209c6dc-21a9-4ed0-a601-ac0501b37fb1,1,Business Administration,100,79.8,5.0,2.65,31.5,50.9,,79.1,0.0,stable,A,0
4209c6dc-21a9-4ed0-a601-ac0501b37fb1,2,Business Administration,100,89.6,19.0,2.5,31.5,33.2,79.1,64.1,-14.9,declining,B,0
8707a131-bff7-4e51-8e2e-945d60d10df3,1,Electrical Engineering,200,74.5,15.3,3.87,26.1,24.0,,50.1,0.0,stable,C,0
8707a131-bff7-4e51-8e2e-945d60d10df3,2,Electrical Engineering,200,79.4,13.2,2.74,31.5,55.1,50.1,87.7,37.7,improving,A,0
99e4692e-b123-40bb-b733-2ed20e429980,1,Electrical Engineering,100,69.4,9.5,2.86,37.1,35.7,,72.7,0.0,stable,A,0
99e4692e-b123-40bb-b733-2ed20e429980,2,Electrical Engineering,100,67.8,17.5,4.57,30.8,47.5,72.7,78.4,5.7,improving,A,0
98e38d53-6839-4593-a646-ed563b352f84,1,Electrical Engineering,100,39.2,15.7,3.11,25.0,35.3,,59.2,0.0,stable,C,1
98e38d53-6839-4593-a646-ed563b352f84,2,Electrical Engineering,100,68.8,17.1,2.7,39.2,46.9,59.2,82.3,23.1,improving,A,0
2b689c80-fb63-4f77-acc6-01e342982d62,1,Law,400,73.1,8.7,1.24,37.6,40.8,,80.0,0.0,stable,A,0
2b689c80-fb63-4f77-acc6-01e342982d62,2,Law,400,77.5,5.1,2.61,34.7,23.3,80.0,50.5,-29.5,declining,C,0
ec8f3fc3-14ee-442a-a047-a4d6e6412cf6,1,Biology,400,71.6,11.3,3.11,33.0,45.7,,79.4,0.0,stable,A,0
ec8f3fc3-14ee-442a-a047-a4d6e6412cf6,2,Biology,400,92.9,4.4,3.4,36.7,22.6,79.4,54.8,-24.6,declining,C,0
113e011f-74f1-451d-a822-54bf297e1477,1,Business Administration,100,63.8,8.7,3.6,24.7,29.9,,52.7,0.0,stable,C,0
113e011f-74f1-451d-a822-54bf297e1477,2,Business Administration,100,91.8,12.1,2.86,32.8,52.3,52.7,82.8,30.1,improving,A,0
749e8a2e-62e8-4238-9045-a8631e567b10,1,Mechanical Engineering,300,94.7,13.1,2.87,40.0,29.5,,68.4,0.0,stable,B,0
749e8a2e-62e8-4238-9045-a8631e567b10,2,Mechanical Engineering,300,56.5,16.8,4.35,34.7,57.9,68.4,92.0,23.5,improving,A,0
56036229-8510-4258-9870-88e776aea9bb,1,Biology,300,69.5,3.6,4.63,31.2,31.9,,67.2,0.0,stable,B,0
56036229-8510-4258-9870-88e776aea9bb,2,Biology,300,60.4,14.0,2.86,30.3,40.1,67.2,66.0,-1.1,stable,B,0
310d5f9b-86a8-4a7b-b5b4-5bce87314d9c,1,Biology,400,76.1,17.2,2.98,34.1,32.8,,66.8,0.0,stable,B,0
310d5f9b-86a8-4a7b-b5b4-5bce87314d9c,2,Biology,400,65.6,15.7,3.03,31.6,53.2,66.8,86.8,20.0,improving,A,0
fb395ba7-5038-4008-8b77-9639854009bd,1,Computer Engineering,200,79.1,7.0,3.0,28.2,32.6,,59.6,0.0,stable,C,0
fb395ba7-5038-4008-8b77-9639854009bd,2,Computer Engineering,200,60.3,2.2,2.47,28.0,18.0,59.6,46.1,-13.5,declining,D,0
1917ac05-81e4-43a5-953f-090f3a354e67,1,Biochemistry,300,100.0,17.1,4.31,37.0,57.5,,92.3,0.0,stable,A,0
1917ac05-81e4-43a5-953f-090f3a354e67,2,Biochemistry,300,65.3,0.0,3.95,35.8,27.4,92.3,62.4,-29.9,declining,B,0
042b74ec-02a8-4a14-aae5-41325f78d3bb,1,Political Science,200,63.7,13.9,3.9,19.0,46.8,,65.0,0.0,stable,B,0
042b74ec-02a8-4a14-aae5-41325f78d3bb,2,Political Science,200,76.7,14.3,2.85,29.8,38.8,65.0,71.5,6.5,improving,A,0
cbd4209c-01d9-4d2b-8cfb-797bb8d24c4e,1,Law,100,81.3,13.1,1.98,29.4,47.3,,76.8,0.0,stable,A,0
cbd4209c-01d9-4d2b-8cfb-797bb8d24c4e,2,Law,100,84.9,20.8,3.83,32.4,42.4,76.8,67.2,-9.6,declining,B,0
006ee069-6de7-4e38-8de9-da1e0d911688,1,Economics,200,72.5,10.4,3.31,28.7,35.8,,59.2,0.0,stable,C,0
006ee069-6de7-4e38-8de9-da1e0d911688,2,Economics,200,60.9,14.4,4.37,26.7,47.3,59.2,76.8,17.6,improving,A,0
6b1dc4e7-42f8-46ba-b797-7b89b3a5d26e,1,Sociology,200,62.8,13.8,2.41,31.9,41.2,,74.0,0.0,stable,A,0
6b1dc4e7-42f8-46ba-b797-7b89b3a5d26e,2,Sociology,200,63.3,15.5,4.67,22.6,42.0,74.0,65.3,-8.7,declining,B,0
07a7d3d8-7bf8-4c4b-a451-2563f2ec7f7f,1,Biochemistry,300,86.8,9.2,0.73,39.2,40.6,,74.6,0.0,stable,A,0
07a7d3d8-7bf8-4c4b-a451-2563f2ec7f7f,2,Biochemistry,300,65.9,19.8,4.16,32.9,45.7,74.6,78.8,4.3,stable,A,0
81ab3211-2ebb-492c-bff9-49c60da711e2,1,Accounting,200,73.0,17.6,2.3,25.6,52.3,,77.7,0.0,stable,A,0
81ab3211-2ebb-492c-bff9-49c60da711e2,2,Accounting,200,95.7,8.6,2.96,29.5,37.2,77.7,62.2,-15.5,declining,B,0
9ca40830-054b-4e8b-9c3b-a912fc35dcd3,1,Computer Engineering,100,67.7,4.8,3.56,32.1,18.2,,54.4,0.0,stable,C,0
9ca40830-054b-4e8b-9c3b-a912fc35dcd3,2,Computer Engineering,100,100.0,12.2,2.49,40.0,25.5,54.4,65.6,11.2,improving,B,0
1037610e-42d5-4d05-8bed-68e0fbf7f594,1,Electrical Engineering,300,77.7,18.7,3.29,28.0,35.4,,62.5,0.0,stable,B,0
1037610e-42d5-4d05-8bed-68e0fbf7f594,2,Electrical Engineering,300,59.9,12.2,2.55,19.5,51.4,62.5,69.4,6.9,improving,B,0
704e9f75-b6e9-4cf8-bdec-6df9a1c35b51,1,Psychology,300,56.0,11.2,3.05,17.5,42.4,,56.7,0.0,stable,C,0
704e9f75-b6e9-4cf8-bdec-6df9a1c35b51,2,Psychology,300,100.0,14.6,2.68,31.3,39.8,56.7,72.9,16.1,improving,A,0
2f624207-0f55-444f-b8eb-9aa99a98ecd0,1,Architecture,100,74.6,10.9,3.05,26.9,35.5,,56.1,0.0,stable,C,0
2f624207-0f55-444f-b8eb-9aa99a98ecd0,2,Architecture,100,89.6,13.5,2.38,40.0,40.3,56.1,77.2,21.1,improving,A,0
590fdd10-a01d-444d-b92c-17c3ac1509f0,1,Architecture,300,87.9,14.0,3.32,30.4,46.1,,75.8,0.0,stable,A,0
590fdd10-a01d-444d-b92c-17c3ac1509f0,2,Architecture,300,83.3,2.5,2.65,40.0,24.4,75.8,62.6,-13.2,declining,B,0
744230b7-e252-4310-9ee0-4a31878f958e,1,Biology,400,68.3,5.9,1.23,27.5,33.1,,60.4,0.0,stable,B,0
744230b7-e252-4310-9ee0-4a31878f958e,2,Biology,400,72.8,12.2,3.82,28.6,35.6,60.4,63.4,3.0,stable,B,0
fd8c37e5-899f-44f9-963a-304ea180a4e7,1,Business Administration,400,83.7,19.1,2.5,32.2,47.0,,76.2,0.0,stable,A,0
fd8c37e5-899f-44f9-963a-304ea180a4e7,2,Business Administration,400,75.3,4.7,1.58,31.9,27.7,76.2,60.2,-16.1,declining,B,0
b01058b8-7e1c-4d5a-a543-a82297fddaae,1,Architecture,100,74.7,7.1,2.96,23.8,49.9,,69.6,0.0,stable,B,0
b01058b8-7e1c-4d5a-a543-a82297fddaae,2,Architecture,100,72.1,6.8,3.46,27.8,31.6,69.6,61.9,-7.7,declining,B,0
dd84479d-ff4b-40e2-9bfb-5b1221af29de,1,Psychology,100,75.4,14.6,2.21,23.1,40.9,,63.0,0.0,stable,B,0
dd84479d-ff4b-40e2-9bfb-5b1221af29de,2,Psychology,100,84.4,11.6,3.16,23.8,58.5,63.0,81.8,18.7,improving,A,0
cd58bfec-3e9f-4105-9335-7ffecb9eb97a,1,Biochemistry,400,85.5,7.8,3.25,25.6,41.6,,66.1,0.0,stable,B,0
cd58bfec-3e9f-4105-9335-7ffecb9eb97a,2,Biochemistry,400,75.4,15.5,2.01,26.7,44.7,66.1,77.6,11.5,improving,A,0
1fad3a91-011e-4335-935a-fe08b6a23e39,1,Biology,300,72.9,15.0,2.91,39.3,24.0,,63.6,0.0,stable,B,0
1fad3a91-011e-4335-935a-fe08b6a23e39,2,Biology,300,50.6,0.0,3.24,25.8,28.6,63.6,54.1,-9.5,declining,C,0
aea59d5e-1e45-4a30-b4f2-7827b07992c4,1,Psychology,300,100.0,10.7,3.41,31.8,42.4,,73.5,0.0,stable,A,0
aea59d5e-1e45-4a30-b4f2-7827b07992c4,2,Psychology,300,68.8,21.1,3.94,29.5,24.9,73.5,53.3,-20.2,declining,C,0
4d785720-e9ca-4fbe-99b0-788011390a80,1,Computer Science,100,100.0,10.8,3.88,40.0,42.7,,80.2,0.0,stable,A,0
4d785720-e9ca-4fbe-99b0-788011390a80,2,Computer Science,100,38.5,15.4,2.35,23.6,28.2,80.2,51.0,-29.2,declining,C,1
43d3d542-95f7-4baf-b28a-6eff4d2d1165,1,Mechanical Engineering,100,75.5,13.3,2.11,36.1,32.8,,63.8,0.0,stable,B,0
43d3d542-95f7-4baf-b28a-6eff4d2d1165,2,Mechanical Engineering,100,73.4,12.2,3.13,36.5,37.6,63.8,73.7,9.9,improving,A,0
5606c061-6cd0-4d6d-b658-8f66d3425870,1,Political Science,300,58.5,16.1,3.15,24.6,23.8,,52.7,0.0,stable,C,0
5606c061-6cd0-4d6d-b658-8f66d3425870,2,Political Science,300,56.6,9.0,3.29,20.3,23.1,52.7,37.1,-15.6,declining,F,1
2cccbf0f-7940-4d99-b564-498fcd4f06ca,1,Psychology,100,85.8,9.3,5.0,27.2,32.4,,57.9,0.0,stable,C,0
2cccbf0f-7940-4d99-b564-498fcd4f06ca,2,Psychology,100,78.6,9.6,3.49,25.8,25.1,57.9,45.5,-12.4,declining,D,0
e9eff96a-c593-4f62-9ae1-137cbb904942,1,Political Science,200,41.6,9.4,2.76,20.2,49.7,,73.5,0.0,stable,A,1
e9eff96a-c593-4f62-9ae1-137cbb904942,2,Political Science,200,70.0,3.0,2.55,26.0,25.7,73.5,49.6,-23.9,declining,D,0
f779f2df-2ef1-4785-b5c0-d56c42b6c279,1,Architecture,500,65.2,10.1,2.49,29.1,40.8,,67.1,0.0,stable,B,0
f779f2df-2ef1-4785-b5c0-d56c42b6c279,2,Architecture,500,94.1,7.1,1.71,35.7,25.3,67.1,62.0,-5.1,declining,B,0
c44e1e90-03f4-4af9-8574-a298bf924640,1,Sociology,400,38.9,19.0,3.54,15.3,30.8,,51.1,0.0,stable,C,1
c44e1e90-03f4-4af9-8574-a298bf924640,2,Sociology,400,63.9,7.8,1.19,26.0,30.7,51.1,58.9,7.7,improving,C,0
f6158366-9136-47be-ac00-f287904857aa,1,Biochemistry,300,54.0,4.4,3.36,30.8,19.2,,53.2,0.0,stable,C,0
f6158366-9136-47be-ac00-f287904857aa,2,Biochemistry,300,75.6,17.5,2.94,17.5,41.8,53.2,62.5,9.3,improving,B,0
98142573-c5d9-4abe-a611-6239cce0f4e8,1,Electrical Engineering,400,61.6,10.1,2.86,12.8,54.6,,64.7,0.0,stable,B,0
98142573-c5d9-4abe-a611-6239cce0f4e8,2,Electrical Engineering,400,82.6,11.6,4.01,33.5,38.9,64.7,69.8,5.1,improving,B,0
dfbd6da7-fd0e-45d6-a753-4f4d0ca568ba,1,Sociology,400,87.0,2.6,3.52,26.9,46.4,,73.8,0.0,stable,A,0
dfbd6da7-fd0e-45d6-a753-4f4d0ca568ba,2,Sociology,400,84.7,12.4,1.6,27.6,43.8,73.8,71.9,-1.9,stable,A,0
7d709317-2577-41d9-9e69-29e56719cd35,1,Computer Engineering,400,92.7,14.0,2.23,29.6,40.5,,63.1,0.0,stable,B,0
7d709317-2577-41d9-9e69-29e56719cd35,2,Computer Engineering,400,100.0,14.2,3.98,27.1,55.6,63.1,89.3,26.2,improving,A,0
08feb364-f9bb-4d4f-9a0c-8bff57019778,1,Medicine,400,55.2,15.9,3.0,18.3,47.3,,68.1,0.0,stable,B,0
08feb364-f9bb-4d4f-9a0c-8bff57019778,2,Medicine,400,66.0,17.8,1.67,20.7,42.4,68.1,63.2,-4.8,stable,B,0
8979f8fa-5a86-42c1-a0f9-23eca0951553,1,Medicine,300,64.3,16.0,3.42,32.1,42.1,,76.0,0.0,stable,A,0
8979f8fa-5a86-42c1-a0f9-23eca0951553,2,Medicine,300,68.3,22.3,2.35,39.2,46.0,76.0,81.0,5.0,stable,A,0
0902a66b-f1da-4950-a541-4c53c5c9b9b5,1,Sociology,100,95.5,12.6,3.68,40.0,44.8,,83.0,0.0,stable,A,0
0902a66b-f1da-4950-a541-4c53c5c9b9b5,2,Sociology,100,89.6,12.0,3.55,22.2,45.1,83.0,65.4,-17.6,declining,B,0
efdffaf4-2566-4766-86e9-50e5e7714e5e,1,Accounting,200,99.8,15.1,3.19,37.4,32.2,,74.5,0.0,stable,A,0
efdffaf4-2566-4766-86e9-50e5e7714e5e,2,Accounting,200,100.0,14.0,4.27,32.2,35.5,74.5,67.8,-6.6,declining,B,0
cd0d0a51-f5dc-4cbd-a066-497bd36fd9e8,1,Medicine,400,81.5,10.0,3.43,32.8,29.0,,63.4,0.0,stable,B,0
cd0d0a51-f5dc-4cbd-a066-497bd36fd9e8,2,Medicine,400,88.0,12.9,3.92,26.5,46.7,63.4,69.7,6.3,improving,B,0
f19810f9-a61c-4a0c-893e-52a731f0d61a,1,Biology,400,58.3,8.8,2.25,23.9,33.7,,60.1,0.0,stable,B,0
f19810f9-a61c-4a0c-893e-52a731f0d61a,2,Biology,400,70.2,4.1,3.91,24.9,35.1,60.1,61.3,1.2,stable,B,0
55997ec1-6287-47f9-94a4-bad295f9a230,1,Business Administration,400,78.0,17.5,3.38,26.3,60.0,,86.9,0.0,stable,A,0
55997ec1-6287-47f9-94a4-bad295f9a230,2,Business Administration,400,72.8,16.8,3.2,31.6,60.0,86.9,90.7,3.9,stable,A,0
61156d05-85b9-4dd6-aac6-064e9a370b0d,1,Accounting,100,70.2,12.6,3.86,21.5,22.0,,41.8,0.0,stable,F,1
61156d05-85b9-4dd6-aac6-064e9a370b0d,2,Accounting,100,50.5,9.9,3.4,20.6,24.6,41.8,45.4,3.6,stable,D,0
8fa6cba7-f03b-496f-b3a5-2aba7e735573,1,Architecture,100,87.9,3.5,3.66,36.7,44.4,,84.7,0.0,stable,A,0
8fa6cba7-f03b-496f-b3a5-2aba7e735573,2,Architecture,100,100.0,10.2,3.09,32.9,38.5,84.7,76.0,-8.7,declining,A,0
baf108a5-9970-4bab-9f42-1183ed28d5b3,1,Medicine,300,54.8,7.7,4.1,31.1,35.1,,68.7,0.0,stable,B,0
baf108a5-9970-4bab-9f42-1183ed28d5b3,2,Medicine,300,80.1,19.5,3.06,36.2,60.0,68.7,97.9,29.2,improving,A,0
b421b181-270c-4892-875b-84029f93f0bf,1,Medicine,100,75.7,15.6,2.71,40.0,43.4,,82.5,0.0,stable,A,0
b421b181-270c-4892-875b-84029f93f0bf,2,Medicine,100,62.5,17.5,3.69,25.0,50.6,82.5,71.1,-11.4,declining,A,0
36011fd9-862d-4f13-81b2-391777f43947,1,Political Science,400,77.8,14.3,4.37,26.7,31.1,,55.2,0.0,stable,C,0
36011fd9-862d-4f13-81b2-391777f43947,2,Political Science,400,55.0,18.7,4.24,27.6,59.0,55.2,87.0,31.9,improving,A,0
d6cb9e7f-8c03-429a-8250-333b4e8f1d5a,1,Accounting,100,73.6,10.3,2.75,22.0,40.5,,62.4,0.0,stable,B,0
d6cb9e7f-8c03-429a-8250-333b4e8f1d5a,2,Accounting,100,86.2,12.5,2.87,27.9,40.4,62.4,70.5,8.1,improving,A,0
418f8491-3cd9-4b43-b28e-8a93e385b285,1,Sociology,400,57.8,12.4,3.19,23.0,34.4,,58.0,0.0,stable,C,0
418f8491-3cd9-4b43-b28e-8a93e385b285,2,Sociology,400,58.0,13.7,2.28,31.9,60.0,58.0,89.3,31.3,improving,A,0
99a5e3be-b5e4-4074-9071-d3f0b4e74040,1,Law,100,83.0,8.4,3.83,25.3,43.4,,66.1,0.0,stable,B,0
99a5e3be-b5e4-4074-9071-d3f0b4e74040,2,Law,100,71.9,6.8,3.66,25.2,42.7,66.1,66.9,0.8,stable,B,0
33b719ef-dc03-4dfb-8c20-0a8a6f3b286b,1,Mechanical Engineering,300,73.3,12.7,2.39,30.7,54.2,,82.6,0.0,stable,A,0
33b719ef-dc03-4dfb-8c20-0a8a6f3b286b,2,Mechanical Engineering,300,92.6,19.5,2.35,26.2,46.6,82.6,71.2,-11.3,declining,A,0
6b12d9ed-b950-406c-9b76-09f8b35fa23d,1,Psychology,400,100.0,12.2,2.36,29.3,49.3,,76.9,0.0,stable,A,0
6b12d9ed-b950-406c-9b76-09f8b35fa23d,2,Psychology,400,75.7,16.8,2.61,29.9,42.0,76.9,74.0,-2.9,stable,A,0
abbc6685-6a67-4365-b95a-5359c5a92a34,1,Sociology,400,83.9,10.9,3.05,29.9,24.1,,54.8,0.0,stable,C,0
abbc6685-6a67-4365-b95a-5359c5a92a34,2,Sociology,400,100.0,7.6,2.38,30.6,42.4,54.8,74.4,19.6,improving,A,0
b18061fd-aaa9-43c2-a292-91e25c1aa640,1,Political Science,100,72.6,7.4,3.07,21.7,37.9,,62.2,0.0,stable,B,0
b18061fd-aaa9-43c2-a292-91e25c1aa640,2,Political Science,100,56.2,4.3,4.26,23.2,48.0,62.2,70.7,8.5,improving,A,0
f7056ee2-a866-4e0e-a5a9-c2fea4af749b,1,Mechanical Engineering,300,72.6,14.2,2.29,30.2,35.9,,62.1,0.0,stable,B,0
f7056ee2-a866-4e0e-a5a9-c2fea4af749b,2,Mechanical Engineering,300,80.1,10.7,2.87,25.0,54.3,62.1,81.9,19.8,improving,A,0
8efaeb73-071c-4293-b6bf-4b8408cae3c6,1,Economics,200,89.5,10.5,1.62,40.0,35.1,,72.9,0.0,stable,A,0
8efaeb73-071c-4293-b6bf-4b8408cae3c6,2,Economics,200,81.3,17.8,2.98,37.6,54.5,72.9,88.9,16.1,improving,A,0
cd9b9050-741b-4179-8be7-9de09c6a0887,1,Biochemistry,300,64.9,16.8,0.83,27.2,24.3,,50.1,0.0,stable,C,0
cd9b9050-741b-4179-8be7-9de09c6a0887,2,Biochemistry,300,70.5,10.2,2.56,23.6,60.0,50.1,89.2,39.1,improving,A,0
37c536cb-7ff0-41c0-bbf0-c72dd2129269,1,Architecture,400,57.6,19.9,2.68,27.2,43.9,,69.1,0.0,stable,B,0
37c536cb-7ff0-41c0-bbf0-c72dd2129269,2,Architecture,400,89.8,12.6,2.62,26.4,30.3,69.1,51.8,-17.3,declining,C,0
961b2b9f-5e77-46bb-b958-a4728bfded08,1,Computer Engineering,100,75.2,6.0,2.79,36.9,46.9,,83.7,0.0,stable,A,0
961b2b9f-5e77-46bb-b958-a4728bfded08,2,Computer Engineering,100,73.7,21.4,3.42,28.1,32.9,83.7,62.1,-21.5,declining,B,0
62c40cbb-6b16-462b-b5ea-6fa035e780e8,1,Sociology,200,87.4,8.8,3.23,30.7,35.9,,59.1,0.0,stable,C,0
62c40cbb-6b16-462b-b5ea-6fa035e780e8,2,Sociology,200,71.7,16.8,2.49,29.6,34.5,59.1,65.1,6.0,improving,B,0
208bdd09-1d5a-4521-b77e-f26ed4fad66b,1,Biology,200,71.8,7.3,4.07,34.0,32.3,,67.8,0.0,stable,B,0
208bdd09-1d5a-4521-b77e-f26ed4fad66b,2,Biology,200,83.1,15.2,1.64,36.6,33.5,67.8,69.0,1.2,stable,B,0
5c9ba60c-6d15-4a3d-8830-19a5adea3d38,1,Business Administration,100,100.0,13.5,2.69,24.0,53.9,,73.9,0.0,stable,A,0
5c9ba60c-6d15-4a3d-8830-19a5adea3d38,2,Business Administration,100,59.9,10.3,4.13,30.9,39.1,73.9,70.9,-3.0,stable,A,0
67854742-78db-4939-a2d1-2d20a7316549,1,Economics,400,66.0,12.7,3.06,33.0,49.9,,84.4,0.0,stable,A,0
67854742-78db-4939-a2d1-2d20a7316549,2,Economics,400,69.6,15.7,2.93,23.5,38.0,84.4,61.8,-22.6,declining,B,0
aab2c2d9-729c-4841-929c-2634c003a67c,1,Computer Engineering,200,88.7,11.1,2.03,33.0,38.1,,71.7,0.0,stable,A,0
aab2c2d9-729c-4841-929c-2634c003a67c,2,Computer Engineering,200,88.8,17.1,2.52,29.7,31.9,71.7,63.6,-8.1,declining,B,0
295a5210-1469-4491-9556-bce7f4aae725,1,Accounting,100,96.7,10.4,2.81,40.0,43.1,,84.4,0.0,stable,A,0
295a5210-1469-4491-9556-bce7f4aae725,2,Accounting,100,57.1,15.4,2.26,20.8,37.0,84.4,56.0,-28.4,declining,C,0
8db2eb13-2796-4f08-8282-1ca237bd6d07,1,Architecture,100,71.7,4.8,3.77,35.0,16.5,,54.4,0.0,stable,C,0
8db2eb13-2796-4f08-8282-1ca237bd6d07,2,Architecture,100,62.8,16.3,2.95,27.7,40.7,54.4,72.0,17.6,improving,A,0
67378452-ae69-4a3e-8199-a43bd13f5b16,1,Sociology,200,56.4,15.0,3.88,29.9,60.0,,88.3,0.0,stable,A,0
67378452-ae69-4a3e-8199-a43bd13f5b16,2,Sociology,200,89.4,11.5,3.99,32.8,37.3,88.3,74.0,-14.2,declining,A,0
80154354-5852-4368-a164-e85b34761f7c,1,Architecture,300,67.6,4.9,2.59,31.6,47.6,,79.6,0.0,stable,A,0
80154354-5852-4368-a164-e85b34761f7c,2,Architecture,300,94.8,5.2,2.65,32.5,32.9,79.6,65.6,-13.9,declining,B,0
eacf309f-06e2-4ed1-bd1c-c6e1f24b3d54,1,Economics,300,85.4,9.8,3.11,31.8,28.9,,60.5,0.0,stable,B,0
eacf309f-06e2-4ed1-bd1c-c6e1f24b3d54,2,Economics,300,72.8,11.2,3.03,29.9,34.7,60.5,68.5,8.0,improving,B,0
cbdebada-b3f0-4978-b2e9-d44e7ac7168e,1,Law,400,57.5,8.4,5.0,21.3,27.5,,51.0,0.0,stable,C,0
cbdebada-b3f0-4978-b2e9-d44e7ac7168e,2,Law,400,43.8,10.8,4.72,16.0,22.3,51.0,33.9,-17.1,declining,F,1
9bc6898c-c1cc-4b7c-81a1-cad75e199615,1,Architecture,200,88.5,17.6,2.59,36.1,56.7,,98.1,0.0,stable,A,0
9bc6898c-c1cc-4b7c-81a1-cad75e199615,2,Architecture,200,71.3,0.5,2.34,27.1,27.4,98.1,54.0,-44.1,declining,C,0
a05a36d2-c338-4dcd-8576-cb67a401885a,1,Architecture,500,91.8,18.4,2.86,38.8,47.4,,86.5,0.0,stable,A,0
a05a36d2-c338-4dcd-8576-cb67a401885a,2,Architecture,500,88.6,12.4,4.65,25.5,38.0,86.5,63.1,-23.3,declining,B,0
d594d580-4977-4fa2-9490-aace7036b9e8,1,Electrical Engineering,400,81.6,18.3,2.98,24.2,52.5,,79.0,0.0,stable,A,0
d594d580-4977-4fa2-9490-aace7036b9e8,2,Electrical Engineering,400,45.9,12.0,1.73,20.9,28.0,79.0,51.3,-27.7,declining,C,1
29031ec3-4e74-4628-acf7-bed2ae55a7fa,1,Mechanical Engineering,200,76.8,5.6,3.7,23.2,39.7,,60.4,0.0,stable,B,0
29031ec3-4e74-4628-acf7-bed2ae55a7fa,2,Mechanical Engineering,200,69.5,14.5,3.42,35.6,41.4,60.4,77.9,17.5,improving,A,0
d3915859-2c65-485f-96f4-5d3d25bd8dab,1,Accounting,100,68.4,12.9,3.35,28.2,22.9,,52.1,0.0,stable,C,0
d3915859-2c65-485f-96f4-5d3d25bd8dab,2,Accounting,100,80.5,8.6,1.97,38.5,40.0,52.1,77.8,25.7,improving,A,0
15e31334-0b07-44ca-a4d5-384dbe3560ff,1,Business Administration,400,57.9,7.9,4.04,27.3,33.2,,62.0,0.0,stable,B,0
15e31334-0b07-44ca-a4d5-384dbe3560ff,2,Business Administration,400,62.8,19.5,4.08,25.2,40.8,62.0,58.2,-3.8,stable,C,0
4f9d45eb-17b1-4841-a584-23c4c1aa655d,1,Medicine,500,52.8,5.3,3.11,23.9,21.6,,44.6,0.0,stable,F,1
4f9d45eb-17b1-4841-a584-23c4c1aa655d,2,Medicine,500,82.6,14.6,1.48,30.9,24.6,44.6,58.2,13.5,improving,C,0
68b50543-4662-4feb-b502-6da73e04d628,1,Business Administration,100,86.8,7.5,2.39,30.0,12.6,,43.7,0.0,stable,F,1
68b50543-4662-4feb-b502-6da73e04d628,2,Business Administration,100,70.9,16.9,2.12,26.1,26.2,43.7,49.3,5.6,improving,D,0
c25bb92c-c455-4278-be6b-023558f6c91a,1,Business Administration,300,57.3,17.0,2.44,27.1,38.2,,61.5,0.0,stable,B,0
c25bb92c-c455-4278-be6b-023558f6c91a,2,Business Administration,300,72.5,15.0,2.03,33.5,31.3,61.5,63.4,1.9,stable,B,0
19bebc63-4dae-40a1-bf2d-bd2708e75917,1,Accounting,400,83.0,8.7,3.03,30.0,38.6,,61.4,0.0,stable,B,0
19bebc63-4dae-40a1-bf2d-bd2708e75917,2,Accounting,400,47.6,15.1,3.83,20.0,41.0,61.4,61.8,0.4,stable,B,1
45ee20a4-e595-4548-9e3d-8d7b1d610d63,1,Accounting,200,85.4,1.9,2.29,30.4,37.9,,75.9,0.0,stable,A,0
45ee20a4-e595-4548-9e3d-8d7b1d610d63,2,Accounting,200,71.6,5.0,3.32,35.9,36.3,75.9,69.5,-6.4,declining,B,0
b18dd731-fb92-4831-a56a-73af091b16a2,1,Architecture,500,89.4,15.3,2.18,34.8,50.3,,88.6,0.0,stable,A,0
b18dd731-fb92-4831-a56a-73af091b16a2,2,Architecture,500,74.0,10.2,3.98,23.7,44.6,88.6,64.3,-24.3,declining,B,0
c38c508b-42ed-478d-a6e5-000999360244,1,Architecture,300,91.0,10.7,4.01,35.7,28.4,,68.4,0.0,stable,B,0
c38c508b-42ed-478d-a6e5-000999360244,2,Architecture,300,98.3,16.4,2.39,33.1,43.0,68.4,74.0,5.6,improving,A,0
b2fd7748-eddc-43e1-9fd1-90e8fa31e265,1,Medicine,500,100.0,12.7,0.84,36.7,32.3,,68.8,0.0,stable,B,0
b2fd7748-eddc-43e1-9fd1-90e8fa31e265,2,Medicine,500,69.5,16.0,3.9,30.3,40.9,68.8,71.0,2.3,stable,A,0
eedfada9-468a-4c7b-8e47-9a03d159add4,1,Political Science,400,75.3,8.0,3.46,32.4,53.0,,89.2,0.0,stable,A,0
eedfada9-468a-4c7b-8e47-9a03d159add4,2,Political Science,400,64.7,16.1,2.24,31.4,35.8,89.2,64.2,-25.0,declining,B,0
0fe4ef9e-22fe-47e0-9a9f-895abf8c81d0,1,Architecture,300,79.2,0.0,1.6,30.0,29.0,,57.9,0.0,stable,C,0
0fe4ef9e-22fe-47e0-9a9f-895abf8c81d0,2,Architecture,300,51.3,7.9,3.31,28.2,37.1,57.9,68.8,10.9,improving,B,0
981f1af7-7477-4060-a432-0c907eb5a26e,1,Accounting,200,81.0,8.3,2.78,24.2,35.4,,62.9,0.0,stable,B,0
981f1af7-7477-4060-a432-0c907eb5a26e,2,Accounting,200,85.3,19.0,2.76,38.8,42.2,62.9,85.4,22.5,improving,A,0
bc6e8c9e-07d1-41fd-95e1-892ea4161569,1,Biology,200,74.7,15.5,4.18,29.0,46.6,,79.5,0.0,stable,A,0
bc6e8c9e-07d1-41fd-95e1-892ea4161569,2,Biology,200,73.0,5.4,4.71,27.3,39.9,79.5,70.6,-8.9,declining,A,0
80678e50-647c-4473-a344-c001c4e2f516,1,Psychology,400,65.9,7.0,3.2,19.2,33.5,,53.4,0.0,stable,C,0
80678e50-647c-4473-a344-c001c4e2f516,2,Psychology,400,71.0,4.3,4.28,29.7,50.9,53.4,79.8,26.4,improving,A,0
46f2dc1d-def7-4a00-8a3e-b9b14d1df79d,1,Mechanical Engineering,400,61.8,13.3,2.83,21.5,54.9,,74.5,0.0,stable,A,0
46f2dc1d-def7-4a00-8a3e-b9b14d1df79d,2,Mechanical Engineering,400,47.4,18.6,2.6,21.4,25.9,74.5,52.5,-22.0,declining,C,1
ee7ef9a4-6ece-45b1-a25c-9302d95d334e,1,Computer Science,300,55.7,12.3,3.73,28.2,40.6,,63.8,0.0,stable,B,0
ee7ef9a4-6ece-45b1-a25c-9302d95d334e,2,Computer Science,300,62.9,12.9,2.37,28.6,45.8,63.8,77.3,13.5,improving,A,0
f12b6986-11da-4722-a968-c976b5f70aa4,1,Biology,400,56.6,23.0,3.61,26.3,59.5,,92.9,0.0,stable,A,0
f12b6986-11da-4722-a968-c976b5f70aa4,2,Biology,400,53.4,10.9,1.1,26.6,38.6,92.9,65.1,-27.8,declining,B,0
ade55c72-6cc0-4ae8-bbeb-0ed7d4b96819,1,Biology,400,65.2,1.8,3.3,35.3,26.9,,63.6,0.0,stable,B,0
ade55c72-6cc0-4ae8-bbeb-0ed7d4b96819,2,Biology,400,51.5,14.3,2.69,21.5,33.0,63.6,53.3,-10.3,declining,C,0
d0ec1ccc-0afb-4471-aa45-511a32e42ca4,1,Law,200,80.7,5.4,2.68,30.9,23.3,,59.6,0.0,stable,C,0
d0ec1ccc-0afb-4471-aa45-511a32e42ca4,2,Law,200,62.2,8.7,2.22,36.4,41.1,59.6,74.8,15.2,improving,A,0
e7a6717b-871f-4352-b6ec-ce003c7ef416,1,Architecture,100,91.6,13.0,3.21,31.6,33.2,,65.8,0.0,stable,B,0
e7a6717b-871f-4352-b6ec-ce003c7ef416,2,Architecture,100,66.8,21.1,1.98,36.0,42.9,65.8,79.9,14.0,improving,A,0
d917b136-6422-4215-947d-acb50200d105,1,Electrical Engineering,300,87.5,8.8,3.69,19.0,31.5,,47.7,0.0,stable,D,0
d917b136-6422-4215-947d-acb50200d105,2,Electrical Engineering,300,56.2,10.9,3.31,29.8,41.8,47.7,69.6,21.9,improving,B,0
4c562d9b-dae4-44e0-aab5-792d47ce507f,1,Accounting,100,80.5,12.6,3.75,35.0,41.8,,74.1,0.0,stable,A,0
4c562d9b-dae4-44e0-aab5-792d47ce507f,2,Accounting,100,65.2,9.3,2.75,29.4,44.3,74.1,73.5,-0.6,stable,A,0
6661b98a-060d-4a4e-8023-d730ff98d175,1,Accounting,400,75.2,12.7,2.59,25.4,21.7,,45.0,0.0,stable,D,0
6661b98a-060d-4a4e-8023-d730ff98d175,2,Accounting,400,82.1,8.5,2.81,33.8,41.9,45.0,72.4,27.4,improving,A,0
ffa208bb-b157-411f-a23c-9c0f53c32b4e,1,Computer Engineering,400,90.0,17.6,2.1,28.9,53.7,,82.1,0.0,stable,A,0
ffa208bb-b157-411f-a23c-9c0f53c32b4e,2,Computer Engineering,400,41.7,5.0,2.8,17.5,30.0,82.1,47.7,-34.5,declining,D,1
c4b4f536-464c-4ac2-8423-7457703e8793,1,Computer Science,200,96.9,10.5,3.86,40.0,54.6,,95.4,0.0,stable,A,0
c4b4f536-464c-4ac2-8423-7457703e8793,2,Computer Science,200,45.6,14.3,3.84,23.7,60.0,95.4,86.3,-9.2,declining,A,1
da06cea0-7cf0-46fe-859c-ba5aab566815,1,Law,200,83.5,17.4,3.27,19.2,39.0,,61.8,0.0,stable,B,0
da06cea0-7cf0-46fe-859c-ba5aab566815,2,Law,200,62.9,10.9,2.16,36.5,53.9,61.8,87.8,25.9,improving,A,0
17c87d70-7b2b-40a2-b821-9a86623eb527,1,Computer Engineering,400,77.2,8.6,3.49,33.0,46.2,,80.2,0.0,stable,A,0
17c87d70-7b2b-40a2-b821-9a86623eb527,2,Computer Engineering,400,100.0,6.9,1.63,33.0,17.5,80.2,46.0,-34.2,declining,D,0
b2d90eff-5f3c-4778-83c2-535a480603b5,1,Political Science,300,60.0,7.4,2.24,29.6,29.7,,58.7,0.0,stable,C,0
b2d90eff-5f3c-4778-83c2-535a480603b5,2,Political Science,300,88.4,8.2,2.79,34.5,17.0,58.7,44.4,-14.4,declining,F,1
fe6ec0c5-755f-4202-8525-7071acbf5d82,1,Medicine,500,80.2,14.5,4.65,31.8,52.8,,84.1,0.0,stable,A,0
fe6ec0c5-755f-4202-8525-7071acbf5d82,2,Medicine,500,79.5,20.3,1.3,33.0,60.0,84.1,93.8,9.7,improving,A,0
882c0a4e-987b-4d8b-9706-46a8a4f90373,1,Biology,400,99.8,8.9,2.97,35.1,15.1,,46.7,0.0,stable,D,0
882c0a4e-987b-4d8b-9706-46a8a4f90373,2,Biology,400,58.5,16.1,3.7,28.3,52.1,46.7,80.0,33.3,improving,A,0
2c85f559-de2a-4249-a529-89e214f10cbd,1,Sociology,100,93.0,12.0,3.05,32.3,46.5,,77.6,0.0,stable,A,0
2c85f559-de2a-4249-a529-89e214f10cbd,2,Sociology,100,89.6,6.3,2.12,36.4,32.9,77.6,67.9,-9.7,declining,B,0
c1cd518d-1478-4d29-bcc8-bab0f0f0a236,1,Accounting,300,88.4,9.0,2.84,39.7,52.5,,96.9,0.0,stable,A,0
c1cd518d-1478-4d29-bcc8-bab0f0f0a236,2,Accounting,300,70.8,18.2,2.24,24.6,18.9,96.9,48.6,-48.3,declining,D,0
5164e02a-762a-4bc4-99ad-5adb538675a9,1,Accounting,400,62.0,11.4,2.27,30.9,33.9,,60.9,0.0,stable,B,0
5164e02a-762a-4bc4-99ad-5adb538675a9,2,Accounting,400,81.6,4.8,2.33,20.8,18.9,60.9,40.2,-20.7,declining,F,1
cee46d56-da58-4155-9e6a-9eca1e367b44,1,Medicine,400,45.5,4.6,3.0,21.4,54.2,,81.1,0.0,stable,A,1
cee46d56-da58-4155-9e6a-9eca1e367b44,2,Medicine,400,62.0,14.8,3.6,24.4,27.8,81.1,52.2,-28.9,declining,C,0
b7de1c2f-bd16-4543-ac9a-1641ae4239b4,1,Accounting,100,72.4,9.8,3.35,25.7,27.2,,53.3,0.0,stable,C,0
b7de1c2f-bd16-4543-ac9a-1641ae4239b4,2,Accounting,100,80.8,6.1,3.74,22.3,31.1,53.3,52.6,-0.7,stable,C,0
047c248c-3e6c-461d-ac15-5e79180ea84a,1,Psychology,100,65.5,9.2,4.5,23.8,60.0,,85.1,0.0,stable,A,0
047c248c-3e6c-461d-ac15-5e79180ea84a,2,Psychology,100,76.4,14.4,5.0,25.3,34.1,85.1,57.1,-28.0,declining,C,0
45393bed-361c-433d-8d25-7322ded2803b,1,Mechanical Engineering,300,75.5,3.4,3.02,38.6,35.0,,72.6,0.0,stable,A,0
45393bed-361c-433d-8d25-7322ded2803b,2,Mechanical Engineering,300,65.7,16.5,2.34,37.4,60.0,72.6,98.1,25.5,improving,A,0
0b605bb3-3fdf-4ffe-995b-739f22a1bd28,1,Mechanical Engineering,100,74.8,17.2,3.88,25.9,39.7,,61.7,0.0,stable,B,0
0b605bb3-3fdf-4ffe-995b-739f22a1bd28,2,Mechanical Engineering,100,81.1,15.3,1.92,29.0,26.3,61.7,52.6,-9.1,declining,C,0
a4c58ab5-372d-4178-be98-836e81301f22,1,Law,100,83.3,8.3,2.76,23.5,38.3,,61.7,0.0,stable,B,0
a4c58ab5-372d-4178-be98-836e81301f22,2,Law,100,64.1,11.1,3.14,23.7,24.4,61.7,53.6,-8.1,declining,C,0
1c4d6f56-b46a-49ab-8c5e-e964cac77f44,1,Political Science,100,65.5,11.5,3.81,40.0,28.4,,69.7,0.0,stable,B,0
1c4d6f56-b46a-49ab-8c5e-e964cac77f44,2,Political Science,100,64.4,9.3,2.42,22.2,36.1,69.7,53.9,-15.8,declining,C,0
4756895a-056d-4fd4-8203-b5c57a6e5e12,1,Architecture,200,89.2,12.3,3.34,30.5,36.8,,68.1,0.0,stable,B,0
4756895a-056d-4fd4-8203-b5c57a6e5e12,2,Architecture,200,57.5,10.2,2.31,22.1,15.8,68.1,41.9,-26.3,declining,F,1
6ead77b0-acd1-4c23-87ca-9a8e96c8b232,1,Biology,300,64.7,17.8,3.86,21.5,34.6,,63.7,0.0,stable,B,0
6ead77b0-acd1-4c23-87ca-9a8e96c8b232,2,Biology,300,100.0,11.8,3.21,31.8,44.2,63.7,73.9,10.1,improving,A,0
e5580c00-7bf4-4762-a5c2-6902659be43c,1,Biochemistry,100,44.5,5.4,3.02,18.2,34.2,,49.2,0.0,stable,D,1
e5580c00-7bf4-4762-a5c2-6902659be43c,2,Biochemistry,100,63.3,16.3,3.2,27.6,51.8,49.2,80.9,31.6,improving,A,0
407b7c86-4f0b-4a22-8816-bc93a7cd5045,1,Computer Science,300,96.7,9.7,2.66,27.8,33.0,,63.7,0.0,stable,B,0
407b7c86-4f0b-4a22-8816-bc93a7cd5045,2,Computer Science,300,94.5,16.8,1.56,39.3,21.7,63.7,63.8,0.1,stable,B,0
9effc8f1-69cf-44a0-b347-49959fbdc6cd,1,Political Science,100,69.5,15.5,1.93,34.8,25.3,,58.0,0.0,stable,C,0
9effc8f1-69cf-44a0-b347-49959fbdc6cd,2,Political Science,100,60.0,3.2,3.08,36.0,60.0,58.0,96.3,38.3,improving,A,0
558f258d-3540-4e1b-9751-3f52a047db29,1,Business Administration,300,91.8,13.2,3.4,31.6,43.1,,76.4,0.0,stable,A,0
558f258d-3540-4e1b-9751-3f52a047db29,2,Business Administration,300,66.3,11.6,2.95,32.4,28.5,76.4,60.8,-15.6,declining,B,0
e7b28351-0a76-48fd-bd41-a148b8217928,1,Medicine,400,100.0,17.8,4.08,35.1,49.1,,87.2,0.0,stable,A,0
e7b28351-0a76-48fd-bd41-a148b8217928,2,Medicine,400,98.4,2.2,1.95,40.0,27.7,87.2,65.7,-21.5,declining,B,0
8adb9153-83da-456e-8038-6f7b1d14f9bd,1,Electrical Engineering,200,56.2,9.2,1.88,36.7,35.1,,71.6,0.0,stable,A,0
8adb9153-83da-456e-8038-6f7b1d14f9bd,2,Electrical Engineering,200,83.8,16.8,3.76,37.1,38.2,71.6,74.5,2.8,stable,A,0
f9c3a211-26e8-4f8f-8581-495eded75f60,1,Economics,400,86.5,9.4,3.0,34.3,45.5,,74.5,0.0,stable,A,0
f9c3a211-26e8-4f8f-8581-495eded75f60,2,Economics,400,85.7,10.8,3.57,36.0,55.9,74.5,96.0,21.5,improving,A,0
27b822f2-9cfd-4fc3-a682-5dbea28e56f9,1,Psychology,200,95.2,19.2,3.23,34.2,53.9,,90.3,0.0,stable,A,0
27b822f2-9cfd-4fc3-a682-5dbea28e56f9,2,Psychology,200,70.4,14.0,2.97,24.8,53.9,90.3,78.8,-11.5,declining,A,0
43703fa5-775f-426d-a30a-7bd4fe172e49,1,Electrical Engineering,200,100.0,3.9,2.55,35.2,44.2,,80.6,0.0,stable,A,0
43703fa5-775f-426d-a30a-7bd4fe172e49,2,Electrical Engineering,200,79.7,6.4,2.07,32.5,20.1,80.6,51.0,-29.6,declining,C,0
02752662-3759-44f5-8ff3-55bb41435b81,1,Computer Engineering,400,82.5,7.1,4.28,37.6,22.9,,57.7,0.0,stable,C,0
02752662-3759-44f5-8ff3-55bb41435b81,2,Computer Engineering,400,40.7,8.1,3.61,21.1,42.6,57.7,59.1,1.4,stable,C,1
11c7fd8d-25e4-4adc-a090-e914f452a182,1,Psychology,200,87.0,9.2,3.01,31.9,24.9,,53.4,0.0,stable,C,0
11c7fd8d-25e4-4adc-a090-e914f452a182,2,Psychology,200,89.5,14.0,3.84,34.5,44.1,53.4,73.5,20.1,improving,A,0
ff8deb0f-5ef9-4288-85fc-fb14185157b7,1,Architecture,500,70.9,11.9,4.56,32.6,58.0,,92.4,0.0,stable,A,0
ff8deb0f-5ef9-4288-85fc-fb14185157b7,2,Architecture,500,64.3,12.6,3.19,23.2,36.5,92.4,59.1,-33.3,declining,C,0
0c79e6e1-528b-4fdf-a18b-3243bc82bcb0,1,Electrical Engineering,200,99.1,1.6,3.96,30.1,20.3,,54.0,0.0,stable,C,0
0c79e6e1-528b-4fdf-a18b-3243bc82bcb0,2,Electrical Engineering,200,86.0,18.3,3.64,40.0,50.9,54.0,90.5,36.4,improving,A,0
b5df9c8a-487d-4881-95ce-46241f4889aa,1,Architecture,300,80.1,18.2,2.38,27.8,39.7,,61.1,0.0,stable,B,0
b5df9c8a-487d-4881-95ce-46241f4889aa,2,Architecture,300,77.1,2.6,3.04,34.7,28.2,61.1,67.9,6.8,improving,B,0
fb5200cb-36ae-47c6-8c32-1fa098e926b1,1,Architecture,300,53.1,18.0,3.54,17.0,60.0,,76.8,0.0,stable,A,0
fb5200cb-36ae-47c6-8c32-1fa098e926b1,2,Architecture,300,61.8,5.0,2.82,26.7,35.2,76.8,61.1,-15.8,declining,B,0
60e7e2bd-1e2b-4d1e-9022-9b58f7115901,1,Sociology,100,84.5,10.1,1.45,31.2,11.4,,43.6,0.0,stable,F,1
60e7e2bd-1e2b-4d1e-9022-9b58f7115901,2,Sociology,100,60.3,12.8,4.05,22.3,52.9,43.6,73.9,30.3,improving,A,0
8b4ed52c-9d27-4d8b-b969-c1024c553968,1,Biochemistry,400,100.0,10.2,2.33,38.4,32.6,,68.5,0.0,stable,B,0
8b4ed52c-9d27-4d8b-b969-c1024c553968,2,Biochemistry,400,67.8,11.8,4.07,18.9,41.8,68.5,62.6,-5.9,declining,B,0
098bc49d-2699-4422-af07-a6ad8bf656c5,1,Biochemistry,300,77.9,18.5,2.94,29.7,50.1,,80.0,0.0,stable,A,0
098bc49d-2699-4422-af07-a6ad8bf656c5,2,Biochemistry,300,69.1,14.6,2.48,25.8,35.1,80.0,64.9,-15.1,declining,B,0
8ea6aa00-390e-4a47-9fdc-7f521b87b4fe,1,Sociology,200,26.7,14.0,3.03,11.9,44.1,,57.5,0.0,stable,C,1
8ea6aa00-390e-4a47-9fdc-7f521b87b4fe,2,Sociology,200,83.8,0.0,4.09,28.1,40.1,57.5,70.4,12.9,improving,A,0
4ba13929-ec32-4222-a0cf-d91069cfc15b,1,Computer Engineering,400,61.8,15.3,2.69,17.0,53.0,,67.7,0.0,stable,B,0
4ba13929-ec32-4222-a0cf-d91069cfc15b,2,Computer Engineering,400,62.2,10.0,3.22,27.2,44.0,67.7,67.2,-0.5,stable,B,0
59c82ba3-f718-45fa-a1d6-afaa0f3a968a,1,Medicine,500,63.9,11.4,4.52,27.2,53.0,,80.4,0.0,stable,A,0
59c82ba3-f718-45fa-a1d6-afaa0f3a968a,2,Medicine,500,67.7,10.8,2.87,31.6,52.2,80.4,84.8,4.4,stable,A,0
3674bba0-a589-473c-b82f-258c31a9c095,1,Business Administration,400,92.8,7.2,2.67,29.9,38.6,,67.5,0.0,stable,B,0
3674bba0-a589-473c-b82f-258c31a9c095,2,Business Administration,400,85.9,7.3,3.03,35.6,15.7,67.5,57.7,-9.8,declining,C,0
13479a7a-37cf-4346-aac0-d8f7ed582716,1,Biology,300,70.8,1.9,3.13,29.3,31.8,,64.1,0.0,stable,B,0
13479a7a-37cf-4346-aac0-d8f7ed582716,2,Biology,300,86.2,13.5,3.36,31.7,59.1,64.1,86.4,22.3,improving,A,0
a364da28-8d0f-4e12-a7e9-2c1a76900665,1,Architecture,300,77.1,12.3,3.65,26.2,23.7,,50.3,0.0,stable,C,0
a364da28-8d0f-4e12-a7e9-2c1a76900665,2,Architecture,300,79.2,19.4,1.98,36.6,60.0,50.3,95.5,45.1,improving,A,0
df4943db-1b6b-4eb7-b21b-16f2d1a078f2,1,Mechanical Engineering,400,55.6,10.0,3.01,28.9,32.2,,65.8,0.0,stable,B,0
df4943db-1b6b-4eb7-b21b-16f2d1a078f2,2,Mechanical Engineering,400,58.3,3.3,3.89,15.3,33.1,65.8,57.7,-8.1,declining,C,0
440bc4f8-b55c-4836-84d0-d1c591fcab7d,1,Accounting,400,74.8,6.4,2.95,29.7,37.1,,68.8,0.0,stable,B,0
440bc4f8-b55c-4836-84d0-d1c591fcab7d,2,Accounting,400,59.4,20.4,3.2,30.5,39.7,68.8,74.1,5.3,improving,A,0
6ee5a928-9055-42c8-a16e-024d95d30503,1,Computer Engineering,200,71.1,13.4,2.25,24.2,46.0,,68.9,0.0,stable,B,0
6ee5a928-9055-42c8-a16e-024d95d30503,2,Computer Engineering,200,62.2,8.8,3.56,24.3,37.2,68.9,61.6,-7.3,declining,B,0
dd1895b3-9c39-4018-945c-19fd194e969b,1,Law,500,46.2,4.6,3.27,20.6,45.4,,68.9,0.0,stable,B,1
dd1895b3-9c39-4018-945c-19fd194e969b,2,Law,500,85.8,21.1,2.93,35.4,40.1,68.9,82.9,14.0,improving,A,0
f8e851c3-ff7a-438f-bda6-e36c94e83072,1,Medicine,500,100.0,12.1,3.31,40.0,38.8,,76.8,0.0,stable,A,0
f8e851c3-ff7a-438f-bda6-e36c94e83072,2,Medicine,500,88.1,12.4,3.15,28.5,23.0,76.8,52.1,-24.7,declining,C,0
30d6fcb0-dabf-4b39-9996-4ba2523a44f7,1,Business Administration,300,88.6,10.9,4.15,29.2,30.5,,59.5,0.0,stable,C,0
30d6fcb0-dabf-4b39-9996-4ba2523a44f7,2,Business Administration,300,73.8,15.8,2.38,36.6,60.0,59.5,96.5,37.0,improving,A,0
b1c8d6f8-c8fd-4adb-b781-b0d073d8f6b6,1,Computer Science,400,93.7,6.7,3.86,39.0,46.2,,85.1,0.0,stable,A,0
b1c8d6f8-c8fd-4adb-b781-b0d073d8f6b6,2,Computer Science,400,30.7,8.8,2.5,16.2,37.5,85.1,52.5,-32.6,declining,C,1
01c3c7b8-a483-4787-958c-e73f9b4f5f37,1,Business Administration,100,62.6,6.7,2.43,33.1,28.0,,59.6,0.0,stable,C,0
01c3c7b8-a483-4787-958c-e73f9b4f5f37,2,Business Administration,100,68.1,13.7,3.36,13.4,51.7,59.6,69.4,9.8,improving,B,0
f7174869-687e-4eba-92cc-c71008007f30,1,Psychology,100,59.2,7.1,2.64,23.1,37.6,,54.8,0.0,stable,C,0
f7174869-687e-4eba-92cc-c71008007f30,2,Psychology,100,58.2,19.7,2.26,32.9,47.1,54.8,74.6,19.7,improving,A,0
9b9d178a-3076-4549-b511-862873837016,1,Biochemistry,400,84.5,11.4,2.64,33.1,43.2,,78.4,0.0,stable,A,0
9b9d178a-3076-4549-b511-862873837016,2,Biochemistry,400,92.7,14.0,1.9,31.2,60.0,78.4,93.3,14.9,improving,A,0
376a4370-0e41-4b27-afe7-1fd9a973581a,1,Accounting,300,100.0,19.0,3.19,36.5,44.6,,75.9,0.0,stable,A,0
376a4370-0e41-4b27-afe7-1fd9a973581a,2,Accounting,300,75.3,18.1,2.52,32.1,51.5,75.9,80.8,5.0,stable,A,0
b02b75f7-ac5b-46e9-a170-ddd752f7e8fb,1,Political Science,200,68.2,6.9,2.34,22.2,25.6,,52.1,0.0,stable,C,0
b02b75f7-ac5b-46e9-a170-ddd752f7e8fb,2,Political Science,200,61.3,12.6,2.6,33.1,52.3,52.1,88.1,36.0,improving,A,0
6705df11-24bf-44a7-aac6-38bf03d4a361,1,Psychology,300,79.6,10.8,2.05,40.0,29.2,,71.2,0.0,stable,A,0
6705df11-24bf-44a7-aac6-38bf03d4a361,2,Psychology,300,90.9,9.2,3.83,37.0,56.5,71.2,92.1,20.9,improving,A,0
a9bedbf5-7eea-446f-aa09-b699a4e33c05,1,Mechanical Engineering,200,55.7,9.5,3.17,26.4,34.2,,54.9,0.0,stable,C,0
a9bedbf5-7eea-446f-aa09-b699a4e33c05,2,Mechanical Engineering,200,82.1,21.9,3.37,34.5,53.1,54.9,88.7,33.9,improving,A,0
d812c37b-8a37-4770-a561-189b97ca546b,1,Psychology,300,89.0,14.0,2.75,28.8,38.0,,67.8,0.0,stable,B,0
d812c37b-8a37-4770-a561-189b97ca546b,2,Psychology,300,70.3,13.6,3.35,33.2,54.2,67.8,87.7,19.9,improving,A,0
b9cd697e-e87b-4a66-9589-efe7198660a6,1,Sociology,200,55.4,10.3,3.04,16.9,52.3,,69.6,0.0,stable,B,0
b9cd697e-e87b-4a66-9589-efe7198660a6,2,Sociology,200,80.7,18.8,2.5,34.0,42.3,69.6,75.8,6.2,improving,A,0
f98065c8-85c8-4c5d-ad8f-7f2d5b36cc3b,1,Sociology,100,63.4,20.3,2.7,31.2,26.2,,60.9,0.0,stable,B,0
f98065c8-85c8-4c5d-ad8f-7f2d5b36cc3b,2,Sociology,100,90.8,12.5,2.82,35.2,60.0,60.9,89.9,29.0,improving,A,0
b8780072-3db8-41e0-8b11-7fcba187460f,1,Biochemistry,100,86.7,7.4,2.98,31.1,32.0,,63.1,0.0,stable,B,0
b8780072-3db8-41e0-8b11-7fcba187460f,2,Biochemistry,100,58.0,17.1,1.56,29.3,37.1,63.1,62.9,-0.2,stable,B,0
b70db730-865c-41b3-b3be-578306ba8bac,1,Business Administration,400,78.0,4.2,3.03,23.5,38.7,,59.4,0.0,stable,C,0
b70db730-865c-41b3-b3be-578306ba8bac,2,Business Administration,400,68.2,13.5,2.38,28.4,24.2,59.4,54.5,-4.9,stable,C,0
56986b22-ac11-465c-95ad-cd8b33fd1243,1,Computer Science,300,100.0,26.0,3.07,38.9,31.9,,75.3,0.0,stable,A,0
56986b22-ac11-465c-95ad-cd8b33fd1243,2,Computer Science,300,86.6,9.6,3.99,31.1,35.2,75.3,67.7,-7.6,declining,B,0
91480853-02fa-43c9-827f-758d64823260,1,Biology,200,59.0,17.1,2.16,21.6,32.4,,56.3,0.0,stable,C,0
91480853-02fa-43c9-827f-758d64823260,2,Biology,200,65.7,5.3,2.52,28.0,22.0,56.3,46.5,-9.8,declining,D,0
99cbc956-f6de-453e-a0b6-3b34b5f7ed01,1,Computer Engineering,300,100.0,7.7,2.74,33.2,31.8,,66.8,0.0,stable,B,0
99cbc956-f6de-453e-a0b6-3b34b5f7ed01,2,Computer Engineering,300,89.2,10.5,2.01,39.2,35.5,66.8,80.0,13.2,improving,A,0
5b19fa41-75a4-4aea-9c51-8a63d7502a95,1,Medicine,400,41.3,13.0,4.53,21.5,41.1,,63.5,0.0,stable,B,1
5b19fa41-75a4-4aea-9c51-8a63d7502a95,2,Medicine,400,66.6,10.4,2.73,25.2,50.2,63.5,76.8,13.3,improving,A,0
00d7b168-cc3e-48db-96f8-96b650be2d4c,1,Electrical Engineering,200,78.8,16.0,2.79,26.9,36.0,,62.9,0.0,stable,B,0
00d7b168-cc3e-48db-96f8-96b650be2d4c,2,Electrical Engineering,200,59.1,9.5,2.59,37.4,9.2,62.9,46.1,-16.8,declining,D,0
cad42ead-3364-4198-beaa-21504cba9649,1,Electrical Engineering,300,100.0,12.6,3.6,35.5,34.5,,63.3,0.0,stable,B,0
cad42ead-3364-4198-beaa-21504cba9649,2,Electrical Engineering,300,78.1,8.1,2.36,28.1,53.0,63.3,88.3,25.0,improving,A,0
abe4c2a3-6c67-4cf1-b904-b056fb03039f,1,Economics,300,78.3,9.7,2.06,33.0,53.9,,86.1,0.0,stable,A,0
abe4c2a3-6c67-4cf1-b904-b056fb03039f,2,Economics,300,39.3,15.4,3.79,14.9,45.3,86.1,61.6,-24.5,declining,B,1
78c26724-de76-4101-8f11-326065e10d46,1,Accounting,200,73.9,8.0,3.81,27.8,23.5,,45.1,0.0,stable,D,0
78c26724-de76-4101-8f11-326065e10d46,2,Accounting,200,93.9,15.1,3.07,31.6,36.6,45.1,65.0,19.8,improving,B,0
59a421ef-c2a4-4b72-b0b2-57ed48dc74ff,1,Business Administration,400,68.5,1.4,2.41,27.2,36.9,,64.0,0.0,stable,B,0
59a421ef-c2a4-4b72-b0b2-57ed48dc74ff,2,Business Administration,400,86.9,18.7,3.85,34.7,46.2,64.0,78.0,14.0,improving,A,0
8f0e2c44-468b-4192-885a-27ce2e1a2924,1,Political Science,300,86.1,20.4,3.27,40.0,30.9,,67.4,0.0,stable,B,0
8f0e2c44-468b-4192-885a-27ce2e1a2924,2,Political Science,300,87.8,13.3,4.05,32.5,33.9,67.4,65.8,-1.6,stable,B,0
7c814a23-7778-41f8-87f1-54e9122d2c00,1,Biology,300,52.0,6.4,3.78,29.8,40.7,,65.3,0.0,stable,B,0
7c814a23-7778-41f8-87f1-54e9122d2c00,2,Biology,300,69.6,5.9,3.94,26.0,26.2,65.3,52.3,-13.0,declining,C,0
a6df80da-a5ae-4eff-a1ae-e233ec272c5e,1,Political Science,100,65.4,19.4,2.41,21.1,22.2,,43.2,0.0,stable,F,1
a6df80da-a5ae-4eff-a1ae-e233ec272c5e,2,Political Science,100,66.6,4.9,3.95,31.7,36.1,43.2,71.8,28.7,improving,A,0
04657fe1-3023-40e0-99fe-29d7c45279f2,1,Architecture,100,84.9,7.9,2.17,36.1,38.9,,75.5,0.0,stable,A,0
04657fe1-3023-40e0-99fe-29d7c45279f2,2,Architecture,100,62.3,15.0,2.4,27.0,55.0,75.5,80.0,4.5,stable,A,0
04c2df1b-7107-4f0f-986b-13c121a434d2,1,Electrical Engineering,200,51.4,6.7,3.8,26.6,36.1,,61.1,0.0,stable,B,0
04c2df1b-7107-4f0f-986b-13c121a434d2,2,Electrical Engineering,200,82.3,7.8,3.24,27.8,28.1,61.1,53.9,-7.2,declining,C,0
0228badb-7fee-43a9-979c-fcac8b89a618,1,Accounting,400,69.4,11.8,3.19,10.4,31.7,,41.0,0.0,stable,F,1
0228badb-7fee-43a9-979c-fcac8b89a618,2,Accounting,400,97.6,6.6,3.13,40.0,22.8,41.0,64.0,23.1,improving,B,0
aad6286d-b610-490a-90db-26085252bf77,1,Accounting,300,63.0,9.5,2.36,23.9,60.0,,86.5,0.0,stable,A,0
aad6286d-b610-490a-90db-26085252bf77,2,Accounting,300,91.5,14.5,1.71,35.3,49.5,86.5,82.2,-4.3,stable,A,0
84664957-8ee7-4ba4-a7e2-939cc1c9b717,1,Computer Engineering,400,89.5,15.5,4.48,30.8,34.1,,63.8,0.0,stable,B,0
84664957-8ee7-4ba4-a7e2-939cc1c9b717,2,Computer Engineering,400,96.5,2.9,1.35,34.8,25.3,63.8,60.1,-3.7,stable,B,0
70a4c404-4e4a-4e0b-873a-2371ae277b89,1,Computer Science,300,89.2,9.2,1.5,40.0,24.6,,61.5,0.0,stable,B,0
70a4c404-4e4a-4e0b-873a-2371ae277b89,2,Computer Science,300,91.6,10.1,2.95,35.7,48.9,61.5,83.7,22.2,improving,A,0
3966bc7c-cc25-41c9-9b22-c3207e35f87c,1,Economics,100,97.8,1.3,3.61,30.4,46.9,,77.7,0.0,stable,A,0
3966bc7c-cc25-41c9-9b22-c3207e35f87c,2,Economics,100,64.9,15.3,3.71,31.2,33.1,77.7,62.8,-14.9,declining,B,0
6c6c6820-e83e-4967-8f98-3facd7407b70,1,Architecture,300,74.9,11.8,3.6,19.9,44.0,,63.0,0.0,stable,B,0
6c6c6820-e83e-4967-8f98-3facd7407b70,2,Architecture,300,62.4,8.3,2.83,9.5,29.6,63.0,36.4,-26.6,declining,F,1
591ee0a6-5873-4f05-bd31-a53111205ab8,1,Sociology,300,83.0,8.0,2.83,39.3,46.3,,88.3,0.0,stable,A,0
591ee0a6-5873-4f05-bd31-a53111205ab8,2,Sociology,300,67.5,14.7,2.81,27.5,45.2,88.3,71.0,-17.3,declining,A,0
050e44fb-3f79-4c12-85f4-0f4a7d46c400,1,Psychology,400,97.4,11.2,3.49,40.0,50.3,,86.1,0.0,stable,A,0
050e44fb-3f79-4c12-85f4-0f4a7d46c400,2,Psychology,400,81.7,16.3,3.71,25.8,37.5,86.1,66.2,-19.9,declining,B,0
dcc7eec2-42d3-4ea1-9a31-87aad2d33080,1,Accounting,300,63.6,10.5,4.26,27.5,33.8,,58.6,0.0,stable,C,0
dcc7eec2-42d3-4ea1-9a31-87aad2d33080,2,Accounting,300,80.0,5.3,2.8,32.7,47.4,58.6,82.1,23.5,improving,A,0
2746b54a-8876-4b82-9bb9-99b12388b0a0,1,Computer Engineering,200,64.3,17.9,2.76,21.7,41.6,,67.6,0.0,stable,B,0
2746b54a-8876-4b82-9bb9-99b12388b0a0,2,Computer Engineering,200,77.5,12.1,4.31,23.3,29.4,67.6,47.9,-19.7,declining,D,0
02d139ee-5d72-4081-82c2-d6738c8ca7ea,1,Architecture,100,80.6,12.8,4.23,32.3,38.6,,70.9,0.0,stable,A,0
02d139ee-5d72-4081-82c2-d6738c8ca7ea,2,Architecture,100,76.8,3.6,5.0,33.0,39.7,70.9,74.5,3.6,stable,A,0
28e1c836-c62b-4be2-b738-86e5342693c8,1,Psychology,300,85.6,11.3,2.5,35.1,41.9,,74.6,0.0,stable,A,0
28e1c836-c62b-4be2-b738-86e5342693c8,2,Psychology,300,96.3,13.5,3.58,40.0,42.0,74.6,83.0,8.3,improving,A,0
d3c6b31d-c491-44b0-a8ba-5135f1c7ee01,1,Biochemistry,200,87.2,8.4,3.04,33.1,27.5,,67.5,0.0,stable,B,0
d3c6b31d-c491-44b0-a8ba-5135f1c7ee01,2,Biochemistry,200,53.9,5.5,4.05,29.3,26.8,67.5,57.9,-9.6,declining,C,0
07aca0b7-1781-48ce-94a8-7d79912a8b06,1,Sociology,100,97.0,11.8,5.0,25.8,50.4,,79.7,0.0,stable,A,0
07aca0b7-1781-48ce-94a8-7d79912a8b06,2,Sociology,100,88.4,11.0,2.77,34.9,46.5,79.7,83.2,3.6,stable,A,0
97f0bf20-8d5b-40c5-ac4c-12b57f5881ef,1,Sociology,400,90.6,6.9,2.82,28.4,31.7,,63.2,0.0,stable,B,0
97f0bf20-8d5b-40c5-ac4c-12b57f5881ef,2,Sociology,400,76.6,25.0,3.15,30.6,50.3,63.2,79.0,15.8,improving,A,0
4dcb33d2-7658-4a93-a6fc-fba639a09b66,1,Biochemistry,300,74.1,17.6,3.09,25.9,34.5,,59.0,0.0,stable,C,0
4dcb33d2-7658-4a93-a6fc-fba639a09b66,2,Biochemistry,300,76.1,18.0,1.93,28.6,43.1,59.0,66.3,7.2,improving,B,0
cf098e77-4380-4e2e-aa5e-bc94d359b55c,1,Sociology,400,62.5,8.6,2.36,28.5,34.3,,61.1,0.0,stable,B,0
cf098e77-4380-4e2e-aa5e-bc94d359b55c,2,Sociology,400,81.4,20.6,4.31,21.7,54.1,61.1,75.3,14.2,improving,A,0
4e6ed213-cdcc-47c8-97ee-283d7e690ec1,1,Computer Engineering,200,77.3,10.0,3.09,31.2,32.5,,61.1,0.0,stable,B,0
4e6ed213-cdcc-47c8-97ee-283d7e690ec1,2,Computer Engineering,200,68.3,13.2,3.48,32.9,36.4,61.1,70.2,9.1,improving,A,0
3d945ea9-2320-4ff1-b5ee-c865571c6ef1,1,Computer Science,100,89.4,17.8,2.95,31.8,45.6,,73.9,0.0,stable,A,0
3d945ea9-2320-4ff1-b5ee-c865571c6ef1,2,Computer Science,100,72.1,15.7,3.51,28.1,45.4,73.9,71.0,-2.9,stable,A,0
c76e3f64-9254-49cf-baee-187e525fc4ea,1,Business Administration,400,85.6,11.6,2.78,30.3,38.2,,67.2,0.0,stable,B,0
c76e3f64-9254-49cf-baee-187e525fc4ea,2,Business Administration,400,84.9,10.0,4.27,39.3,31.8,67.2,71.3,4.1,stable,A,0
ff75731d-9dd8-476b-97ee-19d758cf6b21,1,Computer Engineering,100,65.2,10.4,4.6,26.5,45.2,,73.3,0.0,stable,A,0
ff75731d-9dd8-476b-97ee-19d758cf6b21,2,Computer Engineering,100,60.0,7.7,2.04,22.6,6.1,73.3,30.3,-43.1,declining,F,1
03dd2032-3243-4025-b155-71a0ef42f339,1,Mechanical Engineering,200,100.0,12.7,1.87,31.8,33.2,,62.0,0.0,stable,B,0
03dd2032-3243-4025-b155-71a0ef42f339,2,Mechanical Engineering,200,87.9,16.1,2.08,36.2,55.9,62.0,97.8,35.8,improving,A,0
573c9f85-e2ee-4336-b168-d22f7cacea50,1,Law,400,100.0,7.5,5.0,33.2,34.4,,68.6,0.0,stable,B,0
573c9f85-e2ee-4336-b168-d22f7cacea50,2,Law,400,66.3,14.0,1.94,27.1,51.7,68.6,78.6,10.0,improving,A,0
6f33eb58-a158-4754-99cb-63f80ee8fab6,1,Medicine,500,77.1,14.4,3.94,22.1,49.0,,70.3,0.0,stable,A,0
6f33eb58-a158-4754-99cb-63f80ee8fab6,2,Medicine,500,77.5,17.3,2.04,25.4,22.1,70.3,45.9,-24.5,declining,D,0
e8fba40d-02c1-4233-a67c-b94ef9ef8d21,1,Law,500,95.0,11.4,1.93,31.6,22.1,,50.3,0.0,stable,C,0
e8fba40d-02c1-4233-a67c-b94ef9ef8d21,2,Law,500,80.8,6.1,3.89,30.8,38.0,50.3,68.0,17.7,improving,B,0
3d82e24e-03a6-467f-88d2-7e7cb940a9e2,1,Biology,200,86.6,15.9,3.27,35.1,40.8,,77.6,0.0,stable,A,0
3d82e24e-03a6-467f-88d2-7e7cb940a9e2,2,Biology,200,69.9,12.0,2.78,26.7,32.2,77.6,60.4,-17.2,declining,B,0
a1d20182-dc3a-4966-9c20-17c5f824c0b1,1,Biochemistry,400,94.7,17.9,1.99,40.0,38.6,,80.4,0.0,stable,A,0
a1d20182-dc3a-4966-9c20-17c5f824c0b1,2,Biochemistry,400,61.4,12.7,3.25,19.9,46.7,80.4,70.6,-9.8,declining,A,0
a26b0c22-7d3e-41de-9b1c-01af21b24f00,1,Sociology,100,72.4,18.8,2.85,33.7,21.9,,62.9,0.0,stable,B,0
a26b0c22-7d3e-41de-9b1c-01af21b24f00,2,Sociology,100,97.4,10.6,1.42,35.9,21.0,62.9,58.2,-4.7,stable,C,0
981606b8-5889-47db-b347-ea5adb578d8b,1,Accounting,400,81.2,7.3,3.9,35.3,47.8,,83.1,0.0,stable,A,0
981606b8-5889-47db-b347-ea5adb578d8b,2,Accounting,400,53.8,16.9,2.78,18.8,56.2,83.1,81.3,-1.8,stable,A,0
ef3b09c7-0d9e-4397-a88b-90416c015ba8,1,Psychology,400,74.4,22.8,3.07,28.0,41.1,,74.0,0.0,stable,A,0
ef3b09c7-0d9e-4397-a88b-90416c015ba8,2,Psychology,400,63.3,15.7,2.55,25.4,51.6,74.0,75.8,1.8,stable,A,0
dbe3535d-efe4-4cd7-88a4-be758bda4dad,1,Business Administration,100,68.9,17.7,4.28,32.0,39.6,,70.1,0.0,stable,A,0
dbe3535d-efe4-4cd7-88a4-be758bda4dad,2,Business Administration,100,76.2,13.6,2.21,33.9,40.0,70.1,68.7,-1.4,stable,B,0
e90ca7c3-8d2f-4d26-b741-0858d89d34cd,1,Biology,300,61.1,9.5,2.94,36.7,40.0,,74.2,0.0,stable,A,0
e90ca7c3-8d2f-4d26-b741-0858d89d34cd,2,Biology,300,78.3,10.2,3.26,33.6,50.9,74.2,84.4,10.2,improving,A,0
06668d06-efd0-4c22-a98c-0af77f11b775,1,Mechanical Engineering,400,99.6,16.5,2.43,40.0,45.0,,82.4,0.0,stable,A,0
06668d06-efd0-4c22-a98c-0af77f11b775,2,Mechanical Engineering,400,99.8,22.4,2.97,32.4,45.2,82.4,79.8,-2.6,stable,A,0
7ec86280-f9cf-4b78-a051-f3018d53de05,1,Architecture,200,94.2,14.9,3.08,40.0,38.6,,81.7,0.0,stable,A,0
7ec86280-f9cf-4b78-a051-f3018d53de05,2,Architecture,200,70.7,14.2,2.91,28.9,37.2,81.7,70.0,-11.7,declining,A,0
d3d6b057-2bd2-4411-a1fd-64526d155b63,1,Accounting,300,64.0,8.3,4.7,32.7,16.5,,47.5,0.0,stable,D,0
d3d6b057-2bd2-4411-a1fd-64526d155b63,2,Accounting,300,47.8,7.2,0.49,23.9,19.7,47.5,43.8,-3.7,stable,F,1
e9707218-b355-40fd-91d3-218cd8168414,1,Computer Engineering,300,50.6,12.4,2.67,32.6,53.3,,88.3,0.0,stable,A,0
e9707218-b355-40fd-91d3-218cd8168414,2,Computer Engineering,300,70.1,21.9,1.76,22.0,43.3,88.3,72.1,-16.2,declining,A,0
22f0008c-0fac-45ce-b66b-8876f29eb906,1,Economics,300,72.0,11.1,1.85,34.1,46.1,,82.6,0.0,stable,A,0
22f0008c-0fac-45ce-b66b-8876f29eb906,2,Economics,300,65.6,8.5,1.97,28.5,24.2,82.6,49.2,-33.5,declining,D,0
6192cc93-8747-41b6-b602-aa0891c38742,1,Computer Science,400,68.6,9.6,2.57,31.1,37.8,,68.0,0.0,stable,B,0
6192cc93-8747-41b6-b602-aa0891c38742,2,Computer Science,400,77.7,7.0,3.08,31.3,21.2,68.0,55.5,-12.5,declining,C,0
cb46d863-00b9-41f1-aedf-e45166775239,1,Business Administration,200,61.8,12.5,3.93,32.0,42.1,,73.0,0.0,stable,A,0
cb46d863-00b9-41f1-aedf-e45166775239,2,Business Administration,200,89.2,15.4,2.51,28.9,20.3,73.0,49.6,-23.4,declining,D,0
bbf406a3-8339-47a0-962f-319536dc9e3a,1,Computer Engineering,400,73.8,17.7,3.29,36.4,37.2,,77.1,0.0,stable,A,0
bbf406a3-8339-47a0-962f-319536dc9e3a,2,Computer Engineering,400,67.1,15.9,1.83,29.6,20.2,77.1,49.0,-28.1,declining,D,0
9112a3ac-1ca0-4a25-a2d2-a81277786e2a,1,Computer Engineering,200,81.6,9.4,2.16,35.6,35.0,,69.1,0.0,stable,B,0
9112a3ac-1ca0-4a25-a2d2-a81277786e2a,2,Computer Engineering,200,75.6,25.2,3.92,35.9,55.2,69.1,91.6,22.5,improving,A,0
a4b2453d-88ab-412e-9030-57f8cc8124fb,1,Sociology,100,39.1,8.6,2.62,13.4,24.8,,32.3,0.0,stable,F,1
a4b2453d-88ab-412e-9030-57f8cc8124fb,2,Sociology,100,74.4,16.1,3.89,32.0,34.6,32.3,60.8,28.5,improving,B,0
c03f7140-7649-4363-b5ce-d4f18f8b21d8,1,Computer Science,300,48.6,5.7,2.29,23.9,23.5,,48.4,0.0,stable,D,1
c03f7140-7649-4363-b5ce-d4f18f8b21d8,2,Computer Science,300,71.5,12.1,3.91,23.4,45.6,48.4,69.0,20.6,improving,B,0
58d433ec-7de1-41f8-862e-28c9af5ba575,1,Mechanical Engineering,200,70.0,16.4,3.7,24.3,42.3,,67.4,0.0,stable,B,0
58d433ec-7de1-41f8-862e-28c9af5ba575,2,Mechanical Engineering,200,70.9,14.9,3.22,38.3,26.8,67.4,64.8,-2.6,stable,B,0
1240c3b1-c6c4-44e7-b5bf-b0346eb1f0e5,1,Political Science,200,61.4,15.0,1.71,29.0,32.8,,59.6,0.0,stable,C,0
1240c3b1-c6c4-44e7-b5bf-b0346eb1f0e5,2,Political Science,200,53.3,9.7,3.87,25.5,45.9,59.6,76.5,16.8,improving,A,0
207819bc-3ea4-490d-b4b7-34f6213a2a43,1,Computer Engineering,200,79.0,9.2,3.37,28.1,33.3,,56.8,0.0,stable,C,0
207819bc-3ea4-490d-b4b7-34f6213a2a43,2,Computer Engineering,200,88.9,10.1,3.15,27.6,42.8,56.8,68.2,11.4,improving,B,0
6e4fe1a5-9fe0-4785-a338-b942d76b6440,1,Psychology,200,72.9,16.4,3.63,29.5,26.3,,64.7,0.0,stable,B,0
6e4fe1a5-9fe0-4785-a338-b942d76b6440,2,Psychology,200,100.0,15.6,2.4,34.4,35.5,64.7,73.7,9.0,improving,A,0
7af36535-528d-426e-b3af-fe497e8f3ee8,1,Accounting,200,78.9,8.1,2.62,36.4,52.0,,93.0,0.0,stable,A,0
7af36535-528d-426e-b3af-fe497e8f3ee8,2,Accounting,200,86.4,10.7,0.41,33.8,33.5,93.0,67.6,-25.4,declining,B,0
08bf97de-4944-4a82-a16d-771739921874,1,Medicine,200,75.8,5.4,3.45,33.3,42.6,,78.7,0.0,stable,A,0
08bf97de-4944-4a82-a16d-771739921874,2,Medicine,200,84.1,9.9,2.94,32.3,39.1,78.7,74.3,-4.4,stable,A,0
47fa7314-17a3-4a9e-850c-152866f972bb,1,Political Science,100,84.7,22.4,4.77,32.3,12.2,,48.2,0.0,stable,D,0
47fa7314-17a3-4a9e-850c-152866f972bb,2,Political Science,100,66.9,8.0,2.68,26.1,42.2,48.2,63.7,15.5,improving,B,0
2193a904-b1a5-4299-b3d8-55e4f7fd2286,1,Business Administration,200,58.8,13.7,3.5,30.0,33.9,,61.0,0.0,stable,B,0
2193a904-b1a5-4299-b3d8-55e4f7fd2286,2,Business Administration,200,67.4,13.2,4.19,18.2,40.6,61.0,54.8,-6.1,declining,C,0
6a9319f4-6f22-4836-aaf1-3efe38e67df4,1,Electrical Engineering,300,50.2,16.8,3.44,27.3,53.1,,79.0,0.0,stable,A,0
6a9319f4-6f22-4836-aaf1-3efe38e67df4,2,Electrical Engineering,300,68.5,22.9,2.8,32.4,47.0,79.0,73.9,-5.1,declining,A,0
559f47c0-7270-49c8-8128-ef5417f94840,1,Political Science,200,44.3,9.1,3.84,27.8,48.3,,73.2,0.0,stable,A,1
559f47c0-7270-49c8-8128-ef5417f94840,2,Political Science,200,99.2,7.2,3.17,34.8,34.7,73.2,73.5,0.4,stable,A,0
8311cc88-f1c2-45fa-a1b2-bdcaf8d0e5af,1,Computer Engineering,100,64.4,5.3,3.02,25.9,60.0,,87.9,0.0,stable,A,0
8311cc88-f1c2-45fa-a1b2-bdcaf8d0e5af,2,Computer Engineering,100,68.9,6.7,1.5,23.6,33.9,87.9,61.9,-26.0,declining,B,0
289da6cc-baf6-46a3-9e8e-1e4e3f6d0bc9,1,Electrical Engineering,100,91.8,13.1,2.74,34.7,34.7,,74.6,0.0,stable,A,0
289da6cc-baf6-46a3-9e8e-1e4e3f6d0bc9,2,Electrical Engineering,100,72.2,11.6,1.23,28.5,44.1,74.6,69.3,-5.2,declining,B,0
6fc10ec3-351b-45ac-b348-bfa7e1293f0f,1,Medicine,200,63.7,16.0,1.82,33.0,34.7,,66.6,0.0,stable,B,0
6fc10ec3-351b-45ac-b348-bfa7e1293f0f,2,Medicine,200,58.1,13.9,4.97,30.5,36.2,66.6,70.2,3.6,stable,A,0
945708f9-30e7-4d6c-9266-baf384694805,1,Psychology,300,70.2,18.9,3.65,14.3,35.7,,52.9,0.0,stable,C,0
945708f9-30e7-4d6c-9266-baf384694805,2,Psychology,300,77.3,6.9,2.49,20.9,34.0,52.9,61.6,8.7,improving,B,0
ec0df183-b815-44ae-b16d-c399246c93a2,1,Computer Science,200,87.1,23.0,3.71,37.6,60.0,,98.7,0.0,stable,A,0
ec0df183-b815-44ae-b16d-c399246c93a2,2,Computer Science,200,72.2,17.2,4.16,27.0,38.4,98.7,65.8,-32.9,declining,B,0
7dde77bd-fcff-4a3f-a675-28a0485b6853,1,Business Administration,100,87.5,16.0,1.86,40.0,33.7,,72.9,0.0,stable,A,0
7dde77bd-fcff-4a3f-a675-28a0485b6853,2,Business Administration,100,61.5,25.5,3.19,23.0,58.2,72.9,83.6,10.6,improving,A,0
36ec443d-4650-4cfc-ada2-74123e1af2d1,1,Electrical Engineering,400,72.2,16.2,2.34,27.0,21.2,,44.2,0.0,stable,F,1
36ec443d-4650-4cfc-ada2-74123e1af2d1,2,Electrical Engineering,400,100.0,20.2,3.05,40.0,43.9,44.2,83.2,39.1,improving,A,0
067e0473-efbb-4ab4-9579-93eb6049e973,1,Economics,100,75.8,11.4,2.83,35.9,40.3,,78.3,0.0,stable,A,0
067e0473-efbb-4ab4-9579-93eb6049e973,2,Economics,100,90.5,13.9,2.22,26.3,40.9,78.3,66.7,-11.6,declining,B,0
d35bf2fd-f92b-4b06-a737-8257fc508266,1,Biology,100,76.3,11.9,5.0,23.6,23.6,,48.2,0.0,stable,D,0
d35bf2fd-f92b-4b06-a737-8257fc508266,2,Biology,100,69.4,13.6,3.47,35.3,26.6,48.2,60.2,12.0,improving,B,0
dc22bc20-3d37-4655-9bdd-610a471305ce,1,Architecture,400,81.4,15.9,4.75,36.1,45.3,,78.7,0.0,stable,A,0
dc22bc20-3d37-4655-9bdd-610a471305ce,2,Architecture,400,66.5,9.0,3.52,29.6,25.3,78.7,53.6,-25.1,declining,C,0
acdf80c6-d509-4b59-968a-0e17cf6f93f9,1,Political Science,300,88.2,13.8,3.45,34.5,58.0,,93.3,0.0,stable,A,0
acdf80c6-d509-4b59-968a-0e17cf6f93f9,2,Political Science,300,69.2,7.4,3.2,16.6,34.9,93.3,50.9,-42.4,declining,C,0
9b883032-2267-4815-a424-9a254fcb26f3,1,Economics,100,54.5,7.4,3.65,27.1,38.6,,66.5,0.0,stable,B,0
9b883032-2267-4815-a424-9a254fcb26f3,2,Economics,100,76.4,18.2,3.1,23.0,60.0,66.5,84.1,17.5,improving,A,0
6fa374c1-8259-4afb-9030-da6058fc7e02,1,Architecture,500,66.2,5.7,3.32,27.6,51.5,,78.1,0.0,stable,A,0
6fa374c1-8259-4afb-9030-da6058fc7e02,2,Architecture,500,62.4,16.5,3.74,28.3,51.0,78.1,79.2,1.2,stable,A,0
10899f82-1cde-47ed-bc75-d9882d5477a9,1,Mechanical Engineering,100,78.5,17.8,3.5,29.9,58.3,,81.0,0.0,stable,A,0
10899f82-1cde-47ed-bc75-d9882d5477a9,2,Mechanical Engineering,100,100.0,3.5,2.5,34.8,31.0,81.0,68.8,-12.2,declining,B,0
5713217c-36eb-4558-ac35-6af135e9dc20,1,Biology,300,59.1,13.3,2.54,28.3,38.9,,67.5,0.0,stable,B,0
5713217c-36eb-4558-ac35-6af135e9dc20,2,Biology,300,66.8,9.4,3.23,33.1,32.2,67.5,62.7,-4.8,stable,B,0
5d034eae-95f9-4137-91fc-8fd88ad9cc6f,1,Architecture,100,84.2,11.8,3.66,27.3,23.0,,48.7,0.0,stable,D,0
5d034eae-95f9-4137-91fc-8fd88ad9cc6f,2,Architecture,100,63.5,11.6,2.49,31.4,35.4,48.7,67.2,18.5,improving,B,0
6213d5f7-d494-4c54-b355-6e37faedc84f,1,Computer Science,400,77.4,13.0,2.98,33.0,32.3,,69.5,0.0,stable,B,0
6213d5f7-d494-4c54-b355-6e37faedc84f,2,Computer Science,400,71.5,5.4,3.15,25.0,41.8,69.5,73.5,4.0,stable,A,0
df1b524e-7eed-499f-9ac0-58f15758af82,1,Accounting,400,63.2,13.7,1.6,29.9,29.1,,57.1,0.0,stable,C,0
df1b524e-7eed-499f-9ac0-58f15758af82,2,Accounting,400,58.5,15.7,3.81,26.8,35.2,57.1,66.7,9.6,improving,B,0
268e661b-b4bb-457b-9b7d-96630c1b8882,1,Law,100,63.7,1.2,3.37,22.2,42.5,,63.6,0.0,stable,B,0
268e661b-b4bb-457b-9b7d-96630c1b8882,2,Law,100,84.1,19.0,2.03,29.0,41.9,63.6,75.5,11.9,improving,A,0
b9c1af36-0b11-440b-9bda-a7d6082f209f,1,Architecture,400,65.1,9.0,3.38,25.1,39.7,,60.2,0.0,stable,B,0
b9c1af36-0b11-440b-9bda-a7d6082f209f,2,Architecture,400,100.0,5.3,2.74,34.8,53.4,60.2,84.2,24.0,improving,A,0
b96f32e6-9abf-4d0d-ac9a-099f5feca6ee,1,Computer Engineering,100,100.0,15.8,3.33,30.1,48.7,,76.6,0.0,stable,A,0
b96f32e6-9abf-4d0d-ac9a-099f5feca6ee,2,Computer Engineering,100,94.0,7.1,2.91,31.0,26.0,76.6,59.3,-17.3,declining,C,0
a273128f-8249-4f3c-8bf1-4eda22bc9a11,1,Medicine,500,83.0,18.0,1.58,36.9,60.0,,95.6,0.0,stable,A,0
a273128f-8249-4f3c-8bf1-4eda22bc9a11,2,Medicine,500,100.0,10.7,1.9,33.5,46.9,95.6,77.9,-17.7,declining,A,0
581d8e7a-dd16-4c81-85cb-7d76b7da9595,1,Electrical Engineering,100,66.0,15.0,3.0,31.1,44.1,,76.6,0.0,stable,A,0
581d8e7a-dd16-4c81-85cb-7d76b7da9595,2,Electrical Engineering,100,68.5,13.2,2.26,35.1,32.6,76.6,71.1,-5.5,declining,A,0
fbe94aef-d21f-4008-868c-edb8481cf33a,1,Electrical Engineering,300,71.5,13.0,2.6,24.2,22.1,,43.1,0.0,stable,F,1
fbe94aef-d21f-4008-868c-edb8481cf33a,2,Electrical Engineering,300,70.1,13.1,3.81,26.8,33.1,43.1,55.6,12.5,improving,C,0
1b888452-ed40-42d7-87c9-a8526966250c,1,Psychology,300,82.2,18.9,4.01,35.0,52.9,,93.0,0.0,stable,A,0
1b888452-ed40-42d7-87c9-a8526966250c,2,Psychology,300,80.0,15.2,2.74,24.2,34.5,93.0,58.7,-34.3,declining,C,0
cd000064-dd1e-4ab4-9b44-b24b80f39029,1,Law,500,75.9,21.6,3.07,36.1,42.2,,77.4,0.0,stable,A,0
cd000064-dd1e-4ab4-9b44-b24b80f39029,2,Law,500,55.1,8.3,3.42,26.1,47.2,77.4,73.8,-3.6,stable,A,0
5bead2db-0d7a-4dc8-a718-7b579de4a71d,1,Economics,300,69.7,22.7,2.92,34.8,43.1,,80.0,0.0,stable,A,0
5bead2db-0d7a-4dc8-a718-7b579de4a71d,2,Economics,300,88.9,13.0,1.12,32.9,48.9,80.0,83.3,3.3,stable,A,0
36f62ecf-dcd1-4cd4-bc5b-255e06366302,1,Architecture,500,81.7,3.4,2.42,33.4,36.4,,73.4,0.0,stable,A,0
36f62ecf-dcd1-4cd4-bc5b-255e06366302,2,Architecture,500,72.8,14.0,3.01,24.6,18.5,73.4,44.4,-29.0,declining,F,1
240907d6-d21e-4bf2-bc12-7f626ed1be95,1,Psychology,400,77.6,8.9,1.7,33.7,32.1,,67.5,0.0,stable,B,0
240907d6-d21e-4bf2-bc12-7f626ed1be95,2,Psychology,400,100.0,1.3,2.44,34.0,45.4,67.5,74.4,6.9,improving,A,0
ad45a250-aacb-459f-b855-7557477ab265,1,Computer Engineering,100,100.0,12.7,2.92,34.0,35.5,,72.7,0.0,stable,A,0
ad45a250-aacb-459f-b855-7557477ab265,2,Computer Engineering,100,59.0,13.7,2.69,23.0,60.0,72.7,84.2,11.5,improving,A,0
8623efce-1199-499e-8887-b9d36e44f47a,1,Accounting,200,84.2,17.7,1.86,40.0,16.3,,54.0,0.0,stable,C,0
8623efce-1199-499e-8887-b9d36e44f47a,2,Accounting,200,68.1,14.9,3.17,27.8,41.9,54.0,66.7,12.8,improving,B,0
8cabe263-b423-40fe-80a4-5521b85e845d,1,Law,400,52.5,15.6,3.55,33.4,35.4,,70.9,0.0,stable,A,0
8cabe263-b423-40fe-80a4-5521b85e845d,2,Law,400,70.7,18.0,3.82,30.2,42.1,70.9,75.2,4.3,stable,A,0
51c68001-2190-41f5-8a77-c892d38daf38,1,Biochemistry,200,84.7,8.6,1.94,30.5,50.2,,84.1,0.0,stable,A,0
51c68001-2190-41f5-8a77-c892d38daf38,2,Biochemistry,200,58.3,6.2,4.02,21.0,42.5,84.1,61.7,-22.4,declining,B,0
b4a6b376-ca97-42f1-b723-b42080e4f304,1,Law,300,99.3,8.1,3.91,35.8,41.2,,71.0,0.0,stable,A,0
b4a6b376-ca97-42f1-b723-b42080e4f304,2,Law,300,42.0,10.9,3.2,17.8,28.3,71.0,47.7,-23.3,declining,D,1
9892788d-5443-42c3-a0d8-bcb00159d256,1,Accounting,400,83.4,11.3,3.62,25.8,36.8,,67.5,0.0,stable,B,0
9892788d-5443-42c3-a0d8-bcb00159d256,2,Accounting,400,76.0,12.6,4.84,23.2,51.7,67.5,79.9,12.3,improving,A,0
c4905935-a6be-4f7f-a0df-1cc7fd7421f9,1,Law,400,70.1,16.3,2.21,25.6,44.9,,72.9,0.0,stable,A,0
c4905935-a6be-4f7f-a0df-1cc7fd7421f9,2,Law,400,91.8,19.8,2.95,39.3,41.6,72.9,83.7,10.8,improving,A,0
59071d0a-e168-4a5a-8ec4-07f91731aa7c,1,Biology,100,78.1,14.2,3.34,22.6,30.6,,53.5,0.0,stable,C,0
59071d0a-e168-4a5a-8ec4-07f91731aa7c,2,Biology,100,49.7,16.2,3.7,26.6,32.7,53.5,63.4,9.9,improving,B,1
9f52c001-7153-40e9-af82-3eae132e88b5,1,Medicine,400,100.0,12.7,3.41,36.0,46.2,,81.9,0.0,stable,A,0
9f52c001-7153-40e9-af82-3eae132e88b5,2,Medicine,400,74.5,16.5,4.88,22.9,45.5,81.9,64.9,-17.0,declining,B,0
5c9efe46-7d28-42db-a5e3-166e373fd2a2,1,Medicine,300,98.9,9.1,1.85,38.0,52.6,,92.6,0.0,stable,A,0
5c9efe46-7d28-42db-a5e3-166e373fd2a2,2,Medicine,300,78.1,14.0,4.13,26.2,42.2,92.6,67.1,-25.5,declining,B,0
9508042a-ef87-4b35-bef8-7edd151da8e9,1,Medicine,200,57.5,10.4,3.89,29.3,46.6,,76.4,0.0,stable,A,0
9508042a-ef87-4b35-bef8-7edd151da8e9,2,Medicine,200,82.8,8.0,2.75,32.5,39.0,76.4,72.5,-3.9,stable,A,0
6f9654cc-629c-4a54-9f7f-d985f9fb7110,1,Sociology,400,72.9,10.1,5.0,34.1,46.4,,79.8,0.0,stable,A,0
6f9654cc-629c-4a54-9f7f-d985f9fb7110,2,Sociology,400,68.2,11.3,3.23,19.2,23.9,79.8,41.2,-38.6,declining,F,1
63bcf92e-4113-4654-b89e-7cb5f842a1dc,1,Computer Engineering,100,78.1,10.8,4.18,23.2,33.6,,61.3,0.0,stable,B,0
63bcf92e-4113-4654-b89e-7cb5f842a1dc,2,Computer Engineering,100,77.0,16.4,4.64,26.9,45.0,61.3,71.1,9.8,improving,A,0
0b2f7bce-a469-4ed3-a34b-39b583c4e6f0,1,Accounting,100,45.7,10.4,3.7,26.8,46.1,,71.8,0.0,stable,A,1
0b2f7bce-a469-4ed3-a34b-39b583c4e6f0,2,Accounting,100,65.2,18.3,2.6,29.5,44.9,71.8,78.8,7.1,improving,A,0
67739885-16ac-4894-a169-24d171316313,1,Computer Engineering,400,89.6,5.5,2.05,35.8,32.4,,66.8,0.0,stable,B,0
67739885-16ac-4894-a169-24d171316313,2,Computer Engineering,400,90.2,12.9,3.04,36.9,36.6,66.8,78.2,11.4,improving,A,0
47a012d8-665b-4fdb-98f3-67aa3ffabeec,1,Computer Engineering,300,63.2,15.3,4.15,20.7,40.8,,65.0,0.0,stable,B,0
47a012d8-665b-4fdb-98f3-67aa3ffabeec,2,Computer Engineering,300,92.4,11.1,2.41,38.3,49.6,65.0,84.4,19.4,improving,A,0
75fa5381-1298-4991-9549-688465dde7eb,1,Political Science,200,56.9,13.1,3.5,24.9,48.2,,70.9,0.0,stable,A,0
75fa5381-1298-4991-9549-688465dde7eb,2,Political Science,200,43.3,9.9,3.05,22.3,26.6,70.9,43.4,-27.5,declining,F,1
9d366ef0-b582-4983-ad41-cf73b408faa3,1,Economics,100,67.3,16.5,4.0,34.4,36.6,,67.6,0.0,stable,B,0
9d366ef0-b582-4983-ad41-cf73b408faa3,2,Economics,100,82.4,15.2,3.32,21.4,33.8,67.6,55.1,-12.4,declining,C,0
ab93df3b-c0f3-4c5e-b5bb-b29f7754eaf2,1,Psychology,300,82.3,15.8,3.12,33.1,43.4,,78.6,0.0,stable,A,0
ab93df3b-c0f3-4c5e-b5bb-b29f7754eaf2,2,Psychology,300,79.7,12.3,2.79,31.3,44.2,78.6,76.4,-2.2,stable,A,0
fca5e5df-ea8b-4b77-b5eb-17b6f32c0c26,1,Sociology,100,80.7,18.7,3.21,27.9,53.6,,77.4,0.0,stable,A,0
fca5e5df-ea8b-4b77-b5eb-17b6f32c0c26,2,Sociology,100,58.8,13.7,3.41,20.5,37.8,77.4,56.5,-20.9,declining,C,0
55f223e6-6fee-4cd5-adb9-fd8ebf91e043,1,Law,300,67.7,16.7,3.57,28.4,38.6,,63.0,0.0,stable,B,0
55f223e6-6fee-4cd5-adb9-fd8ebf91e043,2,Law,300,96.3,15.0,2.43,37.9,39.9,63.0,76.9,13.8,improving,A,0
2539d03e-b614-4c1b-ac1b-09ad6ee9af58,1,Accounting,400,81.5,8.3,2.72,31.9,31.4,,65.3,0.0,stable,B,0
2539d03e-b614-4c1b-ac1b-09ad6ee9af58,2,Accounting,400,100.0,8.2,1.67,25.0,32.7,65.3,55.7,-9.6,declining,C,0
9f64afcf-04cf-4c74-91ca-e81fbc81b450,1,Accounting,100,78.1,12.7,1.72,21.5,40.4,,62.4,0.0,stable,B,0
9f64afcf-04cf-4c74-91ca-e81fbc81b450,2,Accounting,100,68.6,3.7,3.38,35.1,37.2,62.4,69.7,7.3,improving,B,0
6375bd97-ea5b-4048-8088-bd3bb14fa737,1,Business Administration,300,75.7,5.2,3.85,30.5,18.7,,48.3,0.0,stable,D,0
6375bd97-ea5b-4048-8088-bd3bb14fa737,2,Business Administration,300,81.9,10.3,2.78,25.3,43.6,48.3,66.9,18.6,improving,B,0
1f4efd85-cb2c-4614-bc30-7f15a5d4777e,1,Medicine,100,42.7,10.1,3.78,21.6,57.2,,80.1,0.0,stable,A,1
1f4efd85-cb2c-4614-bc30-7f15a5d4777e,2,Medicine,100,80.1,11.4,2.95,29.7,36.0,80.1,67.3,-12.8,declining,B,0
f29014cb-34bf-427c-9163-7db99c220f86,1,Psychology,200,61.0,6.6,2.1,37.4,39.2,,77.6,0.0,stable,A,0
f29014cb-34bf-427c-9163-7db99c220f86,2,Psychology,200,59.1,15.1,2.91,27.9,31.8,77.6,60.2,-17.3,declining,B,0
83b36311-4676-4f71-a27a-20b554de82af,1,Electrical Engineering,400,68.6,8.2,3.59,21.0,43.7,,66.8,0.0,stable,B,0
83b36311-4676-4f71-a27a-20b554de82af,2,Electrical Engineering,400,61.8,7.9,2.82,28.8,34.8,66.8,64.8,-1.9,stable,B,0
3a54861d-d4eb-429c-9693-30bd16e8f49b,1,Mechanical Engineering,100,100.0,9.5,1.63,39.1,51.8,,92.2,0.0,stable,A,0
3a54861d-d4eb-429c-9693-30bd16e8f49b,2,Mechanical Engineering,100,58.7,11.4,2.11,30.0,23.8,92.2,52.9,-39.3,declining,C,0
a76ad145-3eb5-48e7-8da4-cf972d379932,1,Medicine,500,59.9,12.6,2.71,27.9,39.7,,64.6,0.0,stable,B,0
a76ad145-3eb5-48e7-8da4-cf972d379932,2,Medicine,500,84.4,11.8,2.21,40.0,42.6,64.6,82.1,17.5,improving,A,0
d1909a1c-d21f-48a2-9c40-85633d3a15a1,1,Medicine,100,96.2,21.2,2.88,36.0,36.0,,71.6,0.0,stable,A,0
d1909a1c-d21f-48a2-9c40-85633d3a15a1,2,Medicine,100,72.0,12.9,3.27,32.2,43.1,71.6,71.7,0.1,stable,A,0
99c61d17-496d-4c65-9a7f-d8ece4bb84a7,1,Political Science,300,60.9,9.3,2.77,32.4,25.5,,56.9,0.0,stable,C,0
99c61d17-496d-4c65-9a7f-d8ece4bb84a7,2,Political Science,300,89.3,10.5,3.37,32.2,41.8,56.9,73.3,16.4,improving,A,0
cdb4226e-9b7d-43ab-acc5-2adb7e951503,1,Psychology,200,85.0,4.3,2.71,33.5,38.8,,76.8,0.0,stable,A,0
cdb4226e-9b7d-43ab-acc5-2adb7e951503,2,Psychology,200,69.1,19.4,2.47,35.5,52.0,76.8,84.7,7.9,improving,A,0
bdd1b717-9893-4ebb-be48-da114e3d264c,1,Political Science,400,79.6,11.7,3.5,29.8,37.3,,71.2,0.0,stable,A,0
bdd1b717-9893-4ebb-be48-da114e3d264c,2,Political Science,400,73.5,16.1,2.82,38.0,35.4,71.2,71.6,0.3,stable,A,0
0bef08f8-8b5f-4002-9736-9c8b44a5a489,1,Accounting,100,97.9,9.8,4.28,39.0,39.0,,72.6,0.0,stable,A,0
0bef08f8-8b5f-4002-9736-9c8b44a5a489,2,Accounting,100,74.7,12.5,3.93,37.9,35.0,72.6,75.2,2.6,stable,A,0
091c4c69-c4eb-4551-93c7-34e52df366e6,1,Psychology,300,86.5,17.4,3.4,22.6,42.6,,61.8,0.0,stable,B,0
091c4c69-c4eb-4551-93c7-34e52df366e6,2,Psychology,300,72.0,16.9,3.24,35.1,47.0,61.8,78.2,16.4,improving,A,0
5bfa5b05-0cd3-479c-9487-d6677572b89d,1,Computer Science,200,37.2,12.7,2.83,17.6,22.8,,38.1,0.0,stable,F,1
5bfa5b05-0cd3-479c-9487-d6677572b89d,2,Computer Science,200,72.1,15.3,3.15,37.5,31.9,38.1,72.0,33.9,improving,A,0
5cfebc8c-36f2-446b-a939-73766df8d8cd,1,Business Administration,300,75.7,15.5,2.65,35.5,44.3,,77.8,0.0,stable,A,0
5cfebc8c-36f2-446b-a939-73766df8d8cd,2,Business Administration,300,74.8,10.8,3.39,24.1,39.2,77.8,64.5,-13.3,declining,B,0
fd131f0c-e7c0-4ebd-b697-7cc0b32c0412,1,Biochemistry,300,75.5,18.7,3.62,30.1,47.8,,78.7,0.0,stable,A,0
fd131f0c-e7c0-4ebd-b697-7cc0b32c0412,2,Biochemistry,300,81.0,2.9,2.76,23.8,45.4,78.7,69.0,-9.8,declining,B,0
64237b61-321c-4ff9-9535-7951549b2767,1,Medicine,100,72.1,16.5,3.34,23.8,42.7,,65.5,0.0,stable,B,0
64237b61-321c-4ff9-9535-7951549b2767,2,Medicine,100,48.8,8.5,2.85,24.2,22.0,65.5,49.6,-15.9,declining,D,1
e4724d1f-3e33-41d0-8275-ae095cd8b985,1,Electrical Engineering,200,73.5,12.2,3.32,25.8,44.9,,69.6,0.0,stable,B,0
e4724d1f-3e33-41d0-8275-ae095cd8b985,2,Electrical Engineering,200,61.6,14.9,4.19,30.9,53.2,69.6,82.6,13.0,improving,A,0
1ce8d145-befb-4a82-ab6d-15d9b18ffeb3,1,Psychology,400,51.0,19.5,4.64,32.9,44.8,,74.3,0.0,stable,A,0
1ce8d145-befb-4a82-ab6d-15d9b18ffeb3,2,Psychology,400,59.0,3.6,2.91,34.8,32.0,74.3,67.7,-6.6,declining,B,0
d0c13b13-0150-4fa8-aa27-3e0d7777c97a,1,Computer Engineering,200,95.6,10.0,4.63,40.0,40.1,,78.3,0.0,stable,A,0
d0c13b13-0150-4fa8-aa27-3e0d7777c97a,2,Computer Engineering,200,85.5,10.3,2.07,38.5,48.6,78.3,87.6,9.3,improving,A,0
c702ab16-7675-4629-a312-933480838540,1,Biology,100,56.1,5.9,3.09,23.7,31.9,,58.7,0.0,stable,C,0
c702ab16-7675-4629-a312-933480838540,2,Biology,100,86.0,18.9,2.21,30.5,50.5,58.7,82.3,23.6,improving,A,0
bbe19041-a85d-4408-b571-784cc988c1aa,1,Computer Engineering,200,98.0,14.1,4.48,37.3,54.7,,91.0,0.0,stable,A,0
bbe19041-a85d-4408-b571-784cc988c1aa,2,Computer Engineering,200,75.2,16.6,4.29,33.7,44.6,91.0,82.4,-8.6,declining,A,0
f0ffc28f-8dd7-4e84-8725-1b051c5083cc,1,Law,400,42.1,4.9,3.55,23.5,41.6,,65.3,0.0,stable,B,1
f0ffc28f-8dd7-4e84-8725-1b051c5083cc,2,Law,400,83.6,7.9,3.46,36.7,49.8,65.3,92.5,27.2,improving,A,0
5d3bb510-a290-4456-9c65-d9186a9de935,1,Architecture,300,78.7,13.4,1.78,28.1,36.2,,67.4,0.0,stable,B,0
5d3bb510-a290-4456-9c65-d9186a9de935,2,Architecture,300,65.8,16.0,3.0,27.3,44.9,67.4,71.0,3.6,stable,A,0
4bb0c1b5-8b43-4bec-9bd8-1651fe28289f,1,Electrical Engineering,300,68.6,3.5,2.8,26.3,27.9,,55.5,0.0,stable,C,0
4bb0c1b5-8b43-4bec-9bd8-1651fe28289f,2,Electrical Engineering,300,84.9,13.2,3.8,34.9,39.0,55.5,72.5,17.0,improving,A,0
06590e04-98c6-481f-8e88-035330be90fb,1,Business Administration,300,79.7,14.9,4.12,36.9,38.4,,75.0,0.0,stable,A,0
06590e04-98c6-481f-8e88-035330be90fb,2,Business Administration,300,85.1,17.3,3.75,31.7,32.3,75.0,61.0,-14.0,declining,B,0
6517a860-b42b-4112-b2e5-8aaedbca0242,1,Political Science,100,79.1,13.7,2.12,31.0,45.3,,72.9,0.0,stable,A,0
6517a860-b42b-4112-b2e5-8aaedbca0242,2,Political Science,100,91.6,10.1,4.01,30.6,30.0,72.9,59.2,-13.7,declining,C,0
030b812d-1ed0-4607-8875-ea00e597f708,1,Biochemistry,100,73.6,10.1,2.83,31.4,36.1,,67.3,0.0,stable,B,0
030b812d-1ed0-4607-8875-ea00e597f708,2,Biochemistry,100,49.4,14.0,2.93,32.9,31.4,67.3,58.9,-8.4,declining,C,1
1b8de438-10de-4215-82fb-0f8e45e97a3e,1,Electrical Engineering,200,84.3,13.7,2.19,24.2,54.6,,83.0,0.0,stable,A,0
1b8de438-10de-4215-82fb-0f8e45e97a3e,2,Electrical Engineering,200,37.7,9.7,4.33,20.2,35.7,83.0,55.0,-28.0,declining,C,1
a8206c26-8965-4ccd-bb39-4e3d3b1206d6,1,Political Science,100,58.2,3.5,3.84,17.4,37.6,,57.7,0.0,stable,C,0
a8206c26-8965-4ccd-bb39-4e3d3b1206d6,2,Political Science,100,53.2,7.4,3.97,28.3,32.0,57.7,64.0,6.2,improving,B,0
e13f0280-50af-425d-a64f-d09fbadd81d8,1,Sociology,100,93.1,13.3,2.28,31.6,42.0,,72.9,0.0,stable,A,0
e13f0280-50af-425d-a64f-d09fbadd81d8,2,Sociology,100,89.1,4.4,1.8,33.7,26.8,72.9,58.6,-14.3,declining,C,0
9a33b258-6865-4d5a-8ba1-e32fbd98dec9,1,Business Administration,400,48.5,12.1,2.96,28.0,40.2,,67.8,0.0,stable,B,1
9a33b258-6865-4d5a-8ba1-e32fbd98dec9,2,Business Administration,400,92.7,5.4,3.43,25.2,27.4,67.8,48.9,-18.9,declining,D,0
325902d6-d7d7-4f80-85b6-5e65be7fb608,1,Sociology,400,86.7,11.7,2.99,26.8,36.3,,60.8,0.0,stable,B,0
325902d6-d7d7-4f80-85b6-5e65be7fb608,2,Sociology,400,80.8,7.0,4.06,22.8,30.1,60.8,57.9,-2.9,stable,C,0
fd435375-8eb7-46a0-8859-7f25a701a3c3,1,Architecture,500,68.5,5.4,3.18,26.3,26.9,,49.9,0.0,stable,D,0
fd435375-8eb7-46a0-8859-7f25a701a3c3,2,Architecture,500,100.0,10.7,1.46,40.0,41.7,49.9,79.4,29.5,improving,A,0
0cb1a568-d021-4f7f-b329-ceb00df6defb,1,Architecture,400,61.0,15.4,2.8,17.6,59.5,,75.7,0.0,stable,A,0
0cb1a568-d021-4f7f-b329-ceb00df6defb,2,Architecture,400,97.4,18.4,2.2,39.7,36.0,75.7,70.1,-5.6,declining,A,0
3922233d-d2ca-4f92-8b45-de520770241f,1,Business Administration,200,68.6,14.0,2.63,27.2,51.7,,79.2,0.0,stable,A,0
3922233d-d2ca-4f92-8b45-de520770241f,2,Business Administration,200,62.4,15.5,3.16,14.9,46.7,79.2,62.7,-16.5,declining,B,0
02cded0e-e180-4067-b628-a5bd6859cf54,1,Political Science,100,75.3,16.5,2.46,31.7,26.0,,59.0,0.0,stable,C,0
02cded0e-e180-4067-b628-a5bd6859cf54,2,Political Science,100,100.0,7.0,2.39,31.4,36.1,59.0,64.4,5.4,improving,B,0
e57f8686-5842-4b57-858b-2f0dc7caac7c,1,Medicine,400,81.3,16.2,3.43,22.4,53.4,,78.6,0.0,stable,A,0
e57f8686-5842-4b57-858b-2f0dc7caac7c,2,Medicine,400,87.5,13.9,3.18,37.7,60.0,78.6,94.8,16.2,improving,A,0
1010fbbf-2778-4711-a6b2-ccfd8081b6be,1,Computer Engineering,300,91.2,11.6,2.9,25.6,36.2,,58.8,0.0,stable,C,0
1010fbbf-2778-4711-a6b2-ccfd8081b6be,2,Computer Engineering,300,68.0,6.5,2.64,26.6,35.9,58.8,57.6,-1.1,stable,C,0
be9c7048-9d1b-4c19-ac25-7810c0e8f6d2,1,Sociology,400,53.3,13.8,2.36,31.0,41.8,,74.7,0.0,stable,A,0
be9c7048-9d1b-4c19-ac25-7810c0e8f6d2,2,Sociology,400,96.2,10.5,2.54,38.6,42.6,74.7,80.7,6.0,improving,A,0
8ce9457b-8444-4133-bd70-685ac75e6f02,1,Economics,300,95.9,10.9,3.03,34.3,29.5,,64.0,0.0,stable,B,0
8ce9457b-8444-4133-bd70-685ac75e6f02,2,Economics,300,96.0,14.2,3.02,33.4,44.5,64.0,80.1,16.1,improving,A,0
734a0997-fbac-4cea-9bb6-bd9f6182de50,1,Computer Science,200,84.1,10.3,3.26,34.2,28.8,,63.6,0.0,stable,B,0
734a0997-fbac-4cea-9bb6-bd9f6182de50,2,Computer Science,200,42.6,14.4,3.53,27.3,38.4,63.6,66.6,3.0,stable,B,1
86c547d2-5591-41c3-9c73-b633d723ecfa,1,Law,500,96.4,19.1,2.98,35.0,55.7,,86.1,0.0,stable,A,0
86c547d2-5591-41c3-9c73-b633d723ecfa,2,Law,500,70.2,18.7,3.78,30.9,30.8,86.1,61.6,-24.6,declining,B,0
1ffe9534-dd55-4472-9121-bc7fd8666e07,1,Computer Science,100,66.2,13.7,2.35,23.1,18.8,,45.6,0.0,stable,D,0
1ffe9534-dd55-4472-9121-bc7fd8666e07,2,Computer Science,100,69.0,12.8,3.0,23.5,27.5,45.6,48.0,2.4,stable,D,0
2ef51280-670d-421b-a17e-5d3ca92cc410,1,Mechanical Engineering,300,64.2,13.8,2.36,36.6,49.9,,88.9,0.0,stable,A,0
2ef51280-670d-421b-a17e-5d3ca92cc410,2,Mechanical Engineering,300,73.2,19.6,2.83,29.5,46.3,88.9,77.9,-10.9,declining,A,0
df4c01f7-725c-4720-8fa9-267b8edef431,1,Mechanical Engineering,200,84.6,9.6,2.57,35.1,44.2,,78.1,0.0,stable,A,0
df4c01f7-725c-4720-8fa9-267b8edef431,2,Mechanical Engineering,200,51.2,11.0,3.5,34.3,27.8,78.1,60.8,-17.3,declining,B,0
ee548fc8-7cba-4deb-b80c-b3869f1cdbb8,1,Political Science,300,69.2,18.8,2.97,24.3,49.9,,73.0,0.0,stable,A,0
ee548fc8-7cba-4deb-b80c-b3869f1cdbb8,2,Political Science,300,56.6,7.5,4.39,28.2,40.2,73.0,67.7,-5.3,declining,B,0
9fcaf35e-df7f-45cc-b066-b65d3a41bb12,1,Business Administration,300,79.4,13.4,3.23,31.5,49.7,,81.2,0.0,stable,A,0
9fcaf35e-df7f-45cc-b066-b65d3a41bb12,2,Business Administration,300,60.3,8.9,1.42,37.2,42.8,81.2,77.6,-3.7,stable,A,0
adb427ac-c415-4e9f-981f-e6451897a6d9,1,Computer Engineering,100,70.8,8.8,4.23,22.1,40.9,,62.6,0.0,stable,B,0
adb427ac-c415-4e9f-981f-e6451897a6d9,2,Computer Engineering,100,87.4,11.5,1.59,31.2,26.7,62.6,58.1,-4.5,stable,C,0
e2ea9868-1b4f-4fe9-8cff-dc50df9a95b0,1,Architecture,400,96.5,3.3,2.36,31.5,28.3,,62.0,0.0,stable,B,0
e2ea9868-1b4f-4fe9-8cff-dc50df9a95b0,2,Architecture,400,72.4,14.1,2.5,30.6,47.8,62.0,76.3,14.2,improving,A,0
5ee441f4-02fc-4764-be6f-7bffed2f234b,1,Electrical Engineering,200,86.7,12.3,3.84,31.3,45.2,,76.5,0.0,stable,A,0
5ee441f4-02fc-4764-be6f-7bffed2f234b,2,Electrical Engineering,200,73.6,13.3,3.43,23.5,55.7,76.5,73.6,-2.9,stable,A,0
29a86043-bc54-4458-80ed-54c242cd84ea,1,Law,500,64.7,11.5,3.33,35.8,21.3,,55.6,0.0,stable,C,0
29a86043-bc54-4458-80ed-54c242cd84ea,2,Law,500,43.1,12.2,3.22,31.6,41.3,55.6,76.0,20.4,improving,A,1
6d0b31a3-de5a-4fe2-b7ee-93196f89e7b5,1,Biology,200,83.8,9.8,1.87,33.1,20.8,,57.9,0.0,stable,C,0
6d0b31a3-de5a-4fe2-b7ee-93196f89e7b5,2,Biology,200,72.6,18.0,2.62,30.9,45.2,57.9,75.9,18.0,improving,A,0
48a10500-edd9-432b-b085-599c1fc0c4df,1,Economics,300,68.5,14.0,2.26,22.7,51.9,,76.8,0.0,stable,A,0
48a10500-edd9-432b-b085-599c1fc0c4df,2,Economics,300,76.0,20.3,2.79,36.8,46.8,76.8,80.6,3.8,stable,A,0
2852ced2-d01d-49d5-a6fa-02a48b17c92a,1,Computer Engineering,400,100.0,17.0,2.9,38.6,38.9,,80.0,0.0,stable,A,0
2852ced2-d01d-49d5-a6fa-02a48b17c92a,2,Computer Engineering,400,39.1,6.9,3.78,21.6,39.6,80.0,57.1,-22.9,declining,C,1
9932b92d-6b71-4f7c-9fca-d36c74604ea3,1,Accounting,100,100.0,18.0,2.84,33.0,53.8,,92.7,0.0,stable,A,0
9932b92d-6b71-4f7c-9fca-d36c74604ea3,2,Accounting,100,89.3,22.9,2.26,28.8,34.0,92.7,64.1,-28.7,declining,B,0
06eae5f1-72e7-4316-a265-34d729a2755a,1,Law,100,77.6,11.2,3.65,36.7,25.1,,60.0,0.0,stable,C,0
06eae5f1-72e7-4316-a265-34d729a2755a,2,Law,100,87.3,9.7,2.36,37.6,23.7,60.0,60.4,0.4,stable,B,0
97060557-356b-4346-9b90-d5a66abc5b4a,1,Architecture,100,79.9,9.1,3.63,28.1,52.9,,80.6,0.0,stable,A,0
97060557-356b-4346-9b90-d5a66abc5b4a,2,Architecture,100,85.1,15.7,2.5,21.7,44.8,80.6,66.8,-13.8,declining,B,0
3e1b9207-26d3-4e97-8ee5-93835fcda874,1,Accounting,300,83.3,10.9,2.66,40.0,23.4,,65.6,0.0,stable,B,0
3e1b9207-26d3-4e97-8ee5-93835fcda874,2,Accounting,300,66.4,10.3,2.75,24.3,43.6,65.6,72.0,6.5,improving,A,0
500a42ac-a804-4aed-b110-3a60c0085ca1,1,Psychology,400,82.1,12.5,2.21,34.0,59.9,,92.8,0.0,stable,A,0
500a42ac-a804-4aed-b110-3a60c0085ca1,2,Psychology,400,69.4,9.2,2.61,15.1,40.8,92.8,53.4,-39.3,declining,C,0
28cd67cd-500e-4750-9381-44c3cd8dca08,1,Psychology,400,50.8,15.8,2.13,23.5,55.2,,74.4,0.0,stable,A,0
28cd67cd-500e-4750-9381-44c3cd8dca08,2,Psychology,400,52.0,13.3,3.92,17.5,46.4,74.4,65.7,-8.7,declining,B,0
981bae36-3149-444f-9c79-3608b31228b3,1,Biology,400,44.1,16.0,3.7,22.3,56.3,,82.0,0.0,stable,A,1
981bae36-3149-444f-9c79-3608b31228b3,2,Biology,400,76.5,9.7,2.22,30.1,42.1,82.0,71.2,-10.8,declining,A,0
b2f67ab8-ba7c-4161-8bd1-1cdbc277a80f,1,Business Administration,100,42.0,18.3,3.15,21.5,53.0,,79.1,0.0,stable,A,1
b2f67ab8-ba7c-4161-8bd1-1cdbc277a80f,2,Business Administration,100,33.0,14.2,1.86,24.1,40.1,79.1,66.1,-12.9,declining,B,1
4ef8d6d8-520a-402b-909e-def43d882392,1,Law,100,67.5,2.6,2.64,30.5,42.3,,69.3,0.0,stable,B,0
4ef8d6d8-520a-402b-909e-def43d882392,2,Law,100,90.4,8.8,3.29,30.5,39.7,69.3,72.9,3.5,stable,A,0
8a724f35-b36b-4eeb-963b-1e850e6699d2,1,Medicine,200,56.6,8.6,3.15,38.3,28.8,,73.3,0.0,stable,A,0
8a724f35-b36b-4eeb-963b-1e850e6699d2,2,Medicine,200,100.0,11.5,2.76,31.5,38.1,73.3,65.4,-7.9,declining,B,0
1397e1c5-48a9-48b2-85e0-976f44c8e731,1,Political Science,400,73.9,19.5,2.51,28.6,26.9,,56.6,0.0,stable,C,0
1397e1c5-48a9-48b2-85e0-976f44c8e731,2,Political Science,400,79.0,12.3,2.83,29.3,44.5,56.6,73.7,17.1,improving,A,0
4800aa5d-2a82-4ca8-88c5-d3c2a20e3db1,1,Accounting,300,79.7,13.1,3.9,34.3,44.1,,83.0,0.0,stable,A,0
4800aa5d-2a82-4ca8-88c5-d3c2a20e3db1,2,Accounting,300,81.3,18.5,3.49,22.1,58.3,83.0,80.7,-2.2,stable,A,0
74b98832-caa8-40fe-b23d-45cb10f8ff70,1,Computer Engineering,400,74.2,13.4,2.72,31.0,34.1,,68.9,0.0,stable,B,0
74b98832-caa8-40fe-b23d-45cb10f8ff70,2,Computer Engineering,400,73.3,10.1,2.26,31.0,38.6,68.9,70.8,1.9,stable,A,0
149a9e66-0f68-4118-8234-7b3b9264220c,1,Accounting,100,59.6,4.0,3.5,34.3,24.6,,63.7,0.0,stable,B,0
149a9e66-0f68-4118-8234-7b3b9264220c,2,Accounting,100,79.3,12.0,2.68,23.9,48.8,63.7,70.4,6.7,improving,A,0
3201cff7-b8fe-4e8d-ace1-62719ad957e6,1,Mechanical Engineering,400,63.3,17.0,1.49,20.0,39.9,,60.8,0.0,stable,B,0
3201cff7-b8fe-4e8d-ace1-62719ad957e6,2,Mechanical Engineering,400,82.3,10.5,5.0,30.3,40.2,60.8,68.1,7.3,improving,B,0
5651cf3e-aee0-4af5-b16b-ba07b9d3d9be,1,Psychology,400,76.9,15.1,3.96,22.9,41.2,,65.5,0.0,stable,B,0
5651cf3e-aee0-4af5-b16b-ba07b9d3d9be,2,Psychology,400,83.8,12.0,3.43,27.7,56.0,65.5,86.7,21.2,improving,A,0
739a9c7b-bd5f-4ab3-be61-0bdaba8f91a9,1,Economics,100,54.8,6.6,2.16,29.4,21.2,,49.6,0.0,stable,D,0
739a9c7b-bd5f-4ab3-be61-0bdaba8f91a9,2,Economics,100,81.8,11.7,3.21,26.0,45.7,49.6,69.9,20.3,improving,B,0
60dd1193-b9c3-48ce-bc88-e11ee89f68e9,1,Law,300,70.1,13.2,3.08,29.1,33.1,,61.3,0.0,stable,B,0
60dd1193-b9c3-48ce-bc88-e11ee89f68e9,2,Law,300,75.0,5.1,2.63,31.9,21.1,61.3,56.6,-4.8,stable,C,0
de2d8515-1e3b-4512-95d9-d5786a52ff65,1,Biology,300,94.0,5.8,4.09,33.1,41.5,,73.1,0.0,stable,A,0
de2d8515-1e3b-4512-95d9-d5786a52ff65,2,Biology,300,88.8,14.0,2.35,26.9,25.1,73.1,52.6,-20.5,declining,C,0
ec0bb46a-7b03-4006-b9cf-127a0a1bb300,1,Mechanical Engineering,300,83.6,15.3,2.91,25.9,34.9,,64.3,0.0,stable,B,0
ec0bb46a-7b03-4006-b9cf-127a0a1bb300,2,Mechanical Engineering,300,67.7,12.7,2.14,30.2,33.8,64.3,67.2,2.9,stable,B,0
09a5051c-b778-4432-bdee-736b728f4300,1,Political Science,200,86.6,9.5,2.9,29.6,23.4,,50.4,0.0,stable,C,0
09a5051c-b778-4432-bdee-736b728f4300,2,Political Science,200,78.0,13.6,3.12,29.1,50.3,50.4,79.6,29.2,improving,A,0
8e8d319e-a7ce-495f-bee1-f0b20cf42c7b,1,Computer Engineering,100,85.5,3.1,0.0,33.5,13.0,,45.9,0.0,stable,D,0
8e8d319e-a7ce-495f-bee1-f0b20cf42c7b,2,Computer Engineering,100,70.5,19.9,3.32,29.9,54.3,45.9,85.3,39.4,improving,A,0
e8ae12c1-6ddf-4634-a0e5-4b5c6a73b360,1,Economics,200,68.1,17.4,2.11,30.2,26.1,,57.0,0.0,stable,C,0
e8ae12c1-6ddf-4634-a0e5-4b5c6a73b360,2,Economics,200,77.9,20.4,1.75,27.6,51.3,57.0,79.9,22.9,improving,A,0
0d908746-5131-4eb4-a30e-f2195615091d,1,Biochemistry,300,77.7,7.2,2.53,36.8,34.7,,72.6,0.0,stable,A,0
0d908746-5131-4eb4-a30e-f2195615091d,2,Biochemistry,300,73.3,6.1,3.75,32.2,59.9,72.6,89.0,16.4,improving,A,0
9143b059-3ecd-4a19-8da4-ecc746865438,1,Medicine,200,87.3,5.4,3.13,37.4,14.4,,51.2,0.0,stable,C,0
9143b059-3ecd-4a19-8da4-ecc746865438,2,Medicine,200,66.6,8.5,3.31,33.9,36.3,51.2,70.9,19.7,improving,A,0
cbcd9d22-3fe1-4c75-8082-5aedf417bdaf,1,Mechanical Engineering,100,76.7,12.0,2.13,35.9,40.8,,77.9,0.0,stable,A,0
cbcd9d22-3fe1-4c75-8082-5aedf417bdaf,2,Mechanical Engineering,100,62.9,9.7,2.86,19.9,20.8,77.9,38.9,-39.0,declining,F,1
18899be4-23de-493e-8711-27a8c94d0f8c,1,Electrical Engineering,300,82.8,8.7,2.18,27.5,31.1,,57.5,0.0,stable,C,0
18899be4-23de-493e-8711-27a8c94d0f8c,2,Electrical Engineering,300,100.0,17.3,3.82,40.0,35.0,57.5,71.3,13.8,improving,A,0
7aa13566-ad48-45ce-a097-f46e7c9148c5,1,Mechanical Engineering,200,58.4,18.7,2.56,20.4,39.2,,58.9,0.0,stable,C,0
7aa13566-ad48-45ce-a097-f46e7c9148c5,2,Mechanical Engineering,200,79.0,13.3,2.34,34.2,32.8,58.9,66.5,7.7,improving,B,0
a5df8085-d4e3-40b2-bad6-1d37830799d1,1,Psychology,200,85.3,8.8,2.54,35.0,27.8,,61.7,0.0,stable,B,0
a5df8085-d4e3-40b2-bad6-1d37830799d1,2,Psychology,200,83.3,22.3,3.48,34.0,53.2,61.7,84.0,22.3,improving,A,0
21800da0-9ecb-4816-8a93-773f5ec4e45c,1,Political Science,100,76.7,11.9,3.26,30.9,43.8,,73.8,0.0,stable,A,0
21800da0-9ecb-4816-8a93-773f5ec4e45c,2,Political Science,100,75.9,5.9,2.74,37.1,37.9,73.8,74.9,1.2,stable,A,0
21527f06-3cd7-4da2-89d7-609ca8a6bdb7,1,Electrical Engineering,400,100.0,5.2,2.11,40.0,33.4,,72.7,0.0,stable,A,0
21527f06-3cd7-4da2-89d7-609ca8a6bdb7,2,Electrical Engineering,400,57.0,14.2,3.44,20.9,40.6,72.7,60.6,-12.1,declining,B,0
58d2e12c-a03e-4ec8-b1dc-b85135081910,1,Architecture,500,78.8,6.4,4.0,35.3,33.9,,68.6,0.0,stable,B,0
58d2e12c-a03e-4ec8-b1dc-b85135081910,2,Architecture,500,73.0,8.1,2.65,28.2,52.2,68.6,83.3,14.6,improving,A,0
60651f50-25ad-482d-8c1b-7e8cca9b18a0,1,Political Science,400,89.0,13.8,2.11,32.6,48.8,,77.6,0.0,stable,A,0
60651f50-25ad-482d-8c1b-7e8cca9b18a0,2,Political Science,400,84.5,23.6,3.85,39.0,51.7,77.6,93.6,16.0,improving,A,0
50263121-1b0d-40f0-b33b-0c503130b358,1,Sociology,300,64.2,16.0,3.52,29.3,56.6,,84.3,0.0,stable,A,0
50263121-1b0d-40f0-b33b-0c503130b358,2,Sociology,300,72.2,12.5,2.18,30.6,21.1,84.3,54.8,-29.5,declining,C,0
7808b4e4-76bb-4b3d-9721-1a930a4b3583,1,Accounting,300,75.7,9.4,2.33,29.0,43.3,,73.9,0.0,stable,A,0
7808b4e4-76bb-4b3d-9721-1a930a4b3583,2,Accounting,300,64.4,7.8,3.53,24.3,38.2,73.9,62.8,-11.0,declining,B,0
4e07b628-9b8a-4f2c-bca6-6236ecb62d7c,1,Electrical Engineering,400,79.7,16.3,1.99,21.4,34.9,,61.7,0.0,stable,B,0
4e07b628-9b8a-4f2c-bca6-6236ecb62d7c,2,Electrical Engineering,400,100.0,21.2,2.85,26.1,22.4,61.7,46.6,-15.1,declining,D,0
d2276cbd-f92b-4327-87b2-22d2df677e45,1,Computer Engineering,400,72.0,18.5,3.69,30.5,36.7,,64.4,0.0,stable,B,0
d2276cbd-f92b-4327-87b2-22d2df677e45,2,Computer Engineering,400,78.8,15.5,3.31,25.6,49.2,64.4,76.1,11.7,improving,A,0
01f9189b-178f-4449-92e7-c83434726af0,1,Architecture,300,58.9,8.1,3.55,25.6,53.8,,80.9,0.0,stable,A,0
01f9189b-178f-4449-92e7-c83434726af0,2,Architecture,300,67.7,11.9,3.05,24.9,30.5,80.9,57.5,-23.4,declining,C,0
e7c1849d-adde-4613-908a-384f7ac3ca3b,1,Political Science,300,87.7,15.0,4.21,29.8,60.0,,87.1,0.0,stable,A,0
e7c1849d-adde-4613-908a-384f7ac3ca3b,2,Political Science,300,59.8,3.2,2.64,24.4,37.8,87.1,63.0,-24.1,declining,B,0
81e555bb-0fdb-4719-9f52-ac924ff371cc,1,Psychology,100,57.1,10.0,2.7,17.5,27.8,,43.0,0.0,stable,F,1
81e555bb-0fdb-4719-9f52-ac924ff371cc,2,Psychology,100,96.5,13.0,3.53,26.8,53.3,43.0,84.0,41.0,improving,A,0
25d9c71b-7fd1-41c5-9454-6e372495eca0,1,Medicine,500,45.0,8.5,3.4,27.2,31.1,,57.4,0.0,stable,C,1
25d9c71b-7fd1-41c5-9454-6e372495eca0,2,Medicine,500,66.0,12.6,3.96,24.4,51.9,57.4,73.9,16.5,improving,A,0
583059fa-d11c-47d1-8101-c1955520852a,1,Computer Engineering,300,62.3,16.1,3.74,31.7,30.8,,61.1,0.0,stable,B,0
583059fa-d11c-47d1-8101-c1955520852a,2,Computer Engineering,300,87.3,12.2,2.14,34.8,30.9,61.1,71.0,9.9,improving,A,0
203c8bf5-e1ae-490e-a93d-20da71835d6d,1,Architecture,400,98.2,15.0,4.09,35.0,51.6,,91.0,0.0,stable,A,0
203c8bf5-e1ae-490e-a93d-20da71835d6d,2,Architecture,400,78.7,10.7,1.64,30.3,44.2,91.0,77.3,-13.6,declining,A,0
803376fd-4384-44bc-a22f-db34dff99755,1,Computer Science,100,82.6,9.3,1.42,29.0,31.4,,59.5,0.0,stable,C,0
803376fd-4384-44bc-a22f-db34dff99755,2,Computer Science,100,84.3,21.9,3.1,30.8,44.3,59.5,75.4,15.9,improving,A,0
b5115430-6b32-41ee-af97-1ef91dd57c36,1,Medicine,300,62.6,12.6,3.36,28.6,45.3,,75.2,0.0,stable,A,0
b5115430-6b32-41ee-af97-1ef91dd57c36,2,Medicine,300,48.4,15.2,2.46,19.2,29.7,75.2,50.2,-24.9,declining,C,1
c57c61e7-8eb5-422d-ae99-0de4d5c29d71,1,Computer Engineering,100,71.7,3.6,3.38,22.1,35.7,,58.6,0.0,stable,C,0
c57c61e7-8eb5-422d-ae99-0de4d5c29d71,2,Computer Engineering,100,88.3,20.9,1.91,32.4,41.0,58.6,74.7,16.1,improving,A,0
7557ed01-6885-491b-b7db-a98195b853c0,1,Psychology,400,78.2,10.2,2.65,25.1,47.5,,73.9,0.0,stable,A,0
7557ed01-6885-491b-b7db-a98195b853c0,2,Psychology,400,88.8,10.4,2.47,27.4,41.0,73.9,65.2,-8.7,declining,B,0
4b0b259f-51be-4e9d-bf84-7a9d57c123dc,1,Architecture,500,100.0,5.5,3.22,40.0,41.3,,81.9,0.0,stable,A,0
4b0b259f-51be-4e9d-bf84-7a9d57c123dc,2,Architecture,500,60.5,5.1,3.62,34.6,31.5,81.9,62.7,-19.2,declining,B,0
1e538791-a6d8-4f1d-9b67-bece3926f09b,1,Economics,100,38.1,7.1,2.91,30.6,42.6,,74.2,0.0,stable,A,1
1e538791-a6d8-4f1d-9b67-bece3926f09b,2,Economics,100,69.0,9.1,4.12,29.8,18.7,74.2,46.5,-27.7,declining,D,0
cb9a5c7d-04d0-457d-b237-8b7fa2831d37,1,Architecture,500,62.1,9.3,3.45,26.9,37.8,,68.6,0.0,stable,B,0
cb9a5c7d-04d0-457d-b237-8b7fa2831d37,2,Architecture,500,64.6,21.3,2.46,28.4,42.3,68.6,71.1,2.5,stable,A,0
d2b031ad-99a7-4d92-8616-c9391cde12bc,1,Sociology,200,81.7,14.2,2.4,25.7,60.0,,84.3,0.0,stable,A,0
d2b031ad-99a7-4d92-8616-c9391cde12bc,2,Sociology,200,85.5,4.0,2.78,31.5,38.1,84.3,61.4,-22.9,declining,B,0
961d4b2b-c3d1-4f85-9206-ca7cf8da80ad,1,Medicine,500,77.5,6.3,3.26,25.3,27.4,,51.9,0.0,stable,C,0
961d4b2b-c3d1-4f85-9206-ca7cf8da80ad,2,Medicine,500,59.2,9.6,2.05,17.7,46.1,51.9,59.9,8.0,improving,C,0
b1ebdfa1-b152-4cd1-b54a-58163e50adfa,1,Architecture,500,72.3,15.8,2.51,25.3,43.5,,72.2,0.0,stable,A,0
b1ebdfa1-b152-4cd1-b54a-58163e50adfa,2,Architecture,500,57.5,11.2,1.61,24.5,36.6,72.2,58.6,-13.7,declining,C,0
b4cca7d6-bf78-48ba-a6b1-2fff35acba91,1,Electrical Engineering,100,68.1,5.0,3.06,33.9,23.7,,55.7,0.0,stable,C,0
b4cca7d6-bf78-48ba-a6b1-2fff35acba91,2,Electrical Engineering,100,82.5,18.1,1.81,30.7,44.3,55.7,74.7,19.0,improving,A,0
2124a5ba-1015-4656-baeb-05e7b69a120c,1,Architecture,100,37.8,14.5,4.22,23.2,33.5,,55.1,0.0,stable,C,1
2124a5ba-1015-4656-baeb-05e7b69a120c,2,Architecture,100,100.0,16.5,3.51,36.8,37.2,55.1,73.4,18.3,improving,A,0
c8bd9a4e-0e8f-404c-80d6-97e255404b46,1,Political Science,300,73.8,14.7,4.21,35.4,29.8,,65.8,0.0,stable,B,0
c8bd9a4e-0e8f-404c-80d6-97e255404b46,2,Political Science,300,86.1,15.1,2.5,40.0,28.0,65.8,64.8,-1.0,stable,B,0
7f284c01-9496-4b18-bf85-34350a02426e,1,Biology,100,78.5,22.6,2.33,29.4,56.6,,85.9,0.0,stable,A,0
7f284c01-9496-4b18-bf85-34350a02426e,2,Biology,100,70.0,14.8,3.22,34.1,54.9,85.9,90.0,4.1,stable,A,0
4f268c36-4076-429f-b615-147ad633b2e3,1,Economics,200,79.4,13.1,3.39,31.2,41.1,,75.9,0.0,stable,A,0
4f268c36-4076-429f-b615-147ad633b2e3,2,Economics,200,97.7,4.5,3.01,31.1,31.1,75.9,63.4,-12.4,declining,B,0
f894bf94-eb93-4e75-ae81-ab498a53e2ad,1,Computer Science,200,85.0,11.4,1.47,27.2,45.1,,64.0,0.0,stable,B,0
f894bf94-eb93-4e75-ae81-ab498a53e2ad,2,Computer Science,200,92.8,14.6,4.05,32.6,22.9,64.0,56.8,-7.3,declining,C,0
19e76e38-8384-41ff-a203-4db4a22568b6,1,Biology,400,94.1,16.6,2.47,34.3,36.5,,68.3,0.0,stable,B,0
19e76e38-8384-41ff-a203-4db4a22568b6,2,Biology,400,89.3,6.0,2.28,27.3,19.0,68.3,46.7,-21.5,declining,D,0
5113e2ac-aebc-4d5b-b6f0-218a4f067d14,1,Architecture,500,92.4,11.1,1.8,37.7,53.4,,89.1,0.0,stable,A,0
5113e2ac-aebc-4d5b-b6f0-218a4f067d14,2,Architecture,500,67.8,14.6,4.3,26.0,30.7,89.1,58.5,-30.6,declining,C,0
315b64f6-95bc-433c-906f-8f0090d72856,1,Economics,200,87.0,12.0,2.55,37.4,44.0,,79.0,0.0,stable,A,0
315b64f6-95bc-433c-906f-8f0090d72856,2,Economics,200,75.7,5.2,3.55,28.8,31.5,79.0,60.2,-18.8,declining,B,0
5bc229d6-3451-4082-9072-10f3b9408f16,1,Medicine,300,75.6,16.5,3.47,29.3,51.4,,81.9,0.0,stable,A,0
5bc229d6-3451-4082-9072-10f3b9408f16,2,Medicine,300,68.6,11.4,2.88,31.2,35.2,81.9,65.3,-16.6,declining,B,0
98aedb44-0cea-43fe-b1d1-80b7f248a0c7,1,Biochemistry,300,100.0,16.7,2.39,37.9,42.9,,81.9,0.0,stable,A,0
98aedb44-0cea-43fe-b1d1-80b7f248a0c7,2,Biochemistry,300,77.1,17.9,3.28,30.1,54.8,81.9,85.6,3.7,stable,A,0
6382c38d-f954-4f0f-bd0e-ff64abf0396e,1,Law,400,76.8,13.6,2.93,30.4,34.7,,62.8,0.0,stable,B,0
6382c38d-f954-4f0f-bd0e-ff64abf0396e,2,Law,400,60.0,5.0,2.3,26.1,34.2,62.8,59.5,-3.3,stable,C,0
c35220a8-c5b8-4e3c-92bb-0c061eaf68f0,1,Political Science,300,39.7,19.9,3.87,25.2,60.0,,82.2,0.0,stable,A,1
c35220a8-c5b8-4e3c-92bb-0c061eaf68f0,2,Political Science,300,100.0,7.2,3.19,28.6,36.7,82.2,66.4,-15.8,declining,B,0
84a969f1-8a7c-4924-8373-7114ea06266b,1,Sociology,100,72.7,15.6,3.08,26.9,36.6,,66.0,0.0,stable,B,0
84a969f1-8a7c-4924-8373-7114ea06266b,2,Sociology,100,65.2,16.6,3.98,19.7,56.1,66.0,82.0,16.0,improving,A,0
57ee6559-58b1-4972-9ee8-9f68a671f6dc,1,Political Science,300,78.8,15.0,3.83,29.4,45.2,,70.6,0.0,stable,A,0
57ee6559-58b1-4972-9ee8-9f68a671f6dc,2,Political Science,300,77.1,14.5,3.41,35.7,34.4,70.6,68.6,-2.1,stable,B,0
52b1ed23-c987-4f9e-ad0c-a66b0a288f8f,1,Computer Engineering,300,100.0,11.2,3.16,34.7,31.1,,70.7,0.0,stable,A,0
52b1ed23-c987-4f9e-ad0c-a66b0a288f8f,2,Computer Engineering,300,67.1,6.4,2.64,18.4,28.3,70.7,43.8,-26.9,declining,F,1
9b3019fe-84ac-4d6a-ad38-5f09db2e2d9a,1,Computer Engineering,400,84.3,8.6,3.71,38.8,46.4,,84.6,0.0,stable,A,0
9b3019fe-84ac-4d6a-ad38-5f09db2e2d9a,2,Computer Engineering,400,77.1,4.4,2.89,26.1,40.9,84.6,74.7,-9.9,declining,A,0
0590c7ff-263c-4a8f-a394-6648ed3eea9d,1,Business Administration,300,82.5,2.0,2.71,32.1,32.8,,62.7,0.0,stable,B,0
0590c7ff-263c-4a8f-a394-6648ed3eea9d,2,Business Administration,300,78.7,5.8,2.24,34.0,23.5,62.7,59.0,-3.6,stable,C,0
978e8cd3-6563-4fd5-aa26-b18ee0fd969b,1,Biology,200,54.5,20.8,2.38,24.8,47.9,,71.0,0.0,stable,A,0
978e8cd3-6563-4fd5-aa26-b18ee0fd969b,2,Biology,200,77.2,14.9,3.77,34.4,41.4,71.0,75.4,4.4,stable,A,0
3584f01f-9e14-4f4d-9adc-a48b519f2ddf,1,Medicine,100,100.0,16.7,2.26,35.5,38.1,,73.2,0.0,stable,A,0
3584f01f-9e14-4f4d-9adc-a48b519f2ddf,2,Medicine,100,56.6,9.9,4.45,29.2,16.1,73.2,48.9,-24.3,declining,D,0
e7416f0c-1b08-40ee-a943-4898d691e087,1,Psychology,200,91.3,10.2,3.57,29.0,34.7,,68.2,0.0,stable,B,0
e7416f0c-1b08-40ee-a943-4898d691e087,2,Psychology,200,70.9,2.7,2.95,28.8,44.8,68.2,73.6,5.4,improving,A,0
b8ced52c-b591-4cc2-aeca-f81aa2e72eda,1,Biochemistry,300,68.7,17.2,3.1,25.0,55.0,,80.6,0.0,stable,A,0
b8ced52c-b591-4cc2-aeca-f81aa2e72eda,2,Biochemistry,300,75.0,12.9,2.14,27.4,38.5,80.6,65.3,-15.3,declining,B,0
162f4307-b7cf-47cd-b8a6-c016922b24f1,1,Business Administration,400,94.1,13.1,3.68,33.9,52.3,,87.3,0.0,stable,A,0
162f4307-b7cf-47cd-b8a6-c016922b24f1,2,Business Administration,400,75.2,11.9,2.24,32.6,37.6,87.3,68.7,-18.7,declining,B,0
113188e1-0168-47cb-b5e0-27714d48ba6b,1,Electrical Engineering,100,91.6,5.7,2.66,38.5,37.6,,75.9,0.0,stable,A,0
113188e1-0168-47cb-b5e0-27714d48ba6b,2,Electrical Engineering,100,78.8,12.9,1.79,29.0,54.0,75.9,81.0,5.1,improving,A,0
6064f8e4-4110-459a-bb7e-f7d807b8fcc9,1,Business Administration,400,70.2,9.3,2.93,26.1,42.4,,69.1,0.0,stable,B,0
6064f8e4-4110-459a-bb7e-f7d807b8fcc9,2,Business Administration,400,86.6,6.7,2.73,31.2,39.8,69.1,68.6,-0.4,stable,B,0
7d0a1a21-42f1-4715-b89a-a0f828ca1b09,1,Sociology,300,88.7,17.9,2.21,30.3,36.9,,75.1,0.0,stable,A,0
7d0a1a21-42f1-4715-b89a-a0f828ca1b09,2,Sociology,300,68.6,20.4,1.99,23.8,36.7,75.1,57.9,-17.2,declining,C,0
a2edd3a6-a2d5-4894-bf2c-b5e601fff641,1,Accounting,200,71.0,8.5,2.34,35.0,48.0,,85.8,0.0,stable,A,0
a2edd3a6-a2d5-4894-bf2c-b5e601fff641,2,Accounting,200,82.9,12.5,2.6,26.8,42.7,85.8,66.0,-19.8,declining,B,0
8913c1ac-b191-4ba3-8134-88f4c61b70a1,1,Sociology,100,60.1,17.8,4.52,29.0,57.8,,86.0,0.0,stable,A,0
8913c1ac-b191-4ba3-8134-88f4c61b70a1,2,Sociology,100,54.9,15.1,3.46,26.3,40.2,86.0,69.5,-16.6,declining,B,0
dece38c4-3c61-4799-973d-b35f7fb1a8a9,1,Sociology,400,60.2,8.1,2.19,27.5,24.3,,49.7,0.0,stable,D,0
dece38c4-3c61-4799-973d-b35f7fb1a8a9,2,Sociology,400,64.4,10.7,1.81,28.3,48.7,49.7,77.5,27.7,improving,A,0
ad030253-309c-4c3b-b602-0a2f73c5ebd8,1,Economics,300,98.1,18.7,3.62,35.0,45.8,,83.1,0.0,stable,A,0
ad030253-309c-4c3b-b602-0a2f73c5ebd8,2,Economics,300,69.1,2.6,3.39,23.2,24.0,83.1,47.2,-35.9,declining,D,0
53be8aa3-e35f-4f8a-a650-a1461bfb50fa,1,Computer Science,300,73.6,4.9,3.13,34.5,23.5,,61.9,0.0,stable,B,0
53be8aa3-e35f-4f8a-a650-a1461bfb50fa,2,Computer Science,300,51.6,22.6,2.67,26.0,27.6,61.9,53.4,-8.5,declining,C,0
39f05cfa-588e-40db-81a1-a2fe7f78a56d,1,Business Administration,200,78.4,11.6,2.55,26.0,49.7,,75.7,0.0,stable,A,0
39f05cfa-588e-40db-81a1-a2fe7f78a56d,2,Business Administration,200,98.1,9.4,2.65,38.7,20.8,75.7,55.8,-19.9,declining,C,0
bae4c2dc-2f68-475f-a48b-5754e685f535,1,Mechanical Engineering,300,91.5,6.1,1.54,40.0,18.5,,59.1,0.0,stable,C,0
bae4c2dc-2f68-475f-a48b-5754e685f535,2,Mechanical Engineering,300,76.0,0.0,2.79,32.4,34.1,59.1,69.3,10.2,improving,B,0
b5ea0c7c-afe2-4591-8540-6d8eb25c84c7,1,Political Science,400,69.2,15.6,2.45,21.8,28.0,,45.4,0.0,stable,D,0
b5ea0c7c-afe2-4591-8540-6d8eb25c84c7,2,Political Science,400,90.1,4.4,3.22,31.7,33.6,45.4,69.4,23.9,improving,B,0
d241e1d1-63ca-489e-bf0d-a069a1c6e381,1,Mechanical Engineering,200,68.4,15.1,3.03,27.9,60.0,,83.6,0.0,stable,A,0
d241e1d1-63ca-489e-bf0d-a069a1c6e381,2,Mechanical Engineering,200,94.3,15.3,2.62,40.0,22.7,83.6,61.1,-22.5,declining,B,0
d9c50b7e-d051-46af-b53d-4e1ba925dea7,1,Electrical Engineering,200,56.9,14.1,2.11,28.5,37.4,,64.5,0.0,stable,B,0
d9c50b7e-d051-46af-b53d-4e1ba925dea7,2,Electrical Engineering,200,80.8,10.7,2.13,40.0,32.0,64.5,65.3,0.8,stable,B,0
aa04918d-5af3-40ea-ac7b-682c742cf329,1,Computer Engineering,300,62.4,5.7,3.66,29.1,40.4,,68.3,0.0,stable,B,0
aa04918d-5af3-40ea-ac7b-682c742cf329,2,Computer Engineering,300,70.8,10.1,2.94,33.3,41.5,68.3,76.3,8.0,improving,A,0
114e977c-cb3f-4fba-8d3b-c78c9d7aece5,1,Accounting,100,82.5,16.4,3.23,33.3,55.1,,86.4,0.0,stable,A,0
114e977c-cb3f-4fba-8d3b-c78c9d7aece5,2,Accounting,100,62.2,6.1,3.15,18.2,40.3,86.4,58.1,-28.3,declining,C,0
c9e564ef-9043-4311-b9aa-66ec2f180f4e,1,Economics,100,92.0,8.6,2.84,39.0,50.7,,87.7,0.0,stable,A,0
c9e564ef-9043-4311-b9aa-66ec2f180f4e,2,Economics,100,77.7,13.5,3.3,29.2,54.0,87.7,77.6,-10.1,declining,A,0
655f30fb-2a31-4dd7-9552-d5627364cdf5,1,Sociology,300,68.7,14.2,3.37,35.5,53.9,,88.5,0.0,stable,A,0
655f30fb-2a31-4dd7-9552-d5627364cdf5,2,Sociology,300,94.5,8.4,3.74,40.0,50.7,88.5,91.0,2.4,stable,A,0
87ba988d-fab0-4c69-aed5-a856d1382a83,1,Biochemistry,200,70.0,4.4,3.25,23.4,26.7,,46.5,0.0,stable,D,0
87ba988d-fab0-4c69-aed5-a856d1382a83,2,Biochemistry,200,68.1,11.9,3.22,25.6,50.6,46.5,75.6,29.1,improving,A,0
06bc78d0-2f20-427e-9241-deb02a556a94,1,Psychology,400,63.2,13.1,4.57,29.3,39.9,,64.6,0.0,stable,B,0
06bc78d0-2f20-427e-9241-deb02a556a94,2,Psychology,400,71.7,13.2,2.69,21.0,31.3,64.6,56.7,-8.0,declining,C,0
a4aaf744-77a0-4080-ba7f-4cb32302e446,1,Electrical Engineering,200,96.5,7.6,3.54,28.4,51.5,,80.7,0.0,stable,A,0
a4aaf744-77a0-4080-ba7f-4cb32302e446,2,Electrical Engineering,200,89.2,3.4,3.54,32.8,43.0,80.7,78.6,-2.1,stable,A,0
057c61e0-2559-4b9a-bcf0-46051fb7b406,1,Electrical Engineering,200,76.0,9.0,3.62,29.9,29.9,,57.1,0.0,stable,C,0
057c61e0-2559-4b9a-bcf0-46051fb7b406,2,Electrical Engineering,200,52.8,9.4,3.88,26.5,34.2,57.1,63.1,6.0,improving,B,0
96ec9f2d-7105-4821-9583-7712ceddd493,1,Biology,400,62.5,12.5,2.86,31.4,23.9,,52.7,0.0,stable,C,0
96ec9f2d-7105-4821-9583-7712ceddd493,2,Biology,400,50.4,10.7,3.97,22.6,35.5,52.7,60.6,7.9,improving,B,0
afe2e55f-5e92-4d3e-99c8-e74ec4ffc92d,1,Computer Science,400,91.0,11.6,3.55,27.8,54.1,,88.4,0.0,stable,A,0
afe2e55f-5e92-4d3e-99c8-e74ec4ffc92d,2,Computer Science,400,82.8,1.6,2.55,34.6,27.0,88.4,65.5,-22.9,declining,B,0
8649b1d0-c86b-4b87-99ca-6793a1fc4302,1,Medicine,200,83.8,8.5,3.03,27.3,35.3,,60.9,0.0,stable,B,0
8649b1d0-c86b-4b87-99ca-6793a1fc4302,2,Medicine,200,92.6,22.6,1.86,23.9,42.4,60.9,61.7,0.8,stable,B,0
47a18f18-88f9-4ce0-b052-10d517dc37ea,1,Architecture,500,75.7,15.7,4.2,31.1,42.7,,67.9,0.0,stable,B,0
47a18f18-88f9-4ce0-b052-10d517dc37ea,2,Architecture,500,75.4,12.4,3.51,26.5,36.5,67.9,58.6,-9.3,declining,C,0
7a7591cf-3671-40d5-9177-e3920de468a3,1,Business Administration,400,40.6,6.5,1.74,24.8,27.9,,51.1,0.0,stable,C,1
7a7591cf-3671-40d5-9177-e3920de468a3,2,Business Administration,400,60.2,0.0,4.21,22.0,29.3,51.1,47.0,-4.1,stable,D,0
8d578cfb-835c-4a62-92c8-e36100012fdf,1,Mechanical Engineering,200,89.6,12.7,2.34,31.0,55.5,,86.3,0.0,stable,A,0
8d578cfb-835c-4a62-92c8-e36100012fdf,2,Mechanical Engineering,200,72.3,7.3,1.48,28.7,36.4,86.3,68.4,-17.9,declining,B,0
af047c76-5ceb-49c5-be94-eccf17bd1a33,1,Business Administration,400,41.3,6.4,2.54,23.2,33.2,,56.0,0.0,stable,C,1
af047c76-5ceb-49c5-be94-eccf17bd1a33,2,Business Administration,400,81.1,7.5,3.75,33.4,34.6,56.0,72.8,16.8,improving,A,0
2c714820-f40c-4469-aa46-e4fbc00a22b5,1,Biochemistry,200,98.3,16.7,0.59,40.0,46.0,,92.0,0.0,stable,A,0
2c714820-f40c-4469-aa46-e4fbc00a22b5,2,Biochemistry,200,93.6,19.9,3.7,40.0,60.0,92.0,100.0,8.0,improving,A,0
1cf4c159-870e-4c1c-87dd-22f951d05f69,1,Medicine,500,51.4,10.5,3.31,25.7,26.6,,47.4,0.0,stable,D,0
1cf4c159-870e-4c1c-87dd-22f951d05f69,2,Medicine,500,63.9,16.0,4.26,32.4,55.6,47.4,87.7,40.3,improving,A,0
2b53b5e1-888e-4bff-be02-88287002e319,1,Architecture,400,48.9,9.7,2.79,22.3,38.1,,61.7,0.0,stable,B,1
2b53b5e1-888e-4bff-be02-88287002e319,2,Architecture,400,87.8,10.6,1.48,30.1,36.0,61.7,69.8,8.1,improving,B,0
57e88df2-7300-40e2-840a-21ade4af5ea0,1,Political Science,300,66.5,14.6,3.23,28.5,51.2,,77.7,0.0,stable,A,0
57e88df2-7300-40e2-840a-21ade4af5ea0,2,Political Science,300,66.4,11.9,2.49,30.8,31.4,77.7,62.9,-14.8,declining,B,0
b8d05d7c-eab3-4fec-853e-168ddceebda2,1,Political Science,400,73.5,13.1,2.63,28.0,40.6,,69.2,0.0,stable,B,0
b8d05d7c-eab3-4fec-853e-168ddceebda2,2,Political Science,400,74.9,20.5,2.21,29.7,28.3,69.2,59.1,-10.1,declining,C,0
b8b35326-97a6-4eb5-847b-8dafe1504568,1,Economics,400,58.3,10.6,2.7,28.1,32.5,,58.7,0.0,stable,C,0
b8b35326-97a6-4eb5-847b-8dafe1504568,2,Economics,400,96.5,13.4,2.55,33.1,56.1,58.7,88.5,29.8,improving,A,0
1415cf64-3164-4e86-9757-9b353c40aa49,1,Electrical Engineering,200,64.7,8.6,2.56,25.0,23.4,,45.0,0.0,stable,D,0
1415cf64-3164-4e86-9757-9b353c40aa49,2,Electrical Engineering,200,62.6,15.0,2.7,26.5,53.8,45.0,84.1,39.1,improving,A,0
a03830e1-daab-4884-a854-c6d9dc0c0518,1,Political Science,200,70.8,8.8,2.31,32.6,33.9,,65.3,0.0,stable,B,0
a03830e1-daab-4884-a854-c6d9dc0c0518,2,Political Science,200,62.8,8.2,3.26,21.0,47.3,65.3,66.7,1.3,stable,B,0
241ddc75-1cfa-4986-a28a-658f1ef3cbbe,1,Accounting,300,72.8,5.3,2.99,27.9,34.3,,66.6,0.0,stable,B,0
241ddc75-1cfa-4986-a28a-658f1ef3cbbe,2,Accounting,300,77.7,8.0,2.43,33.5,48.6,66.6,82.9,16.3,improving,A,0
1d32ebf5-ccea-416f-bab5-78102db98dd4,1,Computer Science,400,85.3,15.0,4.14,22.3,50.7,,76.0,0.0,stable,A,0
1d32ebf5-ccea-416f-bab5-78102db98dd4,2,Computer Science,400,54.9,7.6,2.32,22.3,30.2,76.0,53.3,-22.7,declining,C,0
76172820-a605-4e7f-98c9-198f8f4d6dd6,1,Accounting,300,88.0,17.4,2.33,28.4,55.3,,85.6,0.0,stable,A,0
76172820-a605-4e7f-98c9-198f8f4d6dd6,2,Accounting,300,76.2,14.4,2.98,32.9,37.9,85.6,71.5,-14.0,declining,A,0
1b8712ba-c5a3-4e3f-9787-fdda23cb1222,1,Economics,100,52.3,8.6,2.46,23.6,26.8,,48.8,0.0,stable,D,0
1b8712ba-c5a3-4e3f-9787-fdda23cb1222,2,Economics,100,52.3,14.7,2.93,16.9,33.1,48.8,51.0,2.2,stable,C,0
322353ce-f18e-48b1-9daa-374cff83c6ad,1,Biology,100,66.9,8.5,2.94,30.1,22.6,,54.3,0.0,stable,C,0
322353ce-f18e-48b1-9daa-374cff83c6ad,2,Biology,100,63.0,11.9,2.97,25.0,29.2,54.3,53.3,-1.0,stable,C,0
40ce0f02-aa4c-459e-a61e-ccab289f67f7,1,Business Administration,100,99.4,5.2,4.35,33.6,37.8,,68.1,0.0,stable,B,0
40ce0f02-aa4c-459e-a61e-ccab289f67f7,2,Business Administration,100,63.4,9.5,2.16,26.6,32.0,68.1,64.2,-3.9,stable,B,0
8f3b127d-79c1-4477-9dc3-0506d7cdf6ec,1,Political Science,200,57.5,12.5,3.2,21.2,47.2,,67.2,0.0,stable,B,0
8f3b127d-79c1-4477-9dc3-0506d7cdf6ec,2,Political Science,200,37.6,15.3,2.11,17.3,47.0,67.2,63.3,-3.9,stable,B,1
14d6dcce-4fec-4764-a8b1-dea37a98f75e,1,Business Administration,400,88.8,18.1,2.48,36.7,35.3,,78.7,0.0,stable,A,0
14d6dcce-4fec-4764-a8b1-dea37a98f75e,2,Business Administration,400,64.6,17.1,3.68,29.5,37.9,78.7,66.9,-11.8,declining,B,0
241ed96b-439e-48f0-8c74-c3609ae3bed0,1,Biochemistry,200,42.7,13.1,3.28,24.2,11.2,,31.6,0.0,stable,F,1
241ed96b-439e-48f0-8c74-c3609ae3bed0,2,Biochemistry,200,63.8,13.5,3.23,26.9,47.4,31.6,71.3,39.6,improving,A,0
96294878-65d3-4f62-91b6-2cca0cfd2c23,1,Accounting,400,84.2,14.4,3.3,30.9,60.0,,92.4,0.0,stable,A,0
96294878-65d3-4f62-91b6-2cca0cfd2c23,2,Accounting,400,60.5,13.2,3.6,24.2,52.6,92.4,77.9,-14.5,declining,A,0
6589b8f2-a2ed-4f5f-ba1c-ec6eee50af1f,1,Computer Engineering,200,39.9,13.5,2.68,25.7,49.4,,75.7,0.0,stable,A,1
6589b8f2-a2ed-4f5f-ba1c-ec6eee50af1f,2,Computer Engineering,200,100.0,11.1,3.5,39.0,39.0,75.7,80.3,4.6,stable,A,0
19aeced4-59b9-4762-8209-46671817998d,1,Accounting,400,66.1,9.9,1.95,29.4,39.2,,72.2,0.0,stable,A,0
19aeced4-59b9-4762-8209-46671817998d,2,Accounting,400,86.9,10.6,2.06,34.5,47.8,72.2,84.6,12.4,improving,A,0
a04254cb-5066-47fd-ba27-488c5210953b,1,Biochemistry,300,91.3,10.9,2.63,29.6,37.5,,66.8,0.0,stable,B,0
a04254cb-5066-47fd-ba27-488c5210953b,2,Biochemistry,300,78.1,11.4,2.89,26.7,48.3,66.8,75.3,8.4,improving,A,0
18a99c09-7df6-41f3-b511-09eee9744c68,1,Biochemistry,100,72.4,8.3,1.93,36.0,40.3,,71.5,0.0,stable,A,0
18a99c09-7df6-41f3-b511-09eee9744c68,2,Biochemistry,100,86.4,16.6,3.1,40.0,45.2,71.5,81.0,9.5,improving,A,0
743c38c2-8d9b-4c65-afbc-b39f2f605b04,1,Law,100,80.5,13.2,2.52,34.0,22.8,,59.7,0.0,stable,C,0
743c38c2-8d9b-4c65-afbc-b39f2f605b04,2,Law,100,61.8,7.1,2.91,29.5,37.5,59.7,64.8,5.1,improving,B,0
1da912d5-2263-45ee-b54e-e7eb64f05820,1,Law,500,67.4,6.3,2.82,33.9,35.1,,71.6,0.0,stable,A,0
1da912d5-2263-45ee-b54e-e7eb64f05820,2,Law,500,96.8,9.1,2.85,40.0,51.6,71.6,86.6,15.0,improving,A,0
abeceff6-4c3a-434e-8e9c-de638c247a45,1,Medicine,200,80.8,12.0,3.66,27.4,32.5,,57.9,0.0,stable,C,0
abeceff6-4c3a-434e-8e9c-de638c247a45,2,Medicine,200,66.4,16.1,2.06,25.2,22.7,57.9,50.9,-7.0,declining,C,0
46bcd902-bc9d-432f-abb7-7ff3b9aa623d,1,Law,100,94.1,10.4,2.76,36.1,52.7,,90.0,0.0,stable,A,0
46bcd902-bc9d-432f-abb7-7ff3b9aa623d,2,Law,100,64.5,3.9,2.11,28.3,25.5,90.0,54.3,-35.7,declining,C,0
8ea2acd8-5308-4563-a94e-3da1e1ffd243,1,Medicine,200,66.7,6.7,2.06,36.2,42.8,,84.1,0.0,stable,A,0
8ea2acd8-5308-4563-a94e-3da1e1ffd243,2,Medicine,200,83.1,9.9,4.06,31.5,42.4,84.1,73.7,-10.5,declining,A,0
92c96b5e-437e-4360-93b5-0062c9d170fd,1,Computer Science,300,30.8,20.0,3.39,22.8,45.5,,68.8,0.0,stable,B,1
92c96b5e-437e-4360-93b5-0062c9d170fd,2,Computer Science,300,66.0,15.1,1.95,29.1,45.3,68.8,73.8,5.1,improving,A,0
f8d9ecbb-85c8-4205-a08b-97db280a318a,1,Biochemistry,100,80.6,7.0,2.23,32.3,41.3,,67.9,0.0,stable,B,0
f8d9ecbb-85c8-4205-a08b-97db280a318a,2,Biochemistry,100,82.8,9.3,2.85,24.9,28.8,67.9,56.6,-11.4,declining,C,0
ca92d2a6-c088-4fdf-9f6b-1ae7139556f2,1,Accounting,300,75.5,10.1,2.91,32.5,42.4,,74.7,0.0,stable,A,0
ca92d2a6-c088-4fdf-9f6b-1ae7139556f2,2,Accounting,300,91.4,16.9,3.33,33.6,50.3,74.7,84.8,10.0,improving,A,0
b83aa386-3d17-4e10-80e1-130fabd5274b,1,Political Science,200,90.9,16.5,2.19,27.8,34.1,,64.8,0.0,stable,B,0
b83aa386-3d17-4e10-80e1-130fabd5274b,2,Political Science,200,51.4,14.0,3.29,31.1,43.4,64.8,70.4,5.6,improving,A,0
9eb6457a-9927-4645-9ded-ffa1b8746a90,1,Electrical Engineering,100,60.6,6.1,2.57,26.2,22.8,,53.5,0.0,stable,C,0
9eb6457a-9927-4645-9ded-ffa1b8746a90,2,Electrical Engineering,100,55.1,18.7,3.95,30.5,39.3,53.5,70.9,17.4,improving,A,0
1dbff158-13b7-44fd-989e-cdc5dfbd7e99,1,Business Administration,400,55.8,16.6,2.94,24.1,30.5,,47.2,0.0,stable,D,0
1dbff158-13b7-44fd-989e-cdc5dfbd7e99,2,Business Administration,400,59.4,17.6,2.68,26.0,49.5,47.2,80.9,33.8,improving,A,0
1d32e417-d7c8-4d02-ae52-08bf0e321b2e,1,Biology,200,94.9,7.1,1.45,40.0,55.7,,96.2,0.0,stable,A,0
1d32e417-d7c8-4d02-ae52-08bf0e321b2e,2,Biology,200,55.9,16.8,2.91,25.6,51.8,96.2,78.4,-17.8,declining,A,0
7302c174-d009-461f-a145-5cabb0f29459,1,Political Science,400,57.2,10.4,3.53,29.0,42.1,,73.9,0.0,stable,A,0
7302c174-d009-461f-a145-5cabb0f29459,2,Political Science,400,69.6,12.9,0.3,26.7,42.4,73.9,67.9,-5.9,declining,B,0
21f904b4-62a4-4397-80bd-bc9c7b8f6990,1,Architecture,500,68.0,6.8,3.8,31.3,45.7,,71.9,0.0,stable,A,0
21f904b4-62a4-4397-80bd-bc9c7b8f6990,2,Architecture,500,72.6,10.6,2.78,26.4,34.7,71.9,63.6,-8.2,declining,B,0
2068b1bf-ae9e-40b9-8e5f-a4579898aa90,1,Computer Science,100,46.3,20.9,3.39,24.0,55.8,,75.5,0.0,stable,A,1
2068b1bf-ae9e-40b9-8e5f-a4579898aa90,2,Computer Science,100,65.0,11.4,4.09,27.8,45.8,75.5,71.8,-3.6,stable,A,0
bab3e0d6-a8c0-4904-87c6-f92afa425aba,1,Computer Science,300,82.3,20.4,3.8,31.1,53.9,,86.7,0.0,stable,A,0
bab3e0d6-a8c0-4904-87c6-f92afa425aba,2,Computer Science,300,82.6,17.6,3.88,30.9,51.7,86.7,81.5,-5.2,declining,A,0
1de06ac8-7263-4c3b-9dc9-e886cae54d66,1,Mechanical Engineering,200,61.2,10.7,2.94,18.9,47.1,,57.7,0.0,stable,C,0
1de06ac8-7263-4c3b-9dc9-e886cae54d66,2,Mechanical Engineering,200,100.0,19.5,2.79,35.0,47.5,57.7,80.8,23.1,improving,A,0
c35bbd38-4d63-4ae8-8f4a-af4865998450,1,Economics,400,77.9,11.3,2.92,31.5,25.8,,57.4,0.0,stable,C,0
c35bbd38-4d63-4ae8-8f4a-af4865998450,2,Economics,400,77.5,12.6,2.83,36.2,36.1,57.4,73.0,15.6,improving,A,0
50ebae72-991a-4105-ab7b-aead25e42530,1,Computer Engineering,300,94.5,11.6,3.17,33.4,52.0,,84.6,0.0,stable,A,0
50ebae72-991a-4105-ab7b-aead25e42530,2,Computer Engineering,300,94.3,11.5,2.31,37.2,34.8,84.6,73.9,-10.8,declining,A,0
7ad6c706-f7d9-4c6c-b58f-47029b735a28,1,Mechanical Engineering,300,34.1,12.0,2.63,16.5,33.3,,48.1,0.0,stable,D,1
7ad6c706-f7d9-4c6c-b58f-47029b735a28,2,Mechanical Engineering,300,74.3,5.2,3.25,36.7,38.0,48.1,77.1,29.0,improving,A,0
868a4bb0-ee22-4e0d-a2a7-649415e0cb01,1,Computer Engineering,100,91.4,18.2,4.5,30.8,39.8,,72.9,0.0,stable,A,0
868a4bb0-ee22-4e0d-a2a7-649415e0cb01,2,Computer Engineering,100,85.6,15.9,4.51,32.2,49.6,72.9,78.9,5.9,improving,A,0
4fb9a5e2-5678-4fba-8979-3aa45baf961b,1,Mechanical Engineering,400,100.0,10.3,2.75,33.3,31.4,,62.5,0.0,stable,B,0
4fb9a5e2-5678-4fba-8979-3aa45baf961b,2,Mechanical Engineering,400,67.1,5.2,2.37,38.2,40.8,62.5,81.7,19.2,improving,A,0
8863419b-e80b-4ec9-87ec-995241266cb0,1,Sociology,400,92.7,21.2,1.58,27.4,35.3,,61.2,0.0,stable,B,0
8863419b-e80b-4ec9-87ec-995241266cb0,2,Sociology,400,70.5,9.8,3.18,29.3,31.1,61.2,53.8,-7.4,declining,C,0
634d1c18-724f-4b07-923b-ed05d75691cb,1,Computer Engineering,100,60.1,9.3,2.8,21.4,32.3,,50.3,0.0,stable,C,0
634d1c18-724f-4b07-923b-ed05d75691cb,2,Computer Engineering,100,73.1,6.6,2.32,23.1,32.8,50.3,53.3,3.0,stable,C,0
fe8d4232-e712-4a75-87b1-357a5f008b4f,1,Accounting,400,88.6,14.0,2.94,28.7,44.7,,75.5,0.0,stable,A,0
fe8d4232-e712-4a75-87b1-357a5f008b4f,2,Accounting,400,77.1,20.0,3.37,35.0,47.4,75.5,84.4,8.9,improving,A,0
88eb00b8-5184-4652-b7e3-cf399040bc26,1,Psychology,100,63.0,9.7,3.28,29.3,43.6,,76.2,0.0,stable,A,0
88eb00b8-5184-4652-b7e3-cf399040bc26,2,Psychology,100,53.6,7.1,3.18,22.1,60.0,76.2,83.7,7.5,improving,A,0
cdb9e430-0f5f-42ea-9a33-fd6967079a08,1,Sociology,200,73.8,9.4,2.62,29.9,38.1,,66.6,0.0,stable,B,0
cdb9e430-0f5f-42ea-9a33-fd6967079a08,2,Sociology,200,70.9,18.7,4.11,30.4,33.2,66.6,65.2,-1.4,stable,B,0
0ec316ec-01c2-4887-a534-e968e804af31,1,Biology,200,98.3,18.8,3.59,40.0,46.2,,88.1,0.0,stable,A,0
0ec316ec-01c2-4887-a534-e968e804af31,2,Biology,200,64.8,13.5,4.06,25.0,34.1,88.1,59.4,-28.6,declining,C,0
54135c65-b335-47a6-96fb-14c340fe3548,1,Business Administration,400,71.6,15.2,2.64,37.9,28.3,,69.9,0.0,stable,B,0
54135c65-b335-47a6-96fb-14c340fe3548,2,Business Administration,400,63.5,3.0,3.19,26.4,22.4,69.9,43.8,-26.1,declining,F,1
ca50e6c2-2f86-409c-bfee-a575a0d5358c,1,Computer Science,300,74.9,16.9,3.47,30.3,48.8,,79.0,0.0,stable,A,0
ca50e6c2-2f86-409c-bfee-a575a0d5358c,2,Computer Science,300,53.6,4.9,2.84,24.9,42.7,79.0,69.9,-9.1,declining,B,0
b0092106-69dc-46e6-8b8b-07f73c2d3f2d,1,Mechanical Engineering,400,84.1,10.6,1.9,33.9,41.6,,68.3,0.0,stable,B,0
b0092106-69dc-46e6-8b8b-07f73c2d3f2d,2,Mechanical Engineering,400,62.5,8.5,3.09,23.5,36.9,68.3,59.8,-8.6,declining,C,0
b44db83e-ecd4-497a-af94-79a64399ce1c,1,Electrical Engineering,100,72.6,8.4,2.49,24.1,39.8,,65.6,0.0,stable,B,0
b44db83e-ecd4-497a-af94-79a64399ce1c,2,Electrical Engineering,100,63.4,19.6,2.75,35.3,38.1,65.6,67.3,1.7,stable,B,0
c48c068b-66fe-4f3f-a53f-08535cb7686e,1,Economics,300,81.0,13.2,3.03,28.0,40.2,,66.6,0.0,stable,B,0
c48c068b-66fe-4f3f-a53f-08535cb7686e,2,Economics,300,70.5,16.2,3.15,32.1,40.6,66.6,71.7,5.0,improving,A,0
55f8ca80-8b02-43aa-baea-05f5788afa5c,1,Computer Engineering,100,57.7,10.1,0.34,23.6,32.1,,57.4,0.0,stable,C,0
55f8ca80-8b02-43aa-baea-05f5788afa5c,2,Computer Engineering,100,71.0,13.7,1.26,28.9,20.5,57.4,45.8,-11.6,declining,D,0
1ab655fd-a87a-42ff-808d-6899656540e6,1,Law,400,72.2,18.4,3.3,29.5,44.5,,71.9,0.0,stable,A,0
1ab655fd-a87a-42ff-808d-6899656540e6,2,Law,400,66.8,14.1,1.89,31.3,35.0,71.9,68.8,-3.1,stable,B,0
d56767d2-5810-471c-9d65-1498da425059,1,Computer Science,400,89.4,3.6,2.53,28.6,14.5,,40.0,0.0,stable,F,1
d56767d2-5810-471c-9d65-1498da425059,2,Computer Science,400,100.0,15.0,4.53,39.1,37.4,40.0,75.4,35.4,improving,A,0
cec4db93-5fee-4860-8bf0-a4ecb8a47113,1,Medicine,300,83.8,14.2,2.54,24.2,60.0,,83.8,0.0,stable,A,0
cec4db93-5fee-4860-8bf0-a4ecb8a47113,2,Medicine,300,70.1,12.6,2.81,29.6,52.5,83.8,81.7,-2.1,stable,A,0
27ca7b4b-4cd0-4ff0-8743-12d6a108053d,1,Biology,100,57.6,11.2,2.63,33.6,50.0,,83.9,0.0,stable,A,0
27ca7b4b-4cd0-4ff0-8743-12d6a108053d,2,Biology,100,55.8,5.9,3.01,27.8,31.5,83.9,57.9,-26.0,declining,C,0
dc6503e8-09d3-4417-9a74-814b33663d83,1,Medicine,100,66.1,11.9,1.09,22.7,29.4,,55.7,0.0,stable,C,0
dc6503e8-09d3-4417-9a74-814b33663d83,2,Medicine,100,62.8,12.9,3.18,34.0,53.2,55.7,87.1,31.3,improving,A,0
4718b41a-66f8-492a-9514-bd67cb5c071e,1,Medicine,200,67.9,8.7,2.81,26.4,42.4,,70.0,0.0,stable,A,0
4718b41a-66f8-492a-9514-bd67cb5c071e,2,Medicine,200,83.9,18.3,4.49,32.4,58.0,70.0,89.4,19.4,improving,A,0
fb8cc392-debd-4659-bb58-624beafb7e0f,1,Biology,100,92.8,17.3,3.81,34.0,38.3,,68.1,0.0,stable,B,0
fb8cc392-debd-4659-bb58-624beafb7e0f,2,Biology,100,74.4,19.7,2.75,33.8,53.0,68.1,85.9,17.8,improving,A,0
a0a41085-50cf-4e9b-8935-4f233a06c0d3,1,Political Science,300,94.7,0.0,2.02,29.4,20.8,,51.2,0.0,stable,C,0
a0a41085-50cf-4e9b-8935-4f233a06c0d3,2,Political Science,300,79.4,14.0,3.48,26.1,29.8,51.2,57.1,5.8,improving,C,0
5ad41d5c-9fc7-4d65-ba8d-b562bef4d0fd,1,Electrical Engineering,100,65.5,4.1,3.78,35.1,51.1,,86.7,0.0,stable,A,0
5ad41d5c-9fc7-4d65-ba8d-b562bef4d0fd,2,Electrical Engineering,100,84.4,18.8,2.49,37.4,46.2,86.7,86.4,-0.4,stable,A,0
f60caa52-b6b4-438c-a658-1271d91b5b1c,1,Medicine,500,77.8,18.5,3.18,23.1,59.1,,79.4,0.0,stable,A,0
f60caa52-b6b4-438c-a658-1271d91b5b1c,2,Medicine,500,93.8,11.5,3.94,39.4,45.4,79.4,86.4,7.0,improving,A,0
ec4bc376-9c02-49e4-aae2-d80c11407795,1,Medicine,200,81.3,1.9,3.09,25.7,34.3,,56.5,0.0,stable,C,0
ec4bc376-9c02-49e4-aae2-d80c11407795,2,Medicine,200,57.2,20.0,3.86,26.4,48.9,56.5,74.5,18.0,improving,A,0
61431535-68f1-47c1-a2b3-2d0b44a29383,1,Accounting,400,83.5,8.6,3.79,30.4,34.5,,65.1,0.0,stable,B,0
61431535-68f1-47c1-a2b3-2d0b44a29383,2,Accounting,400,66.1,13.6,2.57,30.6,52.0,65.1,80.5,15.4,improving,A,0
840dc1aa-7e9a-4d30-b5b4-acd198f58fbc,1,Biology,400,73.0,14.3,2.65,31.9,46.1,,81.3,0.0,stable,A,0
840dc1aa-7e9a-4d30-b5b4-acd198f58fbc,2,Biology,400,65.9,7.3,2.75,23.3,41.4,81.3,61.2,-20.0,declining,B,0
37b58588-96b0-4b18-bb15-7a2953867d5b,1,Sociology,200,100.0,18.5,3.01,39.3,27.9,,74.8,0.0,stable,A,0
37b58588-96b0-4b18-bb15-7a2953867d5b,2,Sociology,200,66.1,11.4,1.52,30.7,25.1,74.8,56.1,-18.7,declining,C,0
2731a909-c244-4c35-a0bc-5fbd76f2dd1b,1,Political Science,200,66.8,6.6,2.36,29.5,21.6,,48.9,0.0,stable,D,0
2731a909-c244-4c35-a0bc-5fbd76f2dd1b,2,Political Science,200,84.9,25.0,3.38,27.4,46.0,48.9,73.5,24.6,improving,A,0
8e50dd97-4029-4d15-901d-a5d8831beb12,1,Computer Engineering,400,69.8,16.5,3.17,33.5,40.0,,77.5,0.0,stable,A,0
8e50dd97-4029-4d15-901d-a5d8831beb12,2,Computer Engineering,400,72.5,7.1,4.74,20.4,32.2,77.5,50.7,-26.8,declining,C,0
d4343917-5d82-448c-98a9-db49d868058c,1,Computer Science,300,100.0,21.0,4.2,33.3,60.0,,94.5,0.0,stable,A,0
d4343917-5d82-448c-98a9-db49d868058c,2,Computer Science,300,89.7,12.9,2.96,31.7,38.0,94.5,71.5,-22.9,declining,A,0
5f92ba2a-4b3e-4a4e-bb58-1489db081bf7,1,Mechanical Engineering,100,80.5,11.8,4.21,16.3,47.0,,65.4,0.0,stable,B,0
5f92ba2a-4b3e-4a4e-bb58-1489db081bf7,2,Mechanical Engineering,100,92.2,11.7,3.17,38.4,54.6,65.4,92.1,26.7,improving,A,0
53814e53-6d7f-411a-bd56-d958de5ed1a6,1,Political Science,200,79.0,20.4,1.3,27.4,56.8,,87.5,0.0,stable,A,0
53814e53-6d7f-411a-bd56-d958de5ed1a6,2,Political Science,200,82.8,9.8,2.29,28.6,52.0,87.5,78.8,-8.7,declining,A,0
e5e959aa-a0ec-4c95-bdd0-60f73dbe6439,1,Biochemistry,100,76.5,8.2,3.67,27.6,37.3,,59.8,0.0,stable,C,0
e5e959aa-a0ec-4c95-bdd0-60f73dbe6439,2,Biochemistry,100,50.8,12.0,1.94,35.7,16.9,59.8,50.1,-9.7,declining,C,0
75409265-07ee-4519-8f71-b1a53b0e7bd4,1,Medicine,300,75.3,10.2,2.12,25.3,26.6,,51.0,0.0,stable,C,0
75409265-07ee-4519-8f71-b1a53b0e7bd4,2,Medicine,300,100.0,12.4,3.95,37.5,52.9,51.0,82.0,31.0,improving,A,0
ff7ce5b3-9dec-4ca8-8028-9a547384cb1e,1,Economics,400,70.4,18.5,2.54,37.9,58.2,,94.7,0.0,stable,A,0
ff7ce5b3-9dec-4ca8-8028-9a547384cb1e,2,Economics,400,67.5,6.9,2.5,22.3,39.2,94.7,57.2,-37.5,declining,C,0
a432070f-223c-4b52-9acd-d9ce84ce8905,1,Accounting,400,84.1,15.1,1.67,39.6,44.3,,86.1,0.0,stable,A,0
a432070f-223c-4b52-9acd-d9ce84ce8905,2,Accounting,400,63.6,15.1,3.9,27.2,60.0,86.1,87.4,1.3,stable,A,0
53c1962f-6682-46b3-8904-4df19a054dca,1,Business Administration,100,92.1,13.5,3.47,25.1,45.3,,68.1,0.0,stable,B,0
53c1962f-6682-46b3-8904-4df19a054dca,2,Business Administration,100,62.3,20.7,2.83,22.4,41.9,68.1,60.4,-7.7,declining,B,0
0d8fa8e0-2d1f-4d72-90ae-ee11ae1ddbc9,1,Political Science,200,96.5,8.5,3.42,40.0,32.9,,74.5,0.0,stable,A,0
0d8fa8e0-2d1f-4d72-90ae-ee11ae1ddbc9,2,Political Science,200,59.5,24.2,3.75,25.9,42.1,74.5,67.7,-6.8,declining,B,0
4f810cd3-5e2c-4cf8-bee8-106f6e4dc5a4,1,Business Administration,300,69.9,21.8,2.02,29.7,44.4,,73.7,0.0,stable,A,0
4f810cd3-5e2c-4cf8-bee8-106f6e4dc5a4,2,Business Administration,300,73.4,11.4,3.7,32.7,44.7,73.7,68.4,-5.3,declining,B,0
cf0562e9-946d-40c1-aa46-79ea95d836f0,1,Accounting,100,79.5,3.7,3.52,38.3,25.4,,62.9,0.0,stable,B,0
cf0562e9-946d-40c1-aa46-79ea95d836f0,2,Accounting,100,66.0,18.2,3.08,36.8,48.3,62.9,85.8,22.9,improving,A,0
65c73f75-4bf5-498d-bf9e-7df486d395ed,1,Accounting,300,76.0,16.1,1.61,30.6,39.0,,71.8,0.0,stable,A,0
65c73f75-4bf5-498d-bf9e-7df486d395ed,2,Accounting,300,72.2,6.8,3.01,24.0,16.6,71.8,42.8,-29.0,declining,F,1
8d289745-1021-4915-851b-af1a6023dbd1,1,Business Administration,100,83.7,14.3,4.04,28.4,29.0,,57.2,0.0,stable,C,0
8d289745-1021-4915-851b-af1a6023dbd1,2,Business Administration,100,69.8,7.8,2.94,25.9,18.1,57.2,42.7,-14.6,declining,F,1
ca0ba306-8083-4027-be49-0a6a696f78e0,1,Political Science,300,58.0,13.2,2.48,32.1,55.4,,89.6,0.0,stable,A,0
ca0ba306-8083-4027-be49-0a6a696f78e0,2,Political Science,300,51.7,19.5,4.26,25.4,60.0,89.6,83.8,-5.8,declining,A,0
68d0c358-46a5-4064-b5c8-6232d6d9c4da,1,Law,400,47.0,8.2,4.38,16.9,39.6,,56.7,0.0,stable,C,1
68d0c358-46a5-4064-b5c8-6232d6d9c4da,2,Law,400,67.3,9.8,3.06,25.7,23.9,56.7,50.2,-6.5,declining,C,0
e8bf0fdf-3680-4604-a605-c482542b0bce,1,Biology,400,91.1,16.3,2.35,27.0,38.5,,70.2,0.0,stable,A,0
e8bf0fdf-3680-4604-a605-c482542b0bce,2,Biology,400,84.7,15.5,3.71,34.0,44.7,70.2,80.7,10.5,improving,A,0
df4aea83-0189-411d-a4e3-db3549eef937,1,Biochemistry,400,66.8,4.9,3.58,34.6,24.5,,61.5,0.0,stable,B,0
df4aea83-0189-411d-a4e3-db3549eef937,2,Biochemistry,400,100.0,12.0,2.35,35.6,32.7,61.5,66.5,5.0,improving,B,0
02dc5cd8-3ba8-4ae4-a2f4-f4736567e200,1,Medicine,200,81.5,4.0,1.84,31.4,31.3,,63.7,0.0,stable,B,0
02dc5cd8-3ba8-4ae4-a2f4-f4736567e200,2,Medicine,200,100.0,12.5,3.48,30.1,48.6,63.7,77.1,13.4,improving,A,0
c2e948a3-c14b-4b36-9450-b54e488a926d,1,Architecture,400,76.1,11.5,3.83,23.7,18.0,,41.0,0.0,stable,F,1
c2e948a3-c14b-4b36-9450-b54e488a926d,2,Architecture,400,82.0,12.8,3.99,33.6,36.4,41.0,63.1,22.0,improving,B,0
f17ef8c1-af2e-4465-9de1-82cdc9048fab,1,Medicine,500,71.4,17.1,2.69,29.4,46.8,,73.2,0.0,stable,A,0
f17ef8c1-af2e-4465-9de1-82cdc9048fab,2,Medicine,500,84.3,20.2,2.86,26.2,44.5,73.2,64.0,-9.2,declining,B,0
b79f7bf3-baf6-4eb3-adaf-d5602b500e47,1,Business Administration,100,80.1,14.3,4.34,30.0,48.0,,75.4,0.0,stable,A,0
b79f7bf3-baf6-4eb3-adaf-d5602b500e47,2,Business Administration,100,69.7,4.4,2.84,27.4,36.8,75.4,62.3,-13.1,declining,B,0
dbee136d-3029-4513-97fe-6fe3d52d557d,1,Biology,400,76.3,10.3,2.73,30.7,38.3,,71.2,0.0,stable,A,0
dbee136d-3029-4513-97fe-6fe3d52d557d,2,Biology,400,73.2,10.3,2.86,26.1,34.4,71.2,66.6,-4.6,stable,B,0
5ea01cb9-a98f-4b79-a9fb-4349e7fa2861,1,Computer Engineering,400,61.3,10.6,2.69,26.0,34.6,,61.5,0.0,stable,B,0
5ea01cb9-a98f-4b79-a9fb-4349e7fa2861,2,Computer Engineering,400,49.3,17.2,3.51,18.7,21.6,61.5,37.3,-24.2,declining,F,1
b31558ac-281a-4cdb-bae0-f03fc788d596,1,Psychology,200,71.4,24.9,3.43,20.2,42.8,,62.8,0.0,stable,B,0
b31558ac-281a-4cdb-bae0-f03fc788d596,2,Psychology,200,78.8,5.4,2.89,27.2,23.6,62.8,51.6,-11.3,declining,C,0
c20bb014-6b18-45c1-befe-61d09803b24e,1,Economics,300,86.6,16.2,3.46,29.8,50.6,,81.4,0.0,stable,A,0
c20bb014-6b18-45c1-befe-61d09803b24e,2,Economics,300,77.0,8.9,2.6,30.8,60.0,81.4,91.7,10.3,improving,A,0
609a6a5d-3866-48c1-8a5e-0ce659af94e2,1,Medicine,100,65.8,7.8,2.61,39.1,31.8,,73.6,0.0,stable,A,0
609a6a5d-3866-48c1-8a5e-0ce659af94e2,2,Medicine,100,69.4,13.3,3.63,26.0,35.4,73.6,66.3,-7.2,declining,B,0
a35cd0c9-3eaf-4bc9-91d7-8a6849aeea87,1,Computer Engineering,300,89.8,16.0,3.63,35.3,60.0,,95.4,0.0,stable,A,0
a35cd0c9-3eaf-4bc9-91d7-8a6849aeea87,2,Computer Engineering,300,83.7,4.7,2.34,25.7,45.8,95.4,63.9,-31.5,declining,B,0
ea7b264d-c957-470e-9c65-4d703eec9031,1,Sociology,300,69.0,0.0,2.33,26.3,43.5,,71.0,0.0,stable,A,0
ea7b264d-c957-470e-9c65-4d703eec9031,2,Sociology,300,62.5,17.3,3.01,27.7,31.4,71.0,56.1,-14.9,declining,C,0
b67d3afa-0ece-4289-894d-6830801a23cd,1,Business Administration,400,62.6,12.2,3.06,35.2,43.7,,70.8,0.0,stable,A,0
b67d3afa-0ece-4289-894d-6830801a23cd,2,Business Administration,400,78.9,4.7,2.23,26.7,26.2,70.8,48.8,-22.0,declining,D,0
0334794c-ebc1-4644-a9cc-7c57e08e0c10,1,Psychology,400,78.1,4.9,3.29,40.0,21.8,,61.0,0.0,stable,B,0
0334794c-ebc1-4644-a9cc-7c57e08e0c10,2,Psychology,400,37.1,10.5,3.51,26.0,40.3,61.0,69.0,8.0,improving,B,1
77a4144f-ad30-48ea-9bf4-0a0562d4eed8,1,Electrical Engineering,400,100.0,20.6,2.58,27.7,40.8,,65.7,0.0,stable,B,0
77a4144f-ad30-48ea-9bf4-0a0562d4eed8,2,Electrical Engineering,400,81.8,6.1,2.94,35.5,34.2,65.7,66.9,1.2,stable,B,0
