student_id,semester,department,level,attendance_pct,study_hours_per_week,prev_gpa,ca_score,exam_score,prev_final_score,final_score,score_delta,performance_trend,grade,is_at_risk
1faadcad-3d73-4de6-8335-c41c2e347fd8,1,Sociology,100,82.5,11.3,3.52,39.1,37.8,,76.2,0.0,stable,A,0
1faadcad-3d73-4de6-8335-c41c2e347fd8,2,Sociology,100,98.7,15.8,2.62,37.5,36.9,76.2,73.0,-3.2,stable,A,0
6c01946f-5a40-4ba3-847c-6cb0580b4a8a,1,Computer Science,300,78.6,2.4,1.62,27.9,19.9,,48.7,0.0,stable,D,0
6c01946f-5a40-4ba3-847c-6cb0580b4a8a,2,Computer Science,300,61.4,4.9,4.17,26.1,37.5,48.7,59.4,10.7,improving,C,0
46d3bd2e-96bd-49fb-a72b-bdb3da9beeb9,1,Business Administration,100,66.8,12.6,2.08,30.2,32.1,,61.5,0.0,stable,B,0
46d3bd2e-96bd-49fb-a72b-bdb3da9beeb9,2,Business Administration,100,66.0,21.3,2.99,22.9,54.4,61.5,73.6,12.1,improving,A,0
f0c5778f-942c-45d8-922f-e223af831c47,1,Mechanical Engineering,100,78.1,2.2,1.94,31.6,37.8,,70.0,0.0,stable,B,0
f0c5778f-942c-45d8-922f-e223af831c47,2,Mechanical Engineering,100,73.3,10.5,1.82,26.1,31.5,70.0,60.7,-9.2,declining,B,0
40f338d5-c65d-4201-b4c3-f9bc6c501be1,1,Biology,100,80.2,3.2,3.26,29.1,27.0,,58.0,0.0,stable,C,0
40f338d5-c65d-4201-b4c3-f9bc6c501be1,2,Biology,100,90.5,16.7,2.33,31.5,44.9,58.0,79.3,21.4,improving,A,0
9a020eb1-1af6-4ef8-a436-e806b94bf9b5,1,Sociology,300,67.8,11.1,2.11,22.6,45.3,,71.9,0.0,stable,A,0
9a020eb1-1af6-4ef8-a436-e806b94bf9b5,2,Sociology,300,73.9,17.0,3.29,26.6,47.3,71.9,78.5,6.6,improving,A,0
c7ad9a2a-8118-4b0c-934c-8f4ae49ebcf0,1,Biochemistry,300,74.5,19.8,0.9,34.0,41.8,,74.9,0.0,stable,A,0
c7ad9a2a-8118-4b0c-934c-8f4ae49ebcf0,2,Biochemistry,300,76.4,2.1,2.82,32.1,46.9,74.9,77.4,2.5,stable,A,0
613b9b42-2a01-4a0d-9aac-aad3bcb3b2c6,1,Computer Engineering,300,62.9,9.5,3.73,29.2,33.9,,64.7,0.0,stable,B,0
613b9b42-2a01-4a0d-9aac-aad3bcb3b2c6,2,Computer Engineering,300,76.5,16.8,2.44,28.7,38.0,64.7,62.2,-2.5,stable,B,0
69ea45c7-7b95-4876-b7c6-8e79b08b91e6,1,Law,100,79.4,13.3,3.0,29.7,26.4,,54.8,0.0,stable,C,0
69ea45c7-7b95-4876-b7c6-8e79b08b91e6,2,Law,100,69.9,8.0,2.87,31.0,55.3,54.8,86.8,32.0,improving,A,0
9d7a79c8-1013-494d-9b41-69d10163b623,1,Computer Science,100,78.9,11.6,1.46,30.6,36.8,,74.9,0.0,stable,A,0
9d7a79c8-1013-494d-9b41-69d10163b623,2,Computer Science,100,72.1,13.5,2.97,23.6,52.0,74.9,77.9,3.0,stable,A,0
97ae2dae-697a-48c0-8e92-ac169034edab,1,Mechanical Engineering,100,86.9,7.5,4.12,25.4,44.4,,76.4,0.0,stable,A,0
97ae2dae-697a-48c0-8e92-ac169034edab,2,Mechanical Engineering,100,60.1,9.2,3.08,24.5,22.2,76.4,46.9,-29.5,declining,D,0
a2990e33-a269-4692-954d-22e4599dda13,1,Economics,300,59.1,14.4,2.26,34.6,32.0,,65.6,0.0,stable,B,0
a2990e33-a269-4692-954d-22e4599dda13,2,Economics,300,87.2,5.8,3.18,39.0,19.5,65.6,59.0,-6.6,declining,C,0
df44efff-dd2c-4817-820b-c501a70b6183,1,Computer Science,300,78.9,15.9,2.01,24.2,45.6,,70.7,0.0,stable,A,0
df44efff-dd2c-4817-820b-c501a70b6183,2,Computer Science,300,78.8,13.7,2.46,31.9,42.7,70.7,72.4,1.7,stable,A,0
b586458b-4767-4f7f-a20c-6c318ac82357,1,Mechanical Engineering,300,100.0,14.4,2.05,38.3,29.6,,70.3,0.0,stable,A,0
b586458b-4767-4f7f-a20c-6c318ac82357,2,Mechanical Engineering,300,92.4,7.9,3.77,35.5,46.4,70.3,87.6,17.4,improving,A,0
8dfc76ba-cc41-4cdf-a54d-0f563a76e13b,1,Sociology,300,71.3,8.2,2.29,25.2,34.7,,60.9,0.0,stable,B,0
8dfc76ba-cc41-4cdf-a54d-0f563a76e13b,2,Sociology,300,79.2,16.1,3.01,38.1,39.9,60.9,86.2,25.3,improving,A,0
a7c58afa-7e26-4643-a994-816424f62849,1,Economics,200,84.4,7.7,2.14,34.3,32.6,,69.0,0.0,stable,B,0
a7c58afa-7e26-4643-a994-816424f62849,2,Economics,200,82.1,11.6,2.32,23.8,33.5,69.0,59.9,-9.1,declining,C,0
52a852e3-cfac-4332-adcd-687326887428,1,Mechanical Engineering,200,78.2,5.8,3.14,32.6,26.6,,59.6,0.0,stable,C,0
52a852e3-cfac-4332-adcd-687326887428,2,Mechanical Engineering,200,75.9,6.3,3.29,33.0,46.9,59.6,83.0,23.4,improving,A,0
6fea8ad0-031b-4bfe-9dbf-f23f083da912,1,Psychology,200,54.3,7.3,3.41,28.4,42.2,,82.2,0.0,stable,A,0
6fea8ad0-031b-4bfe-9dbf-f23f083da912,2,Psychology,200,83.6,17.7,3.76,35.0,42.0,82.2,79.2,-2.9,stable,A,0
32dac81d-1cb4-4a3b-a193-ddf0c759f7a2,1,Political Science,100,63.4,10.8,2.61,28.1,60.0,,82.5,0.0,stable,A,0
32dac81d-1cb4-4a3b-a193-ddf0c759f7a2,2,Political Science,100,85.3,3.9,2.62,37.5,33.7,82.5,68.0,-14.5,declining,B,0
a7a2f9e8-c063-41f4-97ed-600d5e4f28a0,1,Political Science,100,64.3,15.4,2.42,28.9,41.3,,68.3,0.0,stable,B,0
a7a2f9e8-c063-41f4-97ed-600d5e4f28a0,2,Political Science,100,100.0,15.2,1.38,35.9,32.0,68.3,70.5,2.2,stable,A,0
3753168f-97f7-44eb-9069-0e2cc3c9487e,1,Biology,200,63.1,11.4,3.4,32.0,28.0,,58.9,0.0,stable,C,0
3753168f-97f7-44eb-9069-0e2cc3c9487e,2,Biology,200,67.9,8.7,4.41,30.6,27.5,58.9,60.8,1.9,stable,B,0
834774cc-8833-4264-a912-b43d55926cee,1,Medicine,300,100.0,17.2,1.78,32.6,53.5,,84.0,0.0,stable,A,0
834774cc-8833-4264-a912-b43d55926cee,2,Medicine,300,81.7,15.9,2.26,31.0,8.4,84.0,36.4,-47.5,declining,F,1
eb73057b-6ceb-408f-b27e-8f7ed0e1fdd0,1,Electrical Engineering,100,71.2,5.8,4.31,22.1,33.3,,55.8,0.0,stable,C,0
eb73057b-6ceb-408f-b27e-8f7ed0e1fdd0,2,Electrical Engineering,100,96.6,4.8,3.93,34.4,26.5,55.8,62.3,6.4,improving,B,0
3d2a912b-b221-4fb2-a053-b30a21ea95d6,1,Political Science,200,78.0,9.0,3.06,28.7,38.7,,69.3,0.0,stable,B,0
3d2a912b-b221-4fb2-a053-b30a21ea95d6,2,Political Science,200,98.8,5.8,4.71,25.0,37.0,69.3,63.8,-5.5,declining,B,0
b6b1304d-9b73-4d7c-9ffb-0ffd0c922a58,1,Computer Engineering,100,79.2,8.9,2.83,28.4,31.1,,62.0,0.0,stable,B,0
b6b1304d-9b73-4d7c-9ffb-0ffd0c922a58,2,Computer Engineering,100,80.4,8.5,3.72,32.6,46.7,62.0,81.2,19.1,improving,A,0
801a499a-2627-4058-a4e4-77254882b622,1,Law,100,62.6,9.2,3.6,30.6,38.6,,69.5,0.0,stable,B,0
801a499a-2627-4058-a4e4-77254882b622,2,Law,100,94.2,9.0,3.44,32.8,36.2,69.5,72.3,2.8,stable,A,0
3a5e3f7e-26cd-47cc-9658-d42fb27e5e03,1,Medicine,300,87.4,16.1,4.04,32.6,51.4,,83.0,0.0,stable,A,0
3a5e3f7e-26cd-47cc-9658-d42fb27e5e03,2,Medicine,300,79.9,11.3,3.08,33.9,31.1,83.0,71.3,-11.7,declining,A,0
bc1e9bf1-97f5-4202-ab40-282baf74c5dd,1,Psychology,200,59.9,5.9,3.93,30.9,43.3,,76.2,0.0,stable,A,0
bc1e9bf1-97f5-4202-ab40-282baf74c5dd,2,Psychology,200,74.8,7.5,3.06,26.6,46.2,76.2,72.4,-3.8,stable,A,0
3ba6f7a0-cee9-46bc-ad08-b45f27d5b83f,1,Political Science,100,62.6,10.4,3.33,24.7,30.9,,56.3,0.0,stable,C,0
3ba6f7a0-cee9-46bc-ad08-b45f27d5b83f,2,Political Science,100,78.7,9.5,2.62,31.9,22.5,56.3,50.2,-6.1,declining,C,0
9bb90ec0-25ac-448f-8f3a-25cedf8fe09c,1,Biology,200,64.2,10.9,3.25,35.2,47.9,,82.6,0.0,stable,A,0
9bb90ec0-25ac-448f-8f3a-25cedf8fe09c,2,Biology,200,74.7,7.0,2.99,28.5,39.2,82.6,65.2,-17.4,declining,B,0
d0e40b65-3f60-4da5-82bb-978e49b524e1,1,Economics,100,82.8,19.7,2.91,33.6,51.8,,84.1,0.0,stable,A,0
d0e40b65-3f60-4da5-82bb-978e49b524e1,2,Economics,100,78.4,12.1,3.08,26.8,40.0,84.1,68.3,-15.8,declining,B,0
e9180155-e7fe-4e9e-a8a6-756692458695,1,Biochemistry,200,96.8,16.8,4.72,30.5,55.2,,86.2,0.0,stable,A,0
e9180155-e7fe-4e9e-a8a6-756692458695,2,Biochemistry,200,100.0,8.0,2.33,32.0,14.1,86.2,44.5,-41.7,declining,F,1
6281eb20-a67b-4973-afd1-b77c58fbd465,1,Computer Engineering,300,63.6,12.8,3.27,37.1,50.2,,85.5,0.0,stable,A,0
6281eb20-a67b-4973-afd1-b77c58fbd465,2,Computer Engineering,300,61.5,14.5,1.94,36.5,51.0,85.5,86.1,0.5,stable,A,0
94f75128-37f8-49e5-b62f-e16a46d91ff7,1,Business Administration,300,49.3,18.8,2.91,31.0,28.3,,57.5,0.0,stable,C,1
94f75128-37f8-49e5-b62f-e16a46d91ff7,2,Business Administration,300,75.1,12.2,2.64,33.1,28.3,57.5,61.0,3.5,stable,B,0
806739cc-ef33-4b6d-a601-c6a7571bd579,1,Psychology,200,76.8,14.6,3.57,24.7,27.2,,55.8,0.0,stable,C,0
806739cc-ef33-4b6d-a601-c6a7571bd579,2,Psychology,200,80.0,8.3,4.24,31.6,51.2,55.8,83.0,27.2,improving,A,0
52310b24-96d4-4711-9d03-55163ecd3746,1,Psychology,100,100.0,20.8,2.8,39.9,51.9,,95.9,0.0,stable,A,0
52310b24-96d4-4711-9d03-55163ecd3746,2,Psychology,100,60.5,15.4,3.85,18.3,31.9,95.9,44.1,-51.8,declining,F,1
2e6f8161-6800-4204-a4fb-94bbd8a78794,1,Biology,100,71.0,15.6,4.2,29.6,60.0,,85.4,0.0,stable,A,0
2e6f8161-6800-4204-a4fb-94bbd8a78794,2,Biology,100,49.4,11.7,3.31,24.7,19.3,85.4,43.8,-41.6,declining,F,1
7b8851c8-6909-41af-912b-ef20e5617d68,1,Computer Science,300,55.4,15.3,3.29,21.4,37.4,,55.6,0.0,stable,C,0
7b8851c8-6909-41af-912b-ef20e5617d68,2,Computer Science,300,74.1,16.8,2.21,32.3,36.1,55.6,66.1,10.4,improving,B,0
cce087e0-7677-4182-8896-7fa35f260b0d,1,Mechanical Engineering,200,73.4,6.8,2.56,23.7,54.6,,78.4,0.0,stable,A,0
cce087e0-7677-4182-8896-7fa35f260b0d,2,Mechanical Engineering,200,64.5,13.1,2.91,26.8,46.3,78.4,75.4,-3.1,stable,A,0
92631c0b-d728-4abf-b4f0-2892afc9b0c0,1,Computer Engineering,100,67.0,9.1,2.78,16.9,21.9,,42.9,0.0,stable,F,1
92631c0b-d728-4abf-b4f0-2892afc9b0c0,2,Computer Engineering,100,99.7,10.8,3.46,36.5,60.0,42.9,99.8,56.9,improving,A,0
1e64f0af-eb51-4fa0-aa2f-cf6190de439f,1,Accounting,100,73.1,7.2,1.71,30.6,26.0,,52.4,0.0,stable,C,0
1e64f0af-eb51-4fa0-aa2f-cf6190de439f,2,Accounting,100,65.3,6.6,4.35,32.5,38.3,52.4,75.2,22.8,improving,A,0
f85de4d0-f520-475c-b163-f11973207ef8,1,Law,300,76.2,7.7,4.22,32.9,28.6,,60.9,0.0,stable,B,0
f85de4d0-f520-475c-b163-f11973207ef8,2,Law,300,61.9,5.1,3.74,36.9,22.1,60.9,60.7,-0.2,stable,B,0
1160e61d-dd60-43b4-b47f-102a73e7392a,1,Architecture,300,65.2,9.6,2.53,23.7,37.4,,58.6,0.0,stable,C,0
1160e61d-dd60-43b4-b47f-102a73e7392a,2,Architecture,300,79.1,11.7,2.81,26.3,33.2,58.6,61.8,3.2,stable,B,0
e5ef7525-8998-4dca-805f-8a9757fe4f8b,1,Electrical Engineering,200,82.5,7.1,3.08,35.3,19.5,,56.4,0.0,stable,C,0
e5ef7525-8998-4dca-805f-8a9757fe4f8b,2,Electrical Engineering,200,65.1,14.9,2.39,19.0,24.1,56.4,43.2,-13.2,declining,F,1
51e4f223-d015-4f34-bee2-b0eb432a3e27,1,Medicine,200,78.9,7.5,3.51,22.5,36.7,,55.5,0.0,stable,C,0
51e4f223-d015-4f34-bee2-b0eb432a3e27,2,Medicine,200,65.2,12.2,2.31,26.1,48.4,55.5,72.8,17.3,improving,A,0
b7039866-674e-4b6e-8d54-160b514fa18e,1,Sociology,200,87.5,6.4,3.42,39.7,11.7,,49.0,0.0,stable,D,0
b7039866-674e-4b6e-8d54-160b514fa18e,2,Sociology,200,83.7,11.0,3.3,28.7,40.3,49.0,68.6,19.6,improving,B,0
fbe00ab5-f296-451b-8b1b-1719d3374bce,1,Biology,300,92.5,13.3,3.27,31.4,36.1,,66.3,0.0,stable,B,0
fbe00ab5-f296-451b-8b1b-1719d3374bce,2,Biology,300,80.9,9.9,3.23,40.0,47.2,66.3,86.3,20.0,improving,A,0
54f89548-a768-4d89-a3ec-5c71f8197a7f,1,Sociology,100,93.0,10.0,1.37,28.6,16.1,,43.7,0.0,stable,F,1
54f89548-a768-4d89-a3ec-5c71f8197a7f,2,Sociology,100,75.3,20.4,3.26,29.0,54.4,43.7,76.7,33.0,improving,A,0
ea3ce4e7-5abb-4c54-8fa3-4c07271e68a3,1,Psychology,300,78.5,15.9,1.82,36.4,43.3,,78.5,0.0,stable,A,0
ea3ce4e7-5abb-4c54-8fa3-4c07271e68a3,2,Psychology,300,84.5,23.4,3.15,33.1,43.4,78.5,74.0,-4.6,stable,A,0
f3b3440f-7772-4a05-aa7a-66f65d1f92e3,1,Electrical Engineering,300,87.5,7.7,3.06,30.1,41.4,,72.5,0.0,stable,A,0
f3b3440f-7772-4a05-aa7a-66f65d1f92e3,2,Electrical Engineering,300,90.6,9.4,2.78,28.2,32.9,72.5,62.2,-10.3,declining,B,0
f0aab39c-20fc-49b9-9b10-4c1a1ac1737e,1,Biology,100,86.4,7.4,3.7,39.0,41.8,,86.5,0.0,stable,A,0
f0aab39c-20fc-49b9-9b10-4c1a1ac1737e,2,Biology,100,63.4,5.8,1.58,35.2,38.8,86.5,73.8,-12.7,declining,A,0
f195f113-af71-40f3-ab6d-bd018d0a5edf,1,Electrical Engineering,200,79.2,6.4,4.96,31.5,40.6,,74.2,0.0,stable,A,0
f195f113-af71-40f3-ab6d-bd018d0a5edf,2,Electrical Engineering,200,82.2,13.1,2.37,33.8,57.9,74.2,95.8,21.5,improving,A,0
2d82a8fe-756c-4e37-9ce5-80a6a3cfea95,1,Law,300,98.9,9.4,2.21,34.2,36.7,,74.2,0.0,stable,A,0
2d82a8fe-756c-4e37-9ce5-80a6a3cfea95,2,Law,300,49.6,19.6,2.87,22.8,34.7,74.2,52.5,-21.7,declining,C,1
396508ed-07bf-4410-9770-d14b4e0c8dd9,1,Biochemistry,300,87.3,12.4,1.97,26.0,34.4,,65.4,0.0,stable,B,0
396508ed-07bf-4410-9770-d14b4e0c8dd9,2,Biochemistry,300,71.1,4.5,2.8,27.9,6.8,65.4,34.5,-30.9,declining,F,1
79735b6f-6c5d-43d1-8f56-b4d026abf6e2,1,Biology,300,71.5,15.5,4.48,34.9,42.3,,73.9,0.0,stable,A,0
79735b6f-6c5d-43d1-8f56-b4d026abf6e2,2,Biology,300,100.0,12.3,3.01,34.9,41.8,73.9,76.2,2.3,stable,A,0
78190085-8bb7-4ad1-8bcb-9ba7855aa645,1,Mechanical Engineering,300,66.4,9.3,2.97,25.6,30.4,,56.3,0.0,stable,C,0
78190085-8bb7-4ad1-8bcb-9ba7855aa645,2,Mechanical Engineering,300,71.2,19.5,0.88,34.7,53.2,56.3,81.6,25.3,improving,A,0
d1f4ee34-45f1-4f60-a0d1-ee9bcfe3119b,1,Medicine,100,69.9,10.1,1.87,25.1,24.9,,55.2,0.0,stable,C,0
d1f4ee34-45f1-4f60-a0d1-ee9bcfe3119b,2,Medicine,100,89.0,18.4,3.58,27.2,40.0,55.2,68.7,13.4,improving,B,0
68b507b8-6e67-48d8-a334-efcb95085f96,1,Mechanical Engineering,100,56.7,15.6,2.81,24.5,48.8,,74.6,0.0,stable,A,0
68b507b8-6e67-48d8-a334-efcb95085f96,2,Mechanical Engineering,100,69.6,17.8,2.14,32.0,47.9,74.6,79.0,4.3,stable,A,0
529784ef-1d73-4afe-9006-9aa6d6bcede2,1,Political Science,200,79.9,5.7,3.74,30.1,31.4,,64.6,0.0,stable,B,0
529784ef-1d73-4afe-9006-9aa6d6bcede2,2,Political Science,200,64.4,5.0,1.75,30.9,19.2,64.6,55.4,-9.1,declining,C,0
38a41a08-ee1c-46a4-87f7-f8381c60f5ad,1,Law,300,43.8,20.5,3.17,23.3,40.5,,65.0,0.0,stable,B,1
38a41a08-ee1c-46a4-87f7-f8381c60f5ad,2,Law,300,74.4,17.5,3.09,30.6,40.1,65.0,70.5,5.5,improving,A,0
b16defc2-1fdd-49d7-b4b2-644f61cb1ace,1,Computer Engineering,100,79.6,3.4,1.92,34.6,33.0,,67.1,0.0,stable,B,0
b16defc2-1fdd-49d7-b4b2-644f61cb1ace,2,Computer Engineering,100,75.3,13.7,2.57,26.2,41.9,67.1,65.1,-2.0,stable,B,0
7c1c100b-cf45-4cb0-88ad-2fb21cd5f610,1,Biochemistry,300,81.1,3.5,3.82,33.6,37.7,,74.2,0.0,stable,A,0
7c1c100b-cf45-4cb0-88ad-2fb21cd5f610,2,Biochemistry,300,100.0,17.1,1.53,28.6,34.0,74.2,62.7,-11.6,declining,B,0
3a28fe1d-676f-4721-810d-7e40077bee16,1,Biochemistry,300,82.8,8.4,3.15,27.8,31.2,,54.7,0.0,stable,C,0
3a28fe1d-676f-4721-810d-7e40077bee16,2,Biochemistry,300,61.2,5.2,2.22,32.5,23.7,54.7,64.1,9.4,improving,B,0
abc77796-2232-4bee-b5d2-0e16109aff02,1,Medicine,200,82.4,12.9,2.31,35.0,33.1,,68.4,0.0,stable,B,0
abc77796-2232-4bee-b5d2-0e16109aff02,2,Medicine,200,100.0,11.5,3.92,31.5,40.7,68.4,77.5,9.1,improving,A,0
3585bc85-cfd7-476a-b9fc-0d7b4741312c,1,Sociology,200,65.6,21.1,3.57,25.3,53.5,,81.7,0.0,stable,A,0
3585bc85-cfd7-476a-b9fc-0d7b4741312c,2,Sociology,200,84.3,4.1,2.42,30.6,32.1,81.7,64.5,-17.2,declining,B,0
b80851ec-f132-435c-867e-cf3631d807b2,1,Law,400,77.7,5.3,3.3,33.6,41.0,,77.8,0.0,stable,A,0
b80851ec-f132-435c-867e-cf3631d807b2,2,Law,400,87.5,14.3,2.94,24.2,45.4,77.8,70.2,-7.6,declining,A,0
ba0db427-9499-4acb-b376-e445e45a7133,1,Electrical Engineering,200,79.1,5.6,2.14,36.1,32.9,,71.0,0.0,stable,A,0
ba0db427-9499-4acb-b376-e445e45a7133,2,Electrical Engineering,200,75.4,12.1,3.75,27.5,42.1,71.0,68.3,-2.8,stable,B,0
a321f3e4-fb70-4c8a-8ccd-dbfadd420e71,1,Electrical Engineering,100,68.5,10.5,3.18,26.3,51.4,,75.0,0.0,stable,A,0
a321f3e4-fb70-4c8a-8ccd-dbfadd420e71,2,Electrical Engineering,100,72.2,9.8,4.16,30.4,50.6,75.0,76.6,1.6,stable,A,0
a27de6b1-3a15-4e60-b24f-f99ad1c8f71e,1,Biology,300,79.0,16.4,3.07,36.1,37.7,,78.1,0.0,stable,A,0
a27de6b1-3a15-4e60-b24f-f99ad1c8f71e,2,Biology,300,100.0,10.2,2.64,40.0,53.4,78.1,91.8,13.7,improving,A,0
c057d00b-383d-4849-b93c-2be631e81557,1,Economics,200,68.7,10.6,1.92,24.1,26.4,,48.2,0.0,stable,D,0
c057d00b-383d-4849-b93c-2be631e81557,2,Economics,200,74.5,13.2,4.24,24.9,52.7,48.2,77.0,28.8,improving,A,0
f3d1b6f1-ab67-4a4a-abc5-1de116d75d98,1,Biology,300,74.3,15.4,2.1,31.8,41.8,,75.1,0.0,stable,A,0
f3d1b6f1-ab67-4a4a-abc5-1de116d75d98,2,Biology,300,79.3,24.3,2.49,28.2,41.1,75.1,67.6,-7.5,declining,B,0
4b7df61d-90c2-4abe-ac28-fdfa4803fb6c,1,Law,400,65.4,17.9,4.14,25.2,37.8,,64.4,0.0,stable,B,0
4b7df61d-90c2-4abe-ac28-fdfa4803fb6c,2,Law,400,66.7,15.2,3.16,20.8,57.6,64.4,83.8,19.4,improving,A,0
19d39e8a-503d-4415-bc48-3833c372f2fd,1,Medicine,200,65.8,10.1,3.23,29.8,45.2,,81.1,0.0,stable,A,0
19d39e8a-503d-4415-bc48-3833c372f2fd,2,Medicine,200,72.3,8.0,1.9,25.8,34.2,81.1,65.4,-15.7,declining,B,0
85386293-710d-4789-a7e8-0364034996a4,1,Electrical Engineering,300,67.2,13.1,2.99,34.4,60.0,,92.8,0.0,stable,A,0
85386293-710d-4789-a7e8-0364034996a4,2,Electrical Engineering,300,67.7,17.2,3.55,37.8,50.2,92.8,86.9,-5.9,declining,A,0
30522839-aa5f-4f68-9a05-2cf8848e92a2,1,Architecture,100,83.9,17.5,3.66,34.3,55.5,,93.3,0.0,stable,A,0
30522839-aa5f-4f68-9a05-2cf8848e92a2,2,Architecture,100,95.7,15.2,2.87,34.9,53.7,93.3,86.1,-7.2,declining,A,0
ae96de4f-3d07-4771-944b-23f8a51c1861,1,Political Science,100,80.5,10.0,3.02,37.5,40.1,,77.8,0.0,stable,A,0
ae96de4f-3d07-4771-944b-23f8a51c1861,2,Political Science,100,54.6,15.7,3.52,36.7,40.2,77.8,77.6,-0.2,stable,A,0
5e42a2b5-0da5-4917-b78f-1e775512debb,1,Accounting,100,78.7,19.9,2.92,32.1,51.1,,83.8,0.0,stable,A,0
5e42a2b5-0da5-4917-b78f-1e775512debb,2,Accounting,100,68.3,13.0,3.86,23.5,43.3,83.8,64.7,-19.1,declining,B,0
a83fab52-1537-4a55-9af8-400ee5cb4942,1,Electrical Engineering,300,92.9,4.4,2.55,35.5,48.9,,84.2,0.0,stable,A,0
a83fab52-1537-4a55-9af8-400ee5cb4942,2,Electrical Engineering,300,66.7,21.4,1.84,17.3,48.4,84.2,64.2,-20.0,declining,B,0
5bbd0fc9-f8bc-4c75-b0fd-dcce79382b10,1,Electrical Engineering,300,59.7,15.5,3.2,24.1,29.7,,56.4,0.0,stable,C,0
5bbd0fc9-f8bc-4c75-b0fd-dcce79382b10,2,Electrical Engineering,300,84.8,11.5,4.48,26.6,26.9,56.4,51.4,-5.0,stable,C,0
892165a7-d8bb-4059-9f9f-1a278c030b36,1,Law,100,74.3,13.2,2.81,31.6,27.5,,63.5,0.0,stable,B,0
892165a7-d8bb-4059-9f9f-1a278c030b36,2,Law,100,73.8,17.6,3.27,32.0,49.8,63.5,83.2,19.7,improving,A,0
773d05cc-be90-4184-bc54-29e792e27ad7,1,Law,400,84.6,18.6,3.16,35.5,43.7,,83.5,0.0,stable,A,0
773d05cc-be90-4184-bc54-29e792e27ad7,2,Law,400,64.9,21.0,2.97,20.8,47.2,83.5,66.0,-17.5,declining,B,0
413020cc-31e2-4bc0-8699-80a14879e80b,1,Psychology,200,87.6,8.7,2.64,23.1,32.0,,47.8,0.0,stable,D,0
413020cc-31e2-4bc0-8699-80a14879e80b,2,Psychology,200,51.2,15.8,3.63,27.4,33.9,47.8,61.1,13.3,improving,B,0
ad58e799-b718-40b5-bce6-078a8285e4ee,1,Economics,200,74.9,6.2,4.2,34.4,35.6,,70.1,0.0,stable,A,0
ad58e799-b718-40b5-bce6-078a8285e4ee,2,Economics,200,78.1,1.8,2.8,27.2,21.9,70.1,48.2,-21.8,declining,D,0
2b1b9325-5ed3-48d6-abdd-b901b77bf90a,1,Economics,100,100.0,15.2,2.54,37.9,54.9,,95.6,0.0,stable,A,0
2b1b9325-5ed3-48d6-abdd-b901b77bf90a,2,Economics,100,75.9,8.8,3.56,32.1,47.3,95.6,81.4,-14.2,declining,A,0
e88e78e8-51ae-45b1-9d30-c26836b298a9,1,Sociology,300,90.7,9.3,4.05,34.1,60.0,,92.1,0.0,stable,A,0
e88e78e8-51ae-45b1-9d30-c26836b298a9,2,Sociology,300,100.0,13.0,2.48,32.6,36.0,92.1,69.9,-22.2,declining,B,0
46b28c27-d979-4148-8d34-38acfe1e9247,1,Computer Engineering,300,82.8,9.1,2.98,40.0,54.8,,96.1,0.0,stable,A,0
46b28c27-d979-4148-8d34-38acfe1e9247,2,Computer Engineering,300,75.6,12.6,3.49,25.0,38.4,96.1,58.4,-37.7,declining,C,0
ce29f86c-e7eb-4247-bfa4-58937e109218,1,Biochemistry,300,81.0,15.2,2.61,39.1,28.9,,63.5,0.0,stable,B,0
ce29f86c-e7eb-4247-bfa4-58937e109218,2,Biochemistry,300,78.4,17.2,4.35,28.4,56.8,63.5,85.1,21.5,improving,A,0
4bac810f-9822-4a9f-aa7a-f446514e83fc,1,Political Science,200,72.4,16.4,3.52,21.6,58.5,,84.3,0.0,stable,A,0
4bac810f-9822-4a9f-aa7a-f446514e83fc,2,Political Science,200,65.6,14.0,3.4,29.4,36.3,84.3,63.7,-20.6,declining,B,0
1af4b0e5-354e-435e-b185-90b89da97c10,1,Political Science,300,74.6,17.9,3.43,28.1,52.3,,71.9,0.0,stable,A,0
1af4b0e5-354e-435e-b185-90b89da97c10,2,Political Science,300,92.2,3.3,2.71,27.8,19.8,71.9,51.2,-20.7,declining,C,0
8fa33946-d772-4234-b174-69fab608d26c,1,Medicine,100,68.0,13.7,2.96,31.0,41.5,,68.6,0.0,stable,B,0
8fa33946-d772-4234-b174-69fab608d26c,2,Medicine,100,89.9,9.5,1.75,30.8,50.3,68.6,83.7,15.1,improving,A,0
bcd352de-8907-478a-9393-4b48aed625ac,1,Business Administration,200,69.8,10.3,2.74,39.3,41.6,,82.3,0.0,stable,A,0
bcd352de-8907-478a-9393-4b48aed625ac,2,Business Administration,200,90.5,13.2,2.79,32.1,39.3,82.3,71.3,-11.0,declining,A,0
176b3f17-ad40-47d4-b4ab-fb9cebbceea2,1,Electrical Engineering,200,85.9,12.3,3.59,31.8,41.7,,67.5,0.0,stable,B,0
176b3f17-ad40-47d4-b4ab-fb9cebbceea2,2,Electrical Engineering,200,88.7,13.7,3.8,18.3,60.0,67.5,77.8,10.3,improving,A,0
96a2647b-b05e-48db-80ff-e772de27c6b5,1,Computer Science,300,91.6,6.8,3.49,28.1,30.6,,64.4,0.0,stable,B,0
96a2647b-b05e-48db-80ff-e772de27c6b5,2,Computer Science,300,72.1,13.1,3.7,31.9,43.2,64.4,76.2,11.8,improving,A,0
1b2add94-2f03-4b4a-800b-f0d5d05c9957,1,Biochemistry,300,100.0,11.7,3.16,40.0,50.7,,94.3,0.0,stable,A,0
1b2add94-2f03-4b4a-800b-f0d5d05c9957,2,Biochemistry,300,84.6,6.3,4.31,26.2,41.1,94.3,65.1,-29.3,declining,B,0
fd8585b3-70ae-4661-a1e0-e14c1cd09244,1,Business Administration,300,74.0,13.6,3.26,31.9,57.4,,90.7,0.0,stable,A,0
fd8585b3-70ae-4661-a1e0-e14c1cd09244,2,Business Administration,300,71.3,16.8,3.95,23.1,50.9,90.7,76.1,-14.5,declining,A,0
536060ee-aa31-4a1a-95e1-f365f95da2f7,1,Political Science,100,70.5,18.9,2.88,29.7,42.5,,72.3,0.0,stable,A,0
536060ee-aa31-4a1a-95e1-f365f95da2f7,2,Political Science,100,58.6,4.8,4.28,22.5,27.1,72.3,43.1,-29.2,declining,F,1
95bcf283-75c6-4a88-84c4-927fd6143ffb,1,Economics,100,65.4,5.4,4.31,33.1,30.6,,70.5,0.0,stable,A,0
95bcf283-75c6-4a88-84c4-927fd6143ffb,2,Economics,100,89.7,10.4,1.0,40.0,20.5,70.5,55.6,-14.9,declining,C,0
79949ce8-8809-46bf-85ed-9e1c09ccc043,1,Accounting,300,90.3,24.2,4.11,35.9,56.4,,94.9,0.0,stable,A,0
79949ce8-8809-46bf-85ed-9e1c09ccc043,2,Accounting,300,86.4,13.4,3.08,32.0,33.2,94.9,64.3,-30.6,declining,B,0
7f720ae6-b9f5-45d6-98eb-de46393a9d77,1,Business Administration,300,49.6,11.5,2.21,19.4,39.4,,63.0,0.0,stable,B,1
7f720ae6-b9f5-45d6-98eb-de46393a9d77,2,Business Administration,300,88.8,4.1,2.21,37.5,22.6,63.0,59.3,-3.7,stable,C,0
4d77b767-fdbd-4a8b-aea4-4fb1c19c4e5d,1,Economics,300,83.3,7.2,3.08,25.0,30.3,,56.2,0.0,stable,C,0
4d77b767-fdbd-4a8b-aea4-4fb1c19c4e5d,2,Economics,300,51.1,14.2,2.98,28.0,43.4,56.2,75.4,19.2,improving,A,0
595d9dea-7e9b-4698-91f1-2f9074f72270,1,Mechanical Engineering,100,76.9,9.9,3.1,33.1,38.7,,71.9,0.0,stable,A,0
595d9dea-7e9b-4698-91f1-2f9074f72270,2,Mechanical Engineering,100,64.5,8.7,1.88,36.6,22.5,71.9,57.1,-14.9,declining,C,0
317ae600-8c46-4446-9dd1-0c3dec852af1,1,Medicine,200,64.2,16.5,2.76,34.1,35.6,,70.5,0.0,stable,A,0
317ae600-8c46-4446-9dd1-0c3dec852af1,2,Medicine,200,62.5,22.7,2.05,29.0,51.7,70.5,82.0,11.5,improving,A,0
4ee092c1-766a-4fde-9947-2d3169c4b6be,1,Economics,300,72.2,11.4,3.04,28.7,48.8,,84.2,0.0,stable,A,0
4ee092c1-766a-4fde-9947-2d3169c4b6be,2,Economics,300,66.6,5.2,2.93,40.0,26.5,84.2,71.4,-12.7,declining,A,0
a19852dd-504e-4f2e-9ddf-48d18ff5dafb,1,Biochemistry,100,100.0,9.2,3.46,40.0,34.7,,74.1,0.0,stable,A,0
a19852dd-504e-4f2e-9ddf-48d18ff5dafb,2,Biochemistry,100,66.3,6.9,2.48,22.1,35.2,74.1,55.1,-19.0,declining,C,0
5f26184f-46a0-45f4-bdd5-86f59e07fb36,1,Psychology,200,78.5,4.2,3.26,34.9,14.6,,50.6,0.0,stable,C,0
5f26184f-46a0-45f4-bdd5-86f59e07fb36,2,Psychology,200,93.4,6.0,4.34,35.8,30.9,50.6,66.5,15.9,improving,B,0
7a47ec75-d36b-41a9-9db1-f77406ea83ce,1,Architecture,100,83.4,12.4,3.43,27.1,42.4,,65.2,0.0,stable,B,0
7a47ec75-d36b-41a9-9db1-f77406ea83ce,2,Architecture,100,73.3,7.5,2.41,35.8,46.1,65.2,83.8,18.5,improving,A,0
b501a820-715f-4acf-89ed-7143a1d7f4a0,1,Computer Engineering,200,58.6,10.4,3.97,27.4,60.0,,88.6,0.0,stable,A,0
b501a820-715f-4acf-89ed-7143a1d7f4a0,2,Computer Engineering,200,77.9,10.5,3.11,29.8,45.8,88.6,78.4,-10.2,declining,A,0
609414f3-f6a0-4e81-a352-d3ca5f82f661,1,Biochemistry,200,63.2,5.3,1.53,30.2,20.8,,44.6,0.0,stable,F,1
609414f3-f6a0-4e81-a352-d3ca5f82f661,2,Biochemistry,200,80.8,24.5,3.0,35.4,49.3,44.6,84.3,39.8,improving,A,0
7cafbcb6-bad2-4144-8174-7c7f0d9d4dd6,1,Mechanical Engineering,100,88.8,10.5,3.21,34.4,32.3,,69.6,0.0,stable,B,0
7cafbcb6-bad2-4144-8174-7c7f0d9d4dd6,2,Mechanical Engineering,100,72.4,8.2,3.43,25.0,38.0,69.6,63.0,-6.7,declining,B,0
67679d78-7ef3-4dfe-a25b-c248b59b6042,1,Mechanical Engineering,300,91.3,14.4,2.98,37.3,55.1,,94.1,0.0,stable,A,0
67679d78-7ef3-4dfe-a25b-c248b59b6042,2,Mechanical Engineering,300,75.2,5.4,2.15,28.5,27.1,94.1,55.0,-39.1,declining,C,0
b34780ef-9225-4560-8080-ac2a6e826a7c,1,Computer Engineering,100,75.8,14.6,2.94,32.6,42.0,,68.7,0.0,stable,B,0
b34780ef-9225-4560-8080-ac2a6e826a7c,2,Computer Engineering,100,60.9,11.3,2.03,30.2,52.4,68.7,86.3,17.6,improving,A,0
da614673-291f-4394-8e43-780459b5b9f6,1,Biology,200,71.8,19.5,3.12,27.7,39.0,,65.8,0.0,stable,B,0
da614673-291f-4394-8e43-780459b5b9f6,2,Biology,200,69.2,12.9,3.13,28.9,44.8,65.8,77.2,11.5,improving,A,0
d26ad131-826a-4bb5-94bf-6321adf9c96d,1,Accounting,100,89.2,4.6,0.96,37.5,16.5,,53.4,0.0,stable,C,0
d26ad131-826a-4bb5-94bf-6321adf9c96d,2,Accounting,100,57.4,3.0,3.43,30.3,28.2,53.4,50.7,-2.6,stable,C,0
9613e96c-0178-4ecb-94bb-99b7ac552a24,1,Political Science,300,66.8,14.0,1.82,29.3,38.5,,69.5,0.0,stable,B,0
9613e96c-0178-4ecb-94bb-99b7ac552a24,2,Political Science,300,76.8,7.1,3.96,29.6,37.7,69.5,64.5,-5.0,stable,B,0
b204772b-bc2a-43be-b2bf-94e8b129d960,1,Political Science,100,68.4,7.6,2.86,37.2,22.4,,54.8,0.0,stable,C,0
b204772b-bc2a-43be-b2bf-94e8b129d960,2,Political Science,100,97.1,11.0,2.46,39.6,31.7,54.8,76.8,22.0,improving,A,0
cbe418c9-a0f1-45cc-adbd-224b8b508e9d,1,Electrical Engineering,300,85.2,9.6,4.73,29.0,48.7,,78.6,0.0,stable,A,0
cbe418c9-a0f1-45cc-adbd-224b8b508e9d,2,Electrical Engineering,300,94.5,19.8,3.03,30.1,49.8,78.6,77.9,-0.7,stable,A,0
dadbfe75-6441-41b1-b276-1ccef220517b,1,Architecture,200,100.0,12.7,2.71,35.9,26.0,,59.0,0.0,stable,C,0
dadbfe75-6441-41b1-b276-1ccef220517b,2,Architecture,200,93.0,8.7,2.16,36.3,47.4,59.0,85.8,26.8,improving,A,0
eacb7e98-eaf2-4b7c-822c-d759308c3711,1,Business Administration,300,89.9,8.2,1.86,40.0,31.4,,70.6,0.0,stable,A,0
eacb7e98-eaf2-4b7c-822c-d759308c3711,2,Business Administration,300,94.9,14.8,3.36,40.0,35.9,70.6,78.6,8.0,improving,A,0
7bfca01c-21f3-4a73-9b70-32f3e08e80e3,1,Accounting,300,75.9,13.3,4.22,32.7,48.4,,84.3,0.0,stable,A,0
7bfca01c-21f3-4a73-9b70-32f3e08e80e3,2,Accounting,300,69.5,7.8,2.16,19.1,55.5,84.3,71.2,-13.1,declining,A,0
32372497-fc56-4995-9b0d-391d86d479fb,1,Law,200,71.7,10.6,3.25,33.4,47.7,,79.3,0.0,stable,A,0
32372497-fc56-4995-9b0d-391d86d479fb,2,Law,200,72.5,13.4,2.8,37.5,45.1,79.3,84.8,5.5,improving,A,0
a1988ffd-960f-4cc8-9bde-15644dc7778e,1,Biochemistry,300,84.9,17.9,3.14,25.5,48.0,,71.6,0.0,stable,A,0
a1988ffd-960f-4cc8-9bde-15644dc7778e,2,Biochemistry,300,67.1,14.9,3.99,28.5,46.7,71.6,80.4,8.8,improving,A,0
08a90df5-e337-4f15-b541-b76e5dfc3c34,1,Political Science,300,78.6,25.0,3.45,21.9,57.3,,80.4,0.0,stable,A,0
08a90df5-e337-4f15-b541-b76e5dfc3c34,2,Political Science,300,94.3,15.4,2.89,27.7,39.7,80.4,64.9,-15.5,declining,B,0
0a3fad87-b3f7-46d6-9111-ec5951874434,1,Biology,100,66.3,14.9,4.34,30.2,32.4,,64.0,0.0,stable,B,0
0a3fad87-b3f7-46d6-9111-ec5951874434,2,Biology,100,92.9,9.0,2.89,33.7,29.3,64.0,64.9,1.0,stable,B,0
82ad8668-0d7a-4107-88c5-6c3c493c1882,1,Biology,200,73.2,14.1,2.29,27.4,46.9,,73.2,0.0,stable,A,0
82ad8668-0d7a-4107-88c5-6c3c493c1882,2,Biology,200,100.0,10.0,3.18,39.7,24.3,73.2,58.7,-14.5,declining,C,0
30bd136a-828c-49c8-b192-a7ce21baa668,1,Law,300,52.1,18.3,2.56,38.2,37.6,,76.3,0.0,stable,A,0
30bd136a-828c-49c8-b192-a7ce21baa668,2,Law,300,98.1,22.0,4.65,40.0,60.0,76.3,100.0,23.7,improving,A,0
a94ce905-5e44-46c4-b0af-877c1e219757,1,Architecture,400,86.7,9.2,2.35,32.3,34.6,,65.6,0.0,stable,B,0
a94ce905-5e44-46c4-b0af-877c1e219757,2,Architecture,400,85.4,16.8,3.07,39.5,31.7,65.6,70.6,5.1,improving,A,0
69ed3dc7-8eb7-4d2d-8452-5bb2f90e6d07,1,Computer Engineering,100,64.2,2.7,2.93,27.2,47.9,,77.0,0.0,stable,A,0
69ed3dc7-8eb7-4d2d-8452-5bb2f90e6d07,2,Computer Engineering,100,59.6,21.3,3.98,29.8,45.9,77.0,72.8,-4.2,stable,A,0
fcc6920d-f0ec-4552-b808-6ff8adf58c49,1,Mechanical Engineering,100,69.4,17.4,4.51,36.6,41.6,,74.8,0.0,stable,A,0
fcc6920d-f0ec-4552-b808-6ff8adf58c49,2,Mechanical Engineering,100,77.1,3.2,3.26,29.7,29.1,74.8,54.0,-20.8,declining,C,0
3679713e-785b-427e-9e5f-5d9e34254ffe,1,Medicine,100,82.7,9.3,2.06,17.2,35.5,,58.0,0.0,stable,C,0
3679713e-785b-427e-9e5f-5d9e34254ffe,2,Medicine,100,99.9,9.7,2.52,37.3,27.0,58.0,65.2,7.2,improving,B,0
0f252b55-f610-4e06-b59f-8cc553f450f3,1,Psychology,300,86.5,18.1,2.92,31.3,35.0,,63.8,0.0,stable,B,0
0f252b55-f610-4e06-b59f-8cc553f450f3,2,Psychology,300,71.6,13.8,3.73,25.3,57.3,63.8,81.8,18.0,improving,A,0
5dcb140a-733e-4a79-9af6-fd115d8e8921,1,Mechanical Engineering,300,74.7,8.3,1.06,34.4,40.4,,73.9,0.0,stable,A,0
5dcb140a-733e-4a79-9af6-fd115d8e8921,2,Mechanical Engineering,300,76.0,14.6,1.75,27.6,46.9,73.9,70.6,-3.3,stable,A,0
721e4d5d-fab5-4871-9ef7-1691fbca25a8,1,Mechanical Engineering,100,79.4,5.2,3.37,30.7,19.3,,53.5,0.0,stable,C,0
721e4d5d-fab5-4871-9ef7-1691fbca25a8,2,Mechanical Engineering,100,64.0,7.9,3.16,33.5,26.8,53.5,60.6,7.0,improving,B,0
29e12871-df25-4bfd-8313-e328cd23e0c7,1,Computer Engineering,300,81.4,15.5,3.14,29.5,34.1,,63.8,0.0,stable,B,0
29e12871-df25-4bfd-8313-e328cd23e0c7,2,Computer Engineering,300,58.9,0.0,3.35,31.3,8.1,63.8,36.3,-27.4,declining,F,1
2d53aabd-7cf5-4667-9d52-35a1546aaef9,1,Sociology,100,84.3,22.3,3.02,28.2,45.1,,77.5,0.0,stable,A,0
2d53aabd-7cf5-4667-9d52-35a1546aaef9,2,Sociology,100,65.3,8.0,2.61,23.3,37.2,77.5,65.3,-12.1,declining,B,0
206a5b0a-51d6-484a-9caa-4df40d8e8337,1,Mechanical Engineering,100,79.8,10.7,2.77,23.2,47.0,,70.0,0.0,stable,B,0
206a5b0a-51d6-484a-9caa-4df40d8e8337,2,Mechanical Engineering,100,72.3,28.0,3.24,25.7,47.2,70.0,76.3,6.4,improving,A,0
dc81c80f-2c9f-4a50-b166-d689641429cb,1,Biochemistry,100,76.7,4.8,3.74,27.0,54.6,,84.9,0.0,stable,A,0
dc81c80f-2c9f-4a50-b166-d689641429cb,2,Biochemistry,100,68.3,18.4,3.05,32.9,49.1,84.9,79.5,-5.4,declining,A,0
ed0f6fc9-bd53-402f-8f1b-42d7c694e7b6,1,Accounting,200,65.3,17.1,2.73,26.1,33.2,,60.5,0.0,stable,B,0
ed0f6fc9-bd53-402f-8f1b-42d7c694e7b6,2,Accounting,200,100.0,6.7,3.02,40.0,35.0,60.5,76.4,15.9,improving,A,0
ef4fd9fe-4886-4174-8ec0-185d9f62b525,1,Computer Engineering,300,59.1,14.1,2.85,31.7,52.7,,92.2,0.0,stable,A,0
ef4fd9fe-4886-4174-8ec0-185d9f62b525,2,Computer Engineering,300,83.7,13.6,3.16,30.0,44.4,92.2,73.5,-18.7,declining,A,0
94eb3560-0ba1-4226-9305-c892009a8acb,1,Mechanical Engineering,200,77.5,18.6,2.19,36.2,55.8,,91.7,0.0,stable,A,0
94eb3560-0ba1-4226-9305-c892009a8acb,2,Mechanical Engineering,200,43.2,9.0,4.04,23.5,29.5,91.7,51.5,-40.2,declining,C,1
de1d804b-6222-4a9f-9c89-afe8d0e33e08,1,Sociology,200,87.6,14.7,2.81,30.7,37.2,,65.1,0.0,stable,B,0
de1d804b-6222-4a9f-9c89-afe8d0e33e08,2,Sociology,200,99.2,10.4,3.97,40.0,50.4,65.1,89.1,23.9,improving,A,0
9633430e-8030-4bda-9520-fcc50482c913,1,Mechanical Engineering,300,81.1,11.9,2.28,32.8,26.2,,62.6,0.0,stable,B,0
9633430e-8030-4bda-9520-fcc50482c913,2,Mechanical Engineering,300,68.0,13.0,3.23,27.3,46.6,62.6,72.5,9.9,improving,A,0
18973ffd-552b-4a9a-b8aa-1e9b7232acc4,1,Electrical Engineering,300,88.1,5.3,3.1,40.0,25.0,,62.9,0.0,stable,B,0
18973ffd-552b-4a9a-b8aa-1e9b7232acc4,2,Electrical Engineering,300,82.7,12.9,3.28,34.0,47.1,62.9,84.4,21.5,improving,A,0
e06110ba-8043-4fa6-8443-07d3e01387ef,1,Biochemistry,300,81.1,10.8,3.54,40.0,38.5,,75.5,0.0,stable,A,0
e06110ba-8043-4fa6-8443-07d3e01387ef,2,Biochemistry,300,91.6,11.4,1.26,37.6,30.3,75.5,67.6,-7.9,declining,B,0
1c1bffac-f528-429d-835b-9dd3dfcea70b,1,Psychology,200,80.0,13.0,3.57,28.8,46.5,,74.6,0.0,stable,A,0
1c1bffac-f528-429d-835b-9dd3dfcea70b,2,Psychology,200,86.1,15.1,2.25,37.6,34.9,74.6,75.0,0.4,stable,A,0
e4c89efe-df45-4383-a92c-b2e8a8ff207b,1,Mechanical Engineering,200,80.5,21.2,2.82,29.4,45.6,,74.0,0.0,stable,A,0
e4c89efe-df45-4383-a92c-b2e8a8ff207b,2,Mechanical Engineering,200,87.0,3.9,2.16,27.1,41.6,74.0,73.8,-0.2,stable,A,0
cad6cfd6-54df-418a-a93f-a16b9d2250aa,1,Political Science,200,73.4,11.2,3.06,35.5,29.8,,66.0,0.0,stable,B,0
cad6cfd6-54df-418a-a93f-a16b9d2250aa,2,Political Science,200,89.6,14.5,3.15,37.9,14.6,66.0,54.6,-11.4,declining,C,0
2d2e989a-1acb-42a6-8373-574c3acbad92,1,Mechanical Engineering,100,65.2,2.8,3.41,34.9,32.5,,70.2,0.0,stable,A,0
2d2e989a-1acb-42a6-8373-574c3acbad92,2,Mechanical Engineering,100,99.2,18.6,4.31,38.5,47.6,70.2,81.4,11.1,improving,A,0
81bae392-aa48-4331-ad3e-edef96722e00,1,Computer Engineering,300,71.3,7.8,4.74,28.4,41.3,,71.3,0.0,stable,A,0
81bae392-aa48-4331-ad3e-edef96722e00,2,Computer Engineering,300,75.7,20.5,2.5,31.1,37.2,71.3,64.3,-7.0,declining,B,0
1e1c1633-92d7-4605-94d9-b1dee89ea625,1,Law,300,65.8,11.8,2.66,24.7,24.7,,49.1,0.0,stable,D,0
1e1c1633-92d7-4605-94d9-b1dee89ea625,2,Law,300,52.4,15.8,3.07,18.2,39.3,49.1,55.3,6.1,improving,C,0
1a8bd04d-cb01-45a4-9b17-58d84509f4cd,1,Law,400,79.8,18.7,1.5,31.5,39.8,,73.3,0.0,stable,A,0
1a8bd04d-cb01-45a4-9b17-58d84509f4cd,2,Law,400,78.2,8.2,2.74,26.7,47.1,73.3,73.9,0.6,stable,A,0
008e4b02-0aab-4d1b-a47c-09015cce7a78,1,Architecture,100,100.0,11.7,2.43,27.4,20.2,,42.9,0.0,stable,F,1
008e4b02-0aab-4d1b-a47c-09015cce7a78,2,Architecture,100,79.0,14.5,1.74,35.3,34.0,42.9,69.7,26.9,improving,B,0
b746ed52-cc55-4af9-8398-c2f941f68cf2,1,Sociology,300,99.2,16.5,2.79,30.4,20.8,,49.0,0.0,stable,D,0
b746ed52-cc55-4af9-8398-c2f941f68cf2,2,Sociology,300,71.8,7.1,2.89,29.8,33.6,49.0,61.4,12.3,improving,B,0
1c9d5137-260a-4f81-a9c3-896f198c259d,1,Sociology,100,77.5,14.2,2.13,37.6,38.4,,76.0,0.0,stable,A,0
1c9d5137-260a-4f81-a9c3-896f198c259d,2,Sociology,100,85.6,13.2,3.76,33.6,35.8,76.0,70.4,-5.6,declining,A,0
a3e8c4d1-9e3d-4b5f-8083-776b9cc0131b,1,Computer Science,200,57.8,12.5,2.97,25.5,38.6,,58.5,0.0,stable,C,0
a3e8c4d1-9e3d-4b5f-8083-776b9cc0131b,2,Computer Science,200,66.8,12.5,3.13,23.2,52.8,58.5,73.4,14.9,improving,A,0
bfe00b11-986c-430a-be92-40372fa5aecf,1,Biology,200,89.5,14.1,2.48,40.0,28.1,,70.9,0.0,stable,A,0
bfe00b11-986c-430a-be92-40372fa5aecf,2,Biology,200,90.0,8.6,4.11,31.8,42.3,70.9,74.8,3.9,stable,A,0
d3c2d237-f6bc-4df0-8520-9caf51638c0c,1,Political Science,100,73.0,16.1,3.63,20.9,56.8,,72.6,0.0,stable,A,0
d3c2d237-f6bc-4df0-8520-9caf51638c0c,2,Political Science,100,90.5,17.6,2.13,31.0,30.8,72.6,61.2,-11.5,declining,B,0
9b9f65f2-f412-4118-89bc-153e960217d6,1,Mechanical Engineering,100,70.4,15.9,4.05,36.1,38.8,,74.3,0.0,stable,A,0
9b9f65f2-f412-4118-89bc-153e960217d6,2,Mechanical Engineering,100,49.7,8.0,3.77,33.0,25.9,74.3,57.1,-17.1,declining,C,1
8396ad69-9d2d-4bea-96a5-dd5029e407cb,1,Mechanical Engineering,300,74.6,13.4,2.35,32.0,34.5,,66.5,0.0,stable,B,0
8396ad69-9d2d-4bea-96a5-dd5029e407cb,2,Mechanical Engineering,300,83.2,12.0,2.65,31.1,38.0,66.5,68.0,1.5,stable,B,0
8b3277ea-5f1b-477f-9d09-c06e2a0e5015,1,Architecture,200,71.1,20.0,3.45,27.7,53.1,,79.9,0.0,stable,A,0
8b3277ea-5f1b-477f-9d09-c06e2a0e5015,2,Architecture,200,92.6,13.8,2.91,35.8,25.0,79.9,57.4,-22.5,declining,C,0
5e9ed78f-2864-4431-b853-abaf4a894947,1,Law,200,57.1,12.7,4.39,37.6,49.2,,88.3,0.0,stable,A,0
5e9ed78f-2864-4431-b853-abaf4a894947,2,Law,200,48.0,9.3,2.37,21.5,34.7,88.3,54.8,-33.5,declining,C,1
3691635a-9d3f-452a-aaae-68fc53c188d1,1,Business Administration,200,45.3,15.7,2.14,25.3,60.0,,82.5,0.0,stable,A,1
3691635a-9d3f-452a-aaae-68fc53c188d1,2,Business Administration,200,37.0,10.6,3.88,32.2,28.0,82.5,61.7,-20.8,declining,B,1
6504f147-9942-4001-afd0-5211d1a470d6,1,Mechanical Engineering,100,68.0,11.5,5.0,21.1,45.7,,68.2,0.0,stable,B,0
6504f147-9942-4001-afd0-5211d1a470d6,2,Mechanical Engineering,100,91.3,12.5,3.25,31.3,43.1,68.2,73.4,5.2,improving,A,0
5c421550-3a91-4788-b676-145bb84b5c60,1,Architecture,100,84.3,10.2,3.3,31.7,50.1,,81.7,0.0,stable,A,0
5c421550-3a91-4788-b676-145bb84b5c60,2,Architecture,100,48.4,18.3,2.28,21.4,36.7,81.7,62.2,-19.5,declining,B,1
769f7284-7905-4c8e-a372-cef345367fe0,1,Computer Science,300,43.0,27.7,3.84,24.7,51.9,,77.5,0.0,stable,A,1
769f7284-7905-4c8e-a372-cef345367fe0,2,Computer Science,300,82.8,15.2,3.44,32.0,40.8,77.5,72.3,-5.1,declining,A,0
2a001f0f-c172-4929-9ed3-248a1809f24c,1,Economics,100,72.1,17.7,3.47,14.7,51.1,,66.4,0.0,stable,B,0
2a001f0f-c172-4929-9ed3-248a1809f24c,2,Economics,100,74.7,10.1,3.9,34.7,32.3,66.4,68.2,1.7,stable,B,0
d01631eb-0e75-4993-a510-526f7d9ad211,1,Computer Engineering,100,60.4,5.1,2.5,31.4,43.2,,76.1,0.0,stable,A,0
d01631eb-0e75-4993-a510-526f7d9ad211,2,Computer Engineering,100,85.9,14.6,2.49,34.3,48.4,76.1,85.0,8.9,improving,A,0
587cadeb-35b7-4ada-b388-e2ad9f11165a,1,Electrical Engineering,200,92.8,15.5,3.28,38.9,42.4,,78.7,0.0,stable,A,0
587cadeb-35b7-4ada-b388-e2ad9f11165a,2,Electrical Engineering,200,72.6,8.3,2.46,28.8,27.9,78.7,55.8,-22.9,declining,C,0
fc6fbfce-2177-4d4c-8641-d925167f8e6e,1,Architecture,400,46.6,13.1,3.0,20.2,46.9,,70.0,0.0,stable,B,1
fc6fbfce-2177-4d4c-8641-d925167f8e6e,2,Architecture,400,50.9,8.2,2.38,20.5,43.9,70.0,63.8,-6.2,declining,B,0
92e4e0f4-5465-4129-8e9a-e7d46bedde84,1,Mechanical Engineering,200,71.0,2.0,3.51,23.0,34.0,,57.9,0.0,stable,C,0
92e4e0f4-5465-4129-8e9a-e7d46bedde84,2,Mechanical Engineering,200,95.4,5.5,0.58,35.0,48.1,57.9,86.8,28.9,improving,A,0
6605f3e9-faa0-4d37-8e80-71f1e0bf3bf4,1,Biochemistry,100,78.1,9.5,3.65,25.8,43.9,,71.1,0.0,stable,A,0
6605f3e9-faa0-4d37-8e80-71f1e0bf3bf4,2,Biochemistry,100,90.9,25.8,3.31,30.6,49.8,71.1,75.1,4.0,stable,A,0
cabf6836-7b8e-4482-9e32-f620093eb5a8,1,Electrical Engineering,200,64.6,10.0,2.58,28.7,29.0,,61.1,0.0,stable,B,0
cabf6836-7b8e-4482-9e32-f620093eb5a8,2,Electrical Engineering,200,75.0,12.0,2.74,30.8,47.3,61.1,75.4,14.4,improving,A,0
5d1c76e7-aa1e-40e4-ba1b-5fc8ac221332,1,Computer Science,200,65.1,10.5,1.92,23.9,31.6,,58.1,0.0,stable,C,0
5d1c76e7-aa1e-40e4-ba1b-5fc8ac221332,2,Computer Science,200,78.9,13.0,3.68,30.1,45.5,58.1,75.3,17.2,improving,A,0
22a11629-9f23-4ec2-bac2-585b9f28d65b,1,Business Administration,200,79.0,9.1,1.05,30.1,47.8,,80.7,0.0,stable,A,0
22a11629-9f23-4ec2-bac2-585b9f28d65b,2,Business Administration,200,89.5,18.2,3.07,33.9,38.0,80.7,70.9,-9.8,declining,A,0
faab3aa6-8116-4b09-b58f-344cfd9f8b7d,1,Business Administration,200,84.2,18.0,2.89,29.6,43.7,,75.1,0.0,stable,A,0
faab3aa6-8116-4b09-b58f-344cfd9f8b7d,2,Business Administration,200,53.3,0.5,2.56,19.6,25.4,75.1,44.5,-30.5,declining,F,1
8b6dd444-0e3c-4c3c-9c81-a3c6b0632ff2,1,Biology,300,68.2,19.3,3.26,30.1,51.5,,78.2,0.0,stable,A,0
8b6dd444-0e3c-4c3c-9c81-a3c6b0632ff2,2,Biology,300,90.6,11.6,3.54,27.8,24.8,78.2,55.0,-23.2,declining,C,0
416286a8-4f8e-4327-966e-0786469881bf,1,Political Science,300,80.6,7.5,2.3,36.8,23.1,,64.7,0.0,stable,B,0
416286a8-4f8e-4327-966e-0786469881bf,2,Political Science,300,61.5,15.2,2.74,30.3,35.9,64.7,65.7,1.0,stable,B,0
3224b302-57d7-483b-be19-95c4ed8ee629,1,Sociology,300,75.6,7.0,3.59,27.6,34.9,,59.5,0.0,stable,C,0
3224b302-57d7-483b-be19-95c4ed8ee629,2,Sociology,300,36.6,11.0,4.93,26.2,42.6,59.5,68.0,8.5,improving,B,1
2a6f27cd-73ad-4249-9602-51aceac39978,1,Architecture,200,75.3,14.7,2.06,35.6,46.8,,84.6,0.0,stable,A,0
2a6f27cd-73ad-4249-9602-51aceac39978,2,Architecture,200,81.6,12.1,3.54,34.3,37.2,84.6,69.7,-14.9,declining,B,0
8071ba59-d8a8-42a5-997d-06865bc20abb,1,Mechanical Engineering,200,76.5,19.7,2.01,23.0,44.8,,67.9,0.0,stable,B,0
8071ba59-d8a8-42a5-997d-06865bc20abb,2,Mechanical Engineering,200,77.6,13.2,2.82,38.0,24.1,67.9,59.6,-8.3,declining,C,0
afe6b344-5f52-4454-a569-1368cfc94111,1,Mechanical Engineering,100,73.5,3.8,2.86,38.0,33.6,,72.3,0.0,stable,A,0
afe6b344-5f52-4454-a569-1368cfc94111,2,Mechanical Engineering,100,56.1,8.9,2.7,24.6,49.6,72.3,75.9,3.6,stable,A,0
d8d3a244-8af1-41d3-a734-97f2c75541c9,1,Psychology,300,58.3,13.2,3.4,32.4,57.1,,86.4,0.0,stable,A,0
d8d3a244-8af1-41d3-a734-97f2c75541c9,2,Psychology,300,62.8,5.7,2.81,29.9,44.6,86.4,74.3,-12.1,declining,A,0
192f54e1-7edd-40fb-9b8f-7fba83e997bc,1,Economics,100,70.2,12.8,2.33,39.5,22.7,,62.7,0.0,stable,B,0
192f54e1-7edd-40fb-9b8f-7fba83e997bc,2,Economics,100,100.0,12.0,2.85,33.2,37.5,62.7,74.8,12.1,improving,A,0
ecd45179-441d-4738-875c-ecc52298768c,1,Biology,200,41.8,19.7,1.86,22.0,38.5,,62.3,0.0,stable,B,1
ecd45179-441d-4738-875c-ecc52298768c,2,Biology,200,51.0,14.3,4.62,18.4,46.4,62.3,62.8,0.5,stable,B,0
130eb36f-9bec-4865-bcd5-b9271f6a2806,1,Computer Science,100,81.4,12.1,2.49,33.7,56.7,,89.8,0.0,stable,A,0
130eb36f-9bec-4865-bcd5-b9271f6a2806,2,Computer Science,100,85.8,5.5,2.23,34.5,48.3,89.8,83.9,-5.9,declining,A,0
d2cef4bd-b6f5-4ccd-99dc-d170c2f84799,1,Psychology,200,70.3,12.0,2.0,32.1,46.4,,77.1,0.0,stable,A,0
d2cef4bd-b6f5-4ccd-99dc-d170c2f84799,2,Psychology,200,67.9,13.3,2.65,28.3,60.0,77.1,87.5,10.4,improving,A,0
5b1e7868-8f64-46e8-979e-9e8126783ee6,1,Economics,300,69.6,8.8,3.6,28.0,32.0,,63.9,0.0,stable,B,0
5b1e7868-8f64-46e8-979e-9e8126783ee6,2,Economics,300,96.3,9.0,1.51,39.3,27.6,63.9,69.3,5.3,improving,B,0
c48e9d07-c471-43c2-87dd-cb57b9d8422e,1,Electrical Engineering,100,45.4,16.5,2.03,27.7,41.0,,65.8,0.0,stable,B,1
c48e9d07-c471-43c2-87dd-cb57b9d8422e,2,Electrical Engineering,100,68.9,15.4,3.08,31.7,60.0,65.8,87.0,21.2,improving,A,0
ce625374-1cb6-4b50-abc0-d33baf9d1442,1,Economics,100,99.3,12.5,2.28,28.2,36.6,,67.6,0.0,stable,B,0
ce625374-1cb6-4b50-abc0-d33baf9d1442,2,Economics,100,73.1,19.6,1.84,29.6,30.1,67.6,60.8,-6.8,declining,B,0
ea901013-3c4c-48a0-8955-0a187e6a5886,1,Accounting,100,88.3,9.9,0.92,33.7,38.3,,73.1,0.0,stable,A,0
ea901013-3c4c-48a0-8955-0a187e6a5886,2,Accounting,100,93.5,6.6,3.54,39.7,19.0,73.1,59.7,-13.5,declining,C,0
e764ff35-4472-4a31-9b57-f9057c0a0eb6,1,Computer Engineering,300,67.4,11.6,3.28,26.1,33.1,,59.2,0.0,stable,C,0
e764ff35-4472-4a31-9b57-f9057c0a0eb6,2,Computer Engineering,300,58.7,6.6,3.54,21.0,43.4,59.2,65.8,6.6,improving,B,0
717356a6-093c-489e-b9ec-661ab74dd3ee,1,Computer Engineering,300,49.1,8.6,3.96,19.9,34.4,,55.7,0.0,stable,C,1
717356a6-093c-489e-b9ec-661ab74dd3ee,2,Computer Engineering,300,86.8,10.7,2.52,39.5,55.1,55.7,97.5,41.8,improving,A,0
89dcd182-e1da-4a94-925b-518489963efb,1,Accounting,100,76.3,8.0,2.34,32.9,39.5,,76.6,0.0,stable,A,0
89dcd182-e1da-4a94-925b-518489963efb,2,Accounting,100,84.8,4.5,3.84,27.0,32.0,76.6,59.8,-16.9,declining,C,0
0c7f3f08-cf03-489e-a722-2cb32c4f5c6e,1,Law,100,100.0,27.5,3.49,34.1,57.0,,93.7,0.0,stable,A,0
0c7f3f08-cf03-489e-a722-2cb32c4f5c6e,2,Law,100,70.2,21.0,3.18,31.5,53.0,93.7,85.8,-7.9,declining,A,0
2ffec1c0-e30a-4773-a370-22d7a5e38ba9,1,Biochemistry,300,87.6,8.9,2.55,27.0,40.9,,70.2,0.0,stable,A,0
2ffec1c0-e30a-4773-a370-22d7a5e38ba9,2,Biochemistry,300,81.9,20.4,3.0,34.7,34.6,70.2,68.2,-2.0,stable,B,0
37c371ee-1dbd-4745-abca-30c719321465,1,Mechanical Engineering,300,85.4,16.2,2.76,31.7,27.0,,57.6,0.0,stable,C,0
37c371ee-1dbd-4745-abca-30c719321465,2,Mechanical Engineering,300,88.4,14.9,3.4,32.9,42.5,57.6,73.4,15.8,improving,A,0
2764e95c-ef6f-4c41-89f9-12208e955cda,1,Psychology,100,85.5,14.1,3.39,29.5,20.3,,53.1,0.0,stable,C,0
2764e95c-ef6f-4c41-89f9-12208e955cda,2,Psychology,100,67.8,7.7,3.55,26.6,48.2,53.1,76.7,23.6,improving,A,0
4b298a15-a55f-4b5d-a892-83d4abb3008c,1,Psychology,100,85.3,5.2,3.97,33.4,32.9,,66.7,0.0,stable,B,0
4b298a15-a55f-4b5d-a892-83d4abb3008c,2,Psychology,100,48.4,14.0,2.18,17.9,24.2,66.7,45.4,-21.3,declining,D,1
3c6227a0-7c10-42d5-a764-089112846283,1,Law,300,65.6,19.7,2.57,19.6,33.0,,56.3,0.0,stable,C,0
3c6227a0-7c10-42d5-a764-089112846283,2,Law,300,72.7,9.3,3.13,32.0,49.0,56.3,85.4,29.1,improving,A,0
9c65b73b-9d6d-498f-a744-4f3fb6cf1298,1,Biochemistry,200,69.6,5.4,2.67,30.2,24.5,,51.9,0.0,stable,C,0
9c65b73b-9d6d-498f-a744-4f3fb6cf1298,2,Biochemistry,200,80.2,11.8,3.03,27.2,37.1,51.9,61.6,9.7,improving,B,0
13fd99cd-28e7-4546-a1a5-0800ee8a95d7,1,Mechanical Engineering,300,88.4,17.2,1.52,28.0,25.3,,51.4,0.0,stable,C,0
13fd99cd-28e7-4546-a1a5-0800ee8a95d7,2,Mechanical Engineering,300,73.7,4.8,2.26,24.7,35.0,51.4,59.9,8.5,improving,C,0
cdfa85ff-b8e2-438c-8f68-94c4e7977aba,1,Biology,200,64.2,12.9,2.56,26.5,56.1,,86.6,0.0,stable,A,0
cdfa85ff-b8e2-438c-8f68-94c4e7977aba,2,Biology,200,55.5,16.1,3.65,20.4,52.0,86.6,77.0,-9.6,declining,A,0
43338121-aea8-4e3f-8bb3-36a29815b2c0,1,Mechanical Engineering,200,58.2,7.4,3.81,28.0,43.4,,72.4,0.0,stable,A,0
43338121-aea8-4e3f-8bb3-36a29815b2c0,2,Mechanical Engineering,200,80.9,5.4,3.84,37.0,34.2,72.4,71.1,-1.3,stable,A,0
f1e6712e-3170-483f-9d93-99b522639c2e,1,Law,200,52.0,14.6,3.46,25.1,53.6,,77.7,0.0,stable,A,0
f1e6712e-3170-483f-9d93-99b522639c2e,2,Law,200,83.5,6.9,2.98,30.8,38.1,77.7,67.9,-9.8,declining,B,0
1adaf291-17ff-4d43-97ed-f719f3ac60e3,1,Sociology,300,73.0,16.1,2.65,21.6,59.3,,85.0,0.0,stable,A,0
1adaf291-17ff-4d43-97ed-f719f3ac60e3,2,Sociology,300,55.6,15.4,2.6,27.4,44.2,85.0,70.9,-14.1,declining,A,0
27abb91c-35d3-40a7-8b69-7b7649a97310,1,Business Administration,200,63.2,8.5,2.27,23.5,35.0,,56.3,0.0,stable,C,0
27abb91c-35d3-40a7-8b69-7b7649a97310,2,Business Administration,200,85.2,19.4,2.54,33.2,49.0,56.3,83.6,27.3,improving,A,0
838e25c3-2750-4569-8d63-a67b79e6196e,1,Medicine,100,76.1,15.7,3.39,24.0,51.7,,78.4,0.0,stable,A,0
838e25c3-2750-4569-8d63-a67b79e6196e,2,Medicine,100,63.6,12.2,3.55,26.7,51.5,78.4,85.3,6.9,improving,A,0
4584fefd-5800-46a5-80ef-c0b536110667,1,Computer Science,200,63.2,5.1,3.24,31.2,32.8,,68.4,0.0,stable,B,0
4584fefd-5800-46a5-80ef-c0b536110667,2,Computer Science,200,54.9,15.5,2.52,34.6,60.0,68.4,92.3,23.9,improving,A,0
0c33fa20-d21e-4dee-a315-dbbb28c98d2b,1,Psychology,300,66.8,16.3,2.69,28.1,42.3,,64.6,0.0,stable,B,0
0c33fa20-d21e-4dee-a315-dbbb28c98d2b,2,Psychology,300,74.8,8.6,2.61,37.2,23.8,64.6,63.4,-1.3,stable,B,0
1edd9ea9-3b9a-4063-8398-dd4732711f66,1,Computer Engineering,100,70.8,10.6,3.63,30.9,45.5,,79.3,0.0,stable,A,0
1edd9ea9-3b9a-4063-8398-dd4732711f66,2,Computer Engineering,100,70.0,8.9,2.13,24.9,60.0,79.3,88.6,9.3,improving,A,0
8f6aff89-32dd-4039-a9c1-e6bcdd980229,1,Economics,100,54.7,5.4,3.39,28.7,41.1,,69.0,0.0,stable,B,0
8f6aff89-32dd-4039-a9c1-e6bcdd980229,2,Economics,100,73.1,13.6,3.07,18.5,38.6,69.0,54.6,-14.5,declining,C,0
6fcf5d7a-3242-4f50-bf96-08fdb5a34d90,1,Economics,200,77.6,26.9,3.29,29.0,60.0,,90.4,0.0,stable,A,0
6fcf5d7a-3242-4f50-bf96-08fdb5a34d90,2,Economics,200,81.3,15.0,4.65,25.6,49.8,90.4,72.6,-17.8,declining,A,0
758dc9c7-82dd-4cae-9df7-445345ad48b5,1,Electrical Engineering,200,83.3,7.4,2.67,30.2,45.4,,78.3,0.0,stable,A,0
758dc9c7-82dd-4cae-9df7-445345ad48b5,2,Electrical Engineering,200,56.3,12.3,2.43,20.0,36.5,78.3,55.5,-22.8,declining,C,0
528b6bae-8dcb-4a86-a836-b430df2f80e7,1,Biochemistry,100,100.0,14.2,1.9,32.2,49.1,,87.6,0.0,stable,A,0
528b6bae-8dcb-4a86-a836-b430df2f80e7,2,Biochemistry,100,51.2,2.6,4.5,27.2,27.2,87.6,56.0,-31.6,declining,C,0
bdc6483e-8e42-4f62-bf4f-be2456f98681,1,Biochemistry,100,35.5,12.0,3.26,26.7,30.0,,56.9,0.0,stable,C,1
bdc6483e-8e42-4f62-bf4f-be2456f98681,2,Biochemistry,100,61.1,13.3,2.28,25.2,29.1,56.9,56.2,-0.7,stable,C,0
133f032b-26f8-4f80-848e-e4e1c2c7bb93,1,Medicine,300,87.9,10.8,3.03,25.3,35.8,,61.0,0.0,stable,B,0
133f032b-26f8-4f80-848e-e4e1c2c7bb93,2,Medicine,300,100.0,6.4,4.17,40.0,40.7,61.0,86.0,25.0,improving,A,0
54214ace-3e0a-44ab-9061-09d1c2c43034,1,Electrical Engineering,200,80.6,13.9,2.96,37.2,51.8,,87.2,0.0,stable,A,0
54214ace-3e0a-44ab-9061-09d1c2c43034,2,Electrical Engineering,200,55.2,11.0,2.36,25.7,49.9,87.2,74.3,-12.9,declining,A,0
7b240d51-b020-431f-9612-ecaa3f79b001,1,Accounting,300,74.4,12.3,3.68,18.6,35.1,,54.3,0.0,stable,C,0
7b240d51-b020-431f-9612-ecaa3f79b001,2,Accounting,300,93.0,9.5,1.5,36.7,28.5,54.3,61.6,7.2,improving,B,0
1c99606d-9028-4c4a-bb25-8373808fb8ec,1,Biology,200,65.6,11.1,2.52,17.1,46.9,,67.8,0.0,stable,B,0
1c99606d-9028-4c4a-bb25-8373808fb8ec,2,Biology,200,84.8,6.3,2.84,31.9,41.2,67.8,75.1,7.3,improving,A,0
97a0f2c2-cf31-44c3-9f6f-7172c88b21b8,1,Psychology,300,64.0,12.4,3.37,35.1,47.6,,85.1,0.0,stable,A,0
97a0f2c2-cf31-44c3-9f6f-7172c88b21b8,2,Psychology,300,76.3,19.1,3.33,25.9,59.3,85.1,87.3,2.3,stable,A,0
6ef14cf4-787a-4fa7-adf1-d79585b73a9f,1,Economics,100,68.4,9.6,3.24,31.0,40.3,,72.2,0.0,stable,A,0
6ef14cf4-787a-4fa7-adf1-d79585b73a9f,2,Economics,100,100.0,17.4,3.15,39.7,33.4,72.2,74.3,2.1,stable,A,0
8f1ca249-6d56-4e1b-ab29-b2b029f567fc,1,Sociology,300,100.0,10.9,2.32,31.7,26.5,,55.9,0.0,stable,C,0
8f1ca249-6d56-4e1b-ab29-b2b029f567fc,2,Sociology,300,69.4,5.0,3.01,33.4,25.5,55.9,63.5,7.5,improving,B,0
01466858-1e71-4c90-bb7c-43346f53fbac,1,Business Administration,300,82.7,17.2,2.47,35.8,31.3,,69.8,0.0,stable,B,0
01466858-1e71-4c90-bb7c-43346f53fbac,2,Business Administration,300,77.6,14.8,2.06,26.0,45.6,69.8,68.8,-0.9,stable,B,0
f3e82d1c-763a-4a28-96f5-970f0e8fa82e,1,Computer Engineering,100,81.9,5.2,3.68,25.2,41.6,,68.7,0.0,stable,B,0
f3e82d1c-763a-4a28-96f5-970f0e8fa82e,2,Computer Engineering,100,64.5,14.9,3.21,25.2,32.0,68.7,51.3,-17.4,declining,C,0
574132cb-edfc-4953-a93f-a752d80a5d42,1,Business Administration,100,80.2,4.2,3.08,29.7,40.9,,69.8,0.0,stable,B,0
574132cb-edfc-4953-a93f-a752d80a5d42,2,Business Administration,100,70.1,15.7,3.27,30.6,47.4,69.8,73.4,3.6,stable,A,0
b77f5744-d446-4e5f-a75f-cb8ad24ab44f,1,Biochemistry,100,86.4,15.1,2.19,31.0,39.7,,70.4,0.0,stable,A,0
b77f5744-d446-4e5f-a75f-cb8ad24ab44f,2,Biochemistry,100,80.0,19.2,3.87,24.4,52.6,70.4,81.1,10.7,improving,A,0
38a6949f-9877-404d-9611-1ca603ab2b1a,1,Biology,300,80.8,17.5,4.61,36.3,49.2,,88.6,0.0,stable,A,0
38a6949f-9877-404d-9611-1ca603ab2b1a,2,Biology,300,77.2,12.1,2.72,38.3,30.9,88.6,73.8,-14.8,declining,A,0
42ab0a23-3bc8-4509-a208-7d95eb78b8cc,1,Electrical Engineering,200,82.5,5.0,3.29,21.0,41.4,,65.1,0.0,stable,B,0
42ab0a23-3bc8-4509-a208-7d95eb78b8cc,2,Electrical Engineering,200,66.1,12.6,4.56,25.7,32.6,65.1,62.7,-2.4,stable,B,0
8ac852b1-4661-4189-9ef4-46c9fb1d9f07,1,Business Administration,300,100.0,12.0,3.81,40.0,33.8,,72.3,0.0,stable,A,0
8ac852b1-4661-4189-9ef4-46c9fb1d9f07,2,Business Administration,300,93.5,20.4,3.45,29.3,60.0,72.3,87.7,15.4,improving,A,0
8491b831-743c-43ed-a695-72503d818881,1,Mechanical Engineering,300,70.0,13.7,4.24,33.3,47.4,,82.1,0.0,stable,A,0
8491b831-743c-43ed-a695-72503d818881,2,Mechanical Engineering,300,75.7,14.8,0.98,28.6,39.9,82.1,65.1,-17.0,declining,B,0
a5a8d2cb-b644-4dae-8503-d599e86d716a,1,Medicine,200,80.8,11.0,4.4,39.0,37.0,,75.6,0.0,stable,A,0
a5a8d2cb-b644-4dae-8503-d599e86d716a,2,Medicine,200,73.9,9.7,3.16,26.0,27.0,75.6,54.8,-20.7,declining,C,0
b41432c6-cdae-4995-8765-39dea1341bfc,1,Sociology,300,84.4,8.0,3.72,28.7,40.7,,71.9,0.0,stable,A,0
b41432c6-cdae-4995-8765-39dea1341bfc,2,Sociology,300,74.5,14.3,2.59,28.9,38.3,71.9,65.0,-6.9,declining,B,0
4e59fd28-0f90-4aef-8835-47496388a282,1,Accounting,200,72.3,4.3,2.61,28.0,30.7,,58.0,0.0,stable,C,0
4e59fd28-0f90-4aef-8835-47496388a282,2,Accounting,200,74.1,14.4,3.7,26.6,30.7,58.0,54.1,-3.9,stable,C,0
e0499609-669e-4b44-9655-76836f466514,1,Economics,200,67.7,10.2,2.38,22.1,32.5,,55.1,0.0,stable,C,0
e0499609-669e-4b44-9655-76836f466514,2,Economics,200,83.9,9.2,2.67,27.2,36.6,55.1,61.2,6.1,improving,B,0
e5db20c1-9429-493c-ac3e-cad63fb3a649,1,Business Administration,100,83.6,3.1,2.71,33.2,34.5,,75.8,0.0,stable,A,0
e5db20c1-9429-493c-ac3e-cad63fb3a649,2,Business Administration,100,80.2,7.0,2.92,22.2,35.0,75.8,54.7,-21.1,declining,C,0
c43fb3cc-ee93-4715-b0cb-9005026c474f,1,Computer Engineering,300,88.7,9.3,2.91,29.6,54.8,,83.4,0.0,stable,A,0
c43fb3cc-ee93-4715-b0cb-9005026c474f,2,Computer Engineering,300,100.0,16.1,3.39,36.8,47.2,83.4,78.2,-5.2,declining,A,0
cef2e090-4895-4687-a172-f859da25540e,1,Law,300,70.8,16.2,2.96,22.1,42.0,,69.2,0.0,stable,B,0
cef2e090-4895-4687-a172-f859da25540e,2,Law,300,93.7,11.7,3.76,31.9,23.8,69.2,53.0,-16.3,declining,C,0
06c22a3a-39cd-446c-a890-fb60ad6e7ad0,1,Computer Science,100,98.4,10.6,2.81,33.2,57.2,,95.3,0.0,stable,A,0
06c22a3a-39cd-446c-a890-fb60ad6e7ad0,2,Computer Science,100,100.0,11.2,3.24,27.4,54.2,95.3,78.2,-17.2,declining,A,0
78ad8c39-df02-42a2-9e20-8316e48e635c,1,Medicine,200,78.3,6.5,2.53,26.5,28.6,,53.5,0.0,stable,C,0
78ad8c39-df02-42a2-9e20-8316e48e635c,2,Medicine,200,66.8,16.2,2.12,29.5,53.0,53.5,80.9,27.4,improving,A,0
d917e120-544d-48fc-aa5c-fd45233e6746,1,Sociology,200,64.2,10.8,3.94,28.8,35.3,,65.6,0.0,stable,B,0
d917e120-544d-48fc-aa5c-fd45233e6746,2,Sociology,200,58.5,15.4,3.33,25.2,34.3,65.6,56.8,-8.8,declining,C,0
c337c10f-63c4-4db7-b307-75cca5f49183,1,Electrical Engineering,300,83.0,18.1,2.49,33.9,22.1,,54.2,0.0,stable,C,0
c337c10f-63c4-4db7-b307-75cca5f49183,2,Electrical Engineering,300,74.5,7.5,2.25,26.6,37.7,54.2,63.8,9.5,improving,B,0
64668c44-4098-4e35-abcf-b51df2849181,1,Architecture,400,41.4,1.4,2.51,25.6,3.6,,27.6,0.0,stable,F,1
64668c44-4098-4e35-abcf-b51df2849181,2,Architecture,400,67.1,18.9,2.69,30.3,45.3,27.6,69.3,41.6,improving,B,0
3130e060-a7fe-426a-b85e-f850cd49790e,1,Economics,100,86.5,13.1,3.41,40.0,20.3,,65.5,0.0,stable,B,0
3130e060-a7fe-426a-b85e-f850cd49790e,2,Economics,100,70.7,13.4,2.96,27.0,34.8,65.5,62.8,-2.7,stable,B,0
15aa34a7-c85c-4c9b-b5cc-e2dff5a1af58,1,Computer Engineering,100,52.2,15.8,2.67,19.8,37.1,,60.7,0.0,stable,B,0
15aa34a7-c85c-4c9b-b5cc-e2dff5a1af58,2,Computer Engineering,100,67.0,13.8,2.42,32.2,46.5,60.7,84.3,23.6,improving,A,0
2ce1da97-5ecb-4ee5-b3ca-78db2779441a,1,Biochemistry,300,72.4,15.3,3.08,36.0,34.9,,73.1,0.0,stable,A,0
2ce1da97-5ecb-4ee5-b3ca-78db2779441a,2,Biochemistry,300,72.1,11.7,3.07,30.7,38.3,73.1,69.6,-3.5,stable,B,0
dabf78a7-dd3f-4d90-aeaa-da32385c50f0,1,Biochemistry,100,98.7,16.9,3.7,32.5,35.6,,70.9,0.0,stable,A,0
dabf78a7-dd3f-4d90-aeaa-da32385c50f0,2,Biochemistry,100,88.1,19.4,2.52,31.5,27.5,70.9,57.8,-13.1,declining,C,0
f940bae3-a751-4372-b04c-ec48e8c97902,1,Economics,100,89.9,9.7,3.51,32.0,42.2,,70.8,0.0,stable,A,0
f940bae3-a751-4372-b04c-ec48e8c97902,2,Economics,100,76.3,0.0,2.85,22.1,42.8,70.8,67.2,-3.6,stable,B,0
66886d07-8af3-47ec-a643-3dca5a0cf23f,1,Accounting,200,82.0,19.6,2.24,40.0,52.8,,92.1,0.0,stable,A,0
66886d07-8af3-47ec-a643-3dca5a0cf23f,2,Accounting,200,92.0,6.5,2.34,30.4,29.0,92.1,56.2,-35.9,declining,C,0
7a9917b4-59e6-4816-9a10-43ff91cea183,1,Psychology,300,93.3,10.7,3.28,30.8,21.0,,52.6,0.0,stable,C,0
7a9917b4-59e6-4816-9a10-43ff91cea183,2,Psychology,300,46.3,11.7,1.91,34.2,46.3,52.6,80.8,28.1,improving,A,1
1e7e61a1-0f79-4826-bb48-1f07246e1239,1,Electrical Engineering,200,94.0,7.8,3.43,34.8,40.1,,78.7,0.0,stable,A,0
1e7e61a1-0f79-4826-bb48-1f07246e1239,2,Electrical Engineering,200,86.0,13.4,1.68,27.4,36.7,78.7,64.4,-14.3,declining,B,0
e99dc365-01a8-4bbd-9f5b-46a1278c94e6,1,Electrical Engineering,100,58.0,24.1,4.21,29.6,51.3,,80.3,0.0,stable,A,0
e99dc365-01a8-4bbd-9f5b-46a1278c94e6,2,Electrical Engineering,100,60.7,12.4,3.21,20.9,43.6,80.3,64.1,-16.2,declining,B,0
7808852c-534e-4c98-a7e2-68a1b8133c5a,1,Business Administration,200,46.4,7.7,2.67,33.7,41.4,,71.1,0.0,stable,A,1
7808852c-534e-4c98-a7e2-68a1b8133c5a,2,Business Administration,200,82.3,4.3,3.87,29.1,34.8,71.1,67.9,-3.2,stable,B,0
a4cb0aca-acf3-4e9d-bf1a-63c1133da051,1,Biochemistry,100,55.7,5.0,2.53,31.3,18.5,,41.3,0.0,stable,F,1
a4cb0aca-acf3-4e9d-bf1a-63c1133da051,2,Biochemistry,100,68.2,14.8,3.96,26.3,39.3,41.3,69.1,27.9,improving,B,0
f562e669-e975-4896-a8fd-c175ab16458a,1,Biochemistry,200,47.0,10.1,3.15,26.6,33.4,,60.1,0.0,stable,B,1
f562e669-e975-4896-a8fd-c175ab16458a,2,Biochemistry,200,37.7,8.7,3.36,17.6,38.5,60.1,57.5,-2.6,stable,C,1
004a36ec-09ae-4f47-9ff3-93b8395c06c8,1,Mechanical Engineering,300,69.9,12.9,2.23,27.9,44.7,,73.2,0.0,stable,A,0
004a36ec-09ae-4f47-9ff3-93b8395c06c8,2,Mechanical Engineering,300,66.2,13.1,3.57,18.0,53.1,73.2,70.1,-3.1,stable,A,0
d11111df-b4df-486f-a5cb-9a2fd5b594cb,1,Mechanical Engineering,300,81.4,18.0,1.9,27.7,38.8,,64.1,0.0,stable,B,0
d11111df-b4df-486f-a5cb-9a2fd5b594cb,2,Mechanical Engineering,300,100.0,7.7,2.56,36.0,23.6,64.1,58.4,-5.7,declining,C,0
6216c14e-dcff-4862-9d88-348352ed43e8,1,Computer Engineering,200,79.8,10.3,2.93,28.3,23.1,,52.4,0.0,stable,C,0
6216c14e-dcff-4862-9d88-348352ed43e8,2,Computer Engineering,200,100.0,12.1,3.18,38.5,27.3,52.4,70.9,18.5,improving,A,0
b21716bd-b7b6-4e96-bfa2-77c3efd7b03b,1,Political Science,300,78.0,20.2,2.41,39.7,52.0,,93.3,0.0,stable,A,0
b21716bd-b7b6-4e96-bfa2-77c3efd7b03b,2,Political Science,300,78.5,10.8,3.96,31.4,20.9,93.3,49.0,-44.3,declining,D,0
b9bc9902-0133-43fe-abe1-d77e2ae73560,1,Biochemistry,200,72.2,13.5,2.95,35.5,21.1,,57.0,0.0,stable,C,0
b9bc9902-0133-43fe-abe1-d77e2ae73560,2,Biochemistry,200,47.7,15.8,2.92,26.6,33.5,57.0,64.0,6.9,improving,B,1
cf3b9b83-3853-4cc6-be86-b4a9a0ed10a4,1,Psychology,300,90.6,14.9,2.9,36.0,34.4,,73.0,0.0,stable,A,0
cf3b9b83-3853-4cc6-be86-b4a9a0ed10a4,2,Psychology,300,99.7,17.4,2.42,36.8,29.3,73.0,67.8,-5.2,declining,B,0
0b79d95d-febf-4c32-bdd3-eae36c79e5d2,1,Electrical Engineering,100,81.8,2.7,2.07,29.9,28.0,,54.3,0.0,stable,C,0
0b79d95d-febf-4c32-bdd3-eae36c79e5d2,2,Electrical Engineering,100,80.8,13.3,2.84,27.4,50.6,54.3,83.0,28.7,improving,A,0
01bfa76a-d9ae-4c33-8b17-14987cf8f31d,1,Accounting,100,67.7,8.9,3.39,26.8,36.8,,65.8,0.0,stable,B,0
01bfa76a-d9ae-4c33-8b17-14987cf8f31d,2,Accounting,100,46.4,18.6,3.06,22.2,43.5,65.8,65.6,-0.1,stable,B,1
301cee24-2295-49d6-8c38-76f0c7d4c082,1,Political Science,100,49.0,19.5,3.03,27.0,54.5,,78.5,0.0,stable,A,1
301cee24-2295-49d6-8c38-76f0c7d4c082,2,Political Science,100,82.1,10.7,3.68,20.8,39.0,78.5,58.0,-20.5,declining,C,0
c88f0318-2243-43a5-9a79-4d4e3a8f4402,1,Biochemistry,200,81.5,14.4,2.43,27.7,39.0,,64.1,0.0,stable,B,0
c88f0318-2243-43a5-9a79-4d4e3a8f4402,2,Biochemistry,200,87.6,10.2,0.67,30.7,23.2,64.1,49.0,-15.1,declining,D,0
0d30b374-7c46-4181-872a-4dda9aa54778,1,Computer Science,100,56.4,12.5,4.06,27.9,36.0,,65.2,0.0,stable,B,0
0d30b374-7c46-4181-872a-4dda9aa54778,2,Computer Science,100,68.1,8.5,2.08,19.9,31.3,65.2,51.7,-13.6,declining,C,0
af83327a-2721-4fd9-90ef-ee137a5c77c7,1,Biology,200,73.6,9.9,2.24,32.8,23.4,,58.5,0.0,stable,C,0
af83327a-2721-4fd9-90ef-ee137a5c77c7,2,Biology,200,60.0,8.2,1.83,24.5,44.3,58.5,70.3,11.8,improving,A,0
170dad48-9b5d-4dd2-9f33-d60c726ceb88,1,Political Science,200,89.7,14.6,2.12,31.3,31.9,,67.1,0.0,stable,B,0
170dad48-9b5d-4dd2-9f33-d60c726ceb88,2,Political Science,200,57.0,16.5,3.71,35.6,40.1,67.1,77.8,10.6,improving,A,0
cbda23d7-dfbe-44e5-8910-fca12899b9eb,1,Political Science,300,100.0,8.9,1.77,25.6,42.0,,62.0,0.0,stable,B,0
cbda23d7-dfbe-44e5-8910-fca12899b9eb,2,Political Science,300,69.4,14.2,3.15,31.0,43.7,62.0,78.5,16.5,improving,A,0
37e83a54-079c-461f-8eef-4cf313709680,1,Accounting,300,60.7,8.6,2.38,31.3,44.9,,77.6,0.0,stable,A,0
37e83a54-079c-461f-8eef-4cf313709680,2,Accounting,300,92.8,6.1,4.33,40.0,45.4,77.6,90.7,13.2,improving,A,0
8ca58def-2c72-4cbd-bfd2-fba5cbc4a28f,1,Political Science,100,50.2,9.4,2.41,28.6,26.0,,56.9,0.0,stable,C,0
8ca58def-2c72-4cbd-bfd2-fba5cbc4a28f,2,Political Science,100,95.6,15.5,3.23,29.2,34.0,56.9,67.0,10.0,improving,B,0
91b53958-d74b-486b-99ad-13e8849ac4b7,1,Business Administration,100,86.7,11.8,2.67,22.2,28.1,,56.0,0.0,stable,C,0
91b53958-d74b-486b-99ad-13e8849ac4b7,2,Business Administration,100,55.8,12.9,3.81,19.9,43.7,56.0,66.4,10.4,improving,B,0
79ff8416-0c2b-40d5-8000-f1f252cbd136,1,Political Science,300,75.2,26.3,1.67,35.3,45.4,,83.1,0.0,stable,A,0
79ff8416-0c2b-40d5-8000-f1f252cbd136,2,Political Science,300,81.6,8.3,3.18,22.0,43.4,83.1,66.3,-16.8,declining,B,0
c0daeb33-8a75-4c15-8fb5-d540424fb650,1,Computer Engineering,200,84.6,17.3,3.29,32.7,35.1,,65.6,0.0,stable,B,0
c0daeb33-8a75-4c15-8fb5-d540424fb650,2,Computer Engineering,200,92.8,19.2,2.81,33.8,35.3,65.6,72.6,6.9,improving,A,0
2d1f43a2-1548-42cd-bebb-327a5e9db149,1,Accounting,100,85.0,21.7,2.3,30.1,47.4,,79.5,0.0,stable,A,0
2d1f43a2-1548-42cd-bebb-327a5e9db149,2,Accounting,100,71.8,7.6,3.71,33.0,28.7,79.5,65.7,-13.7,declining,B,0
da9257e6-61ad-4f1a-b164-96ae19083fe8,1,Accounting,200,92.6,12.7,3.06,36.3,31.6,,67.9,0.0,stable,B,0
da9257e6-61ad-4f1a-b164-96ae19083fe8,2,Accounting,200,42.7,16.4,1.75,31.1,36.9,67.9,67.3,-0.6,stable,B,1
2d747bcc-690e-4922-9ca5-01e36dc75916,1,Mechanical Engineering,100,65.6,10.6,4.13,15.7,53.6,,70.3,0.0,stable,A,0
2d747bcc-690e-4922-9ca5-01e36dc75916,2,Mechanical Engineering,100,56.9,6.6,4.34,21.7,26.9,70.3,51.9,-18.3,declining,C,0
9c6f64f0-7aa6-4494-a56e-f4155707ad92,1,Accounting,200,80.1,7.3,3.17,25.9,47.6,,76.6,0.0,stable,A,0
9c6f64f0-7aa6-4494-a56e-f4155707ad92,2,Accounting,200,83.0,13.8,4.41,31.6,31.9,76.6,64.8,-11.8,declining,B,0
e0d8b567-23d0-4bb2-baeb-bb16b8de8301,1,Medicine,300,100.0,6.9,2.71,37.1,34.8,,69.0,0.0,stable,B,0
e0d8b567-23d0-4bb2-baeb-bb16b8de8301,2,Medicine,300,91.8,23.6,3.16,28.8,32.7,69.0,62.3,-6.7,declining,B,0
067f1131-b6be-4f24-b040-b610c04f4fda,1,Accounting,100,91.6,14.4,3.0,30.4,30.3,,63.2,0.0,stable,B,0
067f1131-b6be-4f24-b040-b610c04f4fda,2,Accounting,100,88.7,4.3,4.27,35.6,50.6,63.2,82.2,19.0,improving,A,0
6ec29aac-b4c3-40c4-9a31-f90d19678e6d,1,Mechanical Engineering,100,54.5,11.3,3.4,34.9,46.9,,81.1,0.0,stable,A,0
6ec29aac-b4c3-40c4-9a31-f90d19678e6d,2,Mechanical Engineering,100,59.6,18.2,2.23,35.1,39.6,81.1,79.4,-1.6,stable,A,0
167a0884-e959-477e-8722-92734c1f581d,1,Sociology,100,85.2,11.3,2.58,30.3,42.5,,73.1,0.0,stable,A,0
167a0884-e959-477e-8722-92734c1f581d,2,Sociology,100,66.1,11.2,3.06,17.6,43.7,73.1,58.3,-14.8,declining,C,0
517c99b5-0882-4632-bfa7-5c5433dbeaf6,1,Law,300,57.7,3.6,1.56,19.8,23.6,,49.2,0.0,stable,D,0
517c99b5-0882-4632-bfa7-5c5433dbeaf6,2,Law,300,67.1,12.9,3.32,29.1,40.1,49.2,65.6,16.4,improving,B,0
1a11ef29-e8a5-44ba-8164-ae7c2e70cd2e,1,Business Administration,100,96.8,21.0,1.65,29.2,40.5,,66.9,0.0,stable,B,0
1a11ef29-e8a5-44ba-8164-ae7c2e70cd2e,2,Business Administration,100,82.6,8.4,4.73,37.5,42.6,66.9,83.1,16.2,improving,A,0
a699a0fc-84ab-4cd0-bff3-27ec3d07754f,1,Political Science,200,91.6,9.2,2.35,33.7,44.9,,79.0,0.0,stable,A,0
a699a0fc-84ab-4cd0-bff3-27ec3d07754f,2,Political Science,200,51.3,8.0,2.94,24.9,56.3,79.0,77.0,-1.9,stable,A,0
d0975d09-a362-43a7-b473-e1336a1d1117,1,Medicine,400,82.6,19.4,4.82,29.5,53.4,,84.6,0.0,stable,A,0
d0975d09-a362-43a7-b473-e1336a1d1117,2,Medicine,400,77.9,11.5,3.35,17.9,46.7,84.6,65.0,-19.6,declining,B,0
7c04a873-ff32-4a27-83b7-e0265a1c5d89,1,Sociology,300,71.7,22.2,2.46,27.3,60.0,,84.8,0.0,stable,A,0
7c04a873-ff32-4a27-83b7-e0265a1c5d89,2,Sociology,300,66.7,11.3,3.67,29.4,27.5,84.8,55.3,-29.6,declining,C,0
dfebd01c-8ad3-4117-b068-c675d58105ab,1,Medicine,100,65.9,11.6,3.34,30.3,22.2,,55.7,0.0,stable,C,0
dfebd01c-8ad3-4117-b068-c675d58105ab,2,Medicine,100,78.8,18.9,3.36,36.3,49.9,55.7,90.2,34.5,improving,A,0
8fc98443-4a63-4359-9ba1-5b90189a3930,1,Computer Engineering,200,82.8,11.5,4.82,36.0,48.6,,80.8,0.0,stable,A,0
8fc98443-4a63-4359-9ba1-5b90189a3930,2,Computer Engineering,200,55.7,13.5,3.12,23.1,42.3,80.8,70.1,-10.7,declining,A,0
cf709175-7e8b-439d-9a97-a346896c2739,1,Electrical Engineering,300,85.4,6.3,2.91,28.1,31.4,,58.3,0.0,stable,C,0
cf709175-7e8b-439d-9a97-a346896c2739,2,Electrical Engineering,300,67.8,5.7,2.9,25.8,5.6,58.3,37.5,-20.7,declining,F,1
5b6aa2f2-892c-4aa2-a81f-ea1eee811e42,1,Business Administration,100,91.3,10.1,3.02,27.4,55.2,,88.3,0.0,stable,A,0
5b6aa2f2-892c-4aa2-a81f-ea1eee811e42,2,Business Administration,100,77.4,17.1,3.14,23.8,39.4,88.3,63.6,-24.7,declining,B,0
bdedfae3-a1a4-4172-b1dd-3cffd06057ef,1,Computer Engineering,300,68.2,10.9,2.93,28.2,39.2,,64.2,0.0,stable,B,0
bdedfae3-a1a4-4172-b1dd-3cffd06057ef,2,Computer Engineering,300,64.2,5.6,3.78,17.3,48.1,64.2,69.6,5.3,improving,B,0
76ba2024-91b7-4607-86d4-b2224d292453,1,Law,300,70.5,0.0,2.71,28.8,20.3,,47.5,0.0,stable,D,0
76ba2024-91b7-4607-86d4-b2224d292453,2,Law,300,98.0,15.3,2.26,26.6,37.2,47.5,63.2,15.6,improving,B,0
8389af1c-78f7-4fdd-86ad-328335c5c414,1,Biology,200,82.4,9.3,3.41,40.0,46.6,,86.5,0.0,stable,A,0
8389af1c-78f7-4fdd-86ad-328335c5c414,2,Biology,200,72.3,10.2,3.94,26.3,40.6,86.5,67.1,-19.4,declining,B,0
d191c9df-5880-4f79-8cc6-6de383bfd15c,1,Law,100,67.5,5.1,3.26,28.2,40.2,,66.8,0.0,stable,B,0
d191c9df-5880-4f79-8cc6-6de383bfd15c,2,Law,100,93.3,7.6,4.37,24.9,43.5,66.8,69.9,3.1,stable,B,0
80e5c469-3097-4be6-9400-88481a61dfa8,1,Law,200,63.1,14.1,4.02,16.5,48.2,,57.2,0.0,stable,C,0
80e5c469-3097-4be6-9400-88481a61dfa8,2,Law,200,60.5,20.1,2.53,21.2,42.5,57.2,69.9,12.7,improving,B,0
f4666f84-1a6c-447d-9e06-61785c082422,1,Business Administration,100,47.5,6.7,4.2,33.8,37.2,,67.3,0.0,stable,B,1
f4666f84-1a6c-447d-9e06-61785c082422,2,Business Administration,100,100.0,20.0,3.54,30.9,45.9,67.3,76.3,9.1,improving,A,0
fe26a63a-0ad0-4192-8deb-ab89aa01fe2f,1,Biology,200,80.0,19.3,3.7,25.6,59.9,,86.5,0.0,stable,A,0
fe26a63a-0ad0-4192-8deb-ab89aa01fe2f,2,Biology,200,85.3,19.3,2.11,31.9,37.7,86.5,64.9,-21.6,declining,B,0
75ce5bad-151d-4cad-80a7-b31698784e8a,1,Computer Science,300,80.2,24.6,1.53,30.9,52.0,,83.3,0.0,stable,A,0
75ce5bad-151d-4cad-80a7-b31698784e8a,2,Computer Science,300,73.3,5.5,3.19,25.9,13.4,83.3,42.9,-40.4,declining,F,1
51d4b8f7-7f98-462d-be2b-9e40aa21f3d5,1,Biochemistry,300,89.4,12.3,3.18,38.2,42.4,,83.3,0.0,stable,A,0
51d4b8f7-7f98-462d-be2b-9e40aa21f3d5,2,Biochemistry,300,70.5,18.6,3.26,30.1,32.1,83.3,63.0,-20.3,declining,B,0
478f931f-f9f1-4254-8020-e3444e01162a,1,Sociology,300,62.5,8.8,2.35,22.2,57.2,,83.4,0.0,stable,A,0
478f931f-f9f1-4254-8020-e3444e01162a,2,Sociology,300,100.0,5.9,3.06,28.5,28.4,83.4,54.1,-29.3,declining,C,0
083f6be1-b725-4a48-b53f-15d5d9786236,1,Biology,300,93.6,10.0,3.85,36.7,60.0,,92.3,0.0,stable,A,0
083f6be1-b725-4a48-b53f-15d5d9786236,2,Biology,300,93.9,17.7,2.22,38.8,45.5,92.3,83.6,-8.7,declining,A,0
d402c924-2bbf-4315-92c8-dd73d5c62db6,1,Sociology,100,62.6,8.4,4.64,27.5,48.1,,73.3,0.0,stable,A,0
d402c924-2bbf-4315-92c8-dd73d5c62db6,2,Sociology,100,63.3,17.4,1.92,25.6,41.6,73.3,67.5,-5.7,declining,B,0
20feec7d-157e-46c6-8292-af9f0a3f2984,1,Medicine,400,72.3,14.0,3.55,33.1,32.2,,64.5,0.0,stable,B,0
20feec7d-157e-46c6-8292-af9f0a3f2984,2,Medicine,400,92.9,16.5,1.9,35.3,20.8,64.5,56.3,-8.2,declining,C,0
e6cbd0c4-3f02-47b4-9cdc-71021275bca2,1,Computer Engineering,300,100.0,7.3,2.33,38.8,19.4,,56.3,0.0,stable,C,0
e6cbd0c4-3f02-47b4-9cdc-71021275bca2,2,Computer Engineering,300,83.9,8.8,2.81,35.5,41.1,56.3,77.5,21.1,improving,A,0
54608ec3-62c1-4267-bdbf-4da068e845f5,1,Biochemistry,200,69.9,13.9,2.9,31.3,35.7,,66.4,0.0,stable,B,0
54608ec3-62c1-4267-bdbf-4da068e845f5,2,Biochemistry,200,60.2,11.8,2.35,21.5,40.7,66.4,62.8,-3.6,stable,B,0
dcc9f24f-a359-4e2d-81d9-6c9af66f26db,1,Psychology,200,86.7,9.8,3.33,35.1,43.1,,75.8,0.0,stable,A,0
dcc9f24f-a359-4e2d-81d9-6c9af66f26db,2,Psychology,200,77.2,13.8,3.01,20.0,42.5,75.8,69.1,-6.6,declining,B,0
67d29d0d-509a-404b-a125-ced627c98f71,1,Sociology,100,69.6,8.4,3.3,30.5,49.5,,76.2,0.0,stable,A,0
67d29d0d-509a-404b-a125-ced627c98f71,2,Sociology,100,86.0,15.0,2.89,33.9,51.7,76.2,88.3,12.0,improving,A,0
bb5fa770-cdd6-4f93-b7bc-8ec5e8b98e54,1,Biology,200,57.9,16.1,2.95,26.9,43.1,,69.6,0.0,stable,B,0
bb5fa770-cdd6-4f93-b7bc-8ec5e8b98e54,2,Biology,200,92.9,11.6,2.1,31.6,39.3,69.6,74.6,4.9,stable,A,0
26161a9e-8914-45a4-825d-30a0bdbc5d99,1,Economics,200,84.0,7.7,4.99,33.1,53.3,,85.9,0.0,stable,A,0
26161a9e-8914-45a4-825d-30a0bdbc5d99,2,Economics,200,83.0,16.2,3.97,36.9,53.2,85.9,89.2,3.2,stable,A,0
b17be0f6-5fe9-4a7d-b769-81d517ddc9b3,1,Sociology,200,66.4,13.7,3.75,27.2,52.9,,84.4,0.0,stable,A,0
b17be0f6-5fe9-4a7d-b769-81d517ddc9b3,2,Sociology,200,61.3,7.8,2.89,28.8,31.1,84.4,64.0,-20.5,declining,B,0
8d734809-5636-447c-9c89-aaf83cf3b54d,1,Medicine,400,81.4,12.2,1.85,24.7,40.2,,58.5,0.0,stable,C,0
8d734809-5636-447c-9c89-aaf83cf3b54d,2,Medicine,400,90.2,11.2,5.0,40.0,41.2,58.5,80.9,22.4,improving,A,0
d5739ffe-187e-456c-a132-39b9ad0c2546,1,Biology,200,89.9,20.5,1.69,24.1,36.8,,62.6,0.0,stable,B,0
d5739ffe-187e-456c-a132-39b9ad0c2546,2,Biology,200,82.5,17.3,2.04,19.9,50.1,62.6,67.5,4.9,stable,B,0
ba4a2b91-2edc-4b4d-a179-6520712080bf,1,Economics,100,44.7,12.7,3.63,23.3,36.8,,59.6,0.0,stable,C,1
ba4a2b91-2edc-4b4d-a179-6520712080bf,2,Economics,100,69.4,5.3,2.43,31.5,36.8,59.6,68.8,9.2,improving,B,0
3dd5d236-3aad-4808-ad06-aa878893eac7,1,Mechanical Engineering,200,60.1,11.1,1.26,27.9,49.7,,73.2,0.0,stable,A,0
3dd5d236-3aad-4808-ad06-aa878893eac7,2,Mechanical Engineering,200,66.2,13.6,4.0,26.0,35.8,73.2,55.9,-17.3,declining,C,0
7ea7d8d6-1258-4bea-9ce3-a1f0d95cc253,1,Sociology,200,76.6,22.2,3.22,30.2,50.5,,80.7,0.0,stable,A,0
7ea7d8d6-1258-4bea-9ce3-a1f0d95cc253,2,Sociology,200,62.8,16.1,3.18,27.6,33.1,80.7,64.7,-16.0,declining,B,0
cefc7914-2a71-48a4-83db-3e7da9d2347d,1,Sociology,300,85.0,9.2,3.8,29.5,31.4,,58.6,0.0,stable,C,0
cefc7914-2a71-48a4-83db-3e7da9d2347d,2,Sociology,300,48.4,14.4,1.54,18.5,17.6,58.6,35.9,-22.8,declining,F,1
b1acbb03-ed2e-4d3c-a924-87efbf8c6c14,1,Biochemistry,100,72.7,10.4,2.17,23.7,41.4,,63.4,0.0,stable,B,0
b1acbb03-ed2e-4d3c-a924-87efbf8c6c14,2,Biochemistry,100,79.7,7.6,3.14,37.5,42.6,63.4,78.8,15.4,improving,A,0
715307db-42cf-4f93-95bb-3850d46adc39,1,Psychology,300,78.9,10.8,3.01,29.1,37.1,,66.9,0.0,stable,B,0
715307db-42cf-4f93-95bb-3850d46adc39,2,Psychology,300,60.1,6.9,1.89,19.0,21.5,66.9,41.0,-25.8,declining,F,1
61e66eb6-92e0-4bb5-97c2-30dec3615b34,1,Business Administration,200,61.6,14.6,3.03,17.5,48.0,,67.9,0.0,stable,B,0
61e66eb6-92e0-4bb5-97c2-30dec3615b34,2,Business Administration,200,60.1,14.1,2.31,27.5,27.1,67.9,49.2,-18.7,declining,D,0
1caabaf0-f4a5-40c8-96cb-a5c2f9105c8d,1,Economics,100,69.3,11.4,2.68,22.9,34.5,,58.2,0.0,stable,C,0
1caabaf0-f4a5-40c8-96cb-a5c2f9105c8d,2,Economics,100,74.3,12.9,2.46,35.7,27.4,58.2,64.6,6.3,improving,B,0
2f06ad7d-37d3-4dd0-9f42-37066c5e643e,1,Business Administration,200,92.7,14.4,2.84,30.9,51.3,,78.0,0.0,stable,A,0
2f06ad7d-37d3-4dd0-9f42-37066c5e643e,2,Business Administration,200,60.4,10.0,3.99,29.0,30.5,78.0,58.5,-19.5,declining,C,0
182e44a7-91a3-4787-bba4-d45eaaa33873,1,Mechanical Engineering,200,65.8,8.5,3.78,21.3,54.7,,78.5,0.0,stable,A,0
182e44a7-91a3-4787-bba4-d45eaaa33873,2,Mechanical Engineering,200,91.4,9.7,2.88,26.1,32.4,78.5,60.0,-18.5,declining,B,0
e18a4900-4a47-4968-a983-08e3ccba7b2d,1,Political Science,300,94.4,6.5,2.71,33.1,21.1,,56.0,0.0,stable,C,0
e18a4900-4a47-4968-a983-08e3ccba7b2d,2,Political Science,300,64.1,11.0,2.64,23.9,38.1,56.0,61.3,5.3,improving,B,0
838ede1f-2781-4c06-9b54-c36ddff21580,1,Psychology,300,69.4,8.4,3.26,37.2,38.9,,79.0,0.0,stable,A,0
838ede1f-2781-4c06-9b54-c36ddff21580,2,Psychology,300,54.1,12.8,2.12,18.4,31.0,79.0,53.0,-26.0,declining,C,0
96fa725a-71c3-49bf-b3f0-b040e9ded5ac,1,Medicine,400,89.3,13.2,1.77,31.9,41.0,,73.4,0.0,stable,A,0
96fa725a-71c3-49bf-b3f0-b040e9ded5ac,2,Medicine,400,47.3,7.5,2.95,27.2,14.3,73.4,41.0,-32.4,declining,F,1
8c7a1add-f06e-4c1a-9f36-38f7e9ef1794,1,Architecture,400,77.1,16.2,3.55,33.3,35.7,,63.3,0.0,stable,B,0
8c7a1add-f06e-4c1a-9f36-38f7e9ef1794,2,Architecture,400,69.1,17.0,4.11,32.4,49.7,63.3,83.2,19.9,improving,A,0
d6cdcdbe-b17c-4a3f-ace3-45067617c964,1,Sociology,100,66.7,11.3,4.34,23.6,57.9,,80.6,0.0,stable,A,0
d6cdcdbe-b17c-4a3f-ace3-45067617c964,2,Sociology,100,94.9,5.0,3.47,30.3,21.3,80.6,52.3,-28.3,declining,C,0
f00f9996-5490-4e77-bd03-f789eab7fde6,1,Economics,200,90.1,7.8,1.8,32.6,33.3,,67.5,0.0,stable,B,0
f00f9996-5490-4e77-bd03-f789eab7fde6,2,Economics,200,89.2,11.7,4.48,34.0,38.9,67.5,68.0,0.5,stable,B,0
4c1bc42f-29fb-4e50-a512-9304462a7aa8,1,Political Science,300,71.1,10.3,3.77,31.5,28.1,,60.2,0.0,stable,B,0
4c1bc42f-29fb-4e50-a512-9304462a7aa8,2,Political Science,300,85.1,19.6,3.71,35.8,47.0,60.2,84.0,23.9,improving,A,0
4779683e-e5c6-485b-a98b-695678495026,1,Electrical Engineering,300,93.7,5.3,2.72,29.9,38.0,,71.6,0.0,stable,A,0
4779683e-e5c6-485b-a98b-695678495026,2,Electrical Engineering,300,66.0,0.0,2.67,32.8,35.8,71.6,69.8,-1.8,stable,B,0
0ca5de54-5259-4dae-bd16-73cf81a2b7ce,1,Computer Engineering,200,70.8,5.6,3.41,25.0,57.7,,84.4,0.0,stable,A,0
0ca5de54-5259-4dae-bd16-73cf81a2b7ce,2,Computer Engineering,200,66.3,8.9,2.93,27.1,48.4,84.4,76.0,-8.3,declining,A,0
c9df00f1-c11d-40b4-a9f3-f026de1407cb,1,Economics,300,64.0,21.5,3.04,31.6,40.3,,73.1,0.0,stable,A,0
c9df00f1-c11d-40b4-a9f3-f026de1407cb,2,Economics,300,79.7,2.6,4.61,37.4,32.1,73.1,66.2,-6.9,declining,B,0
74d38b1d-8c66-4b42-8c08-42566b9ea350,1,Sociology,300,80.2,12.4,3.28,32.0,45.5,,81.9,0.0,stable,A,0
74d38b1d-8c66-4b42-8c08-42566b9ea350,2,Sociology,300,83.5,6.8,4.09,39.9,60.0,81.9,96.5,14.7,improving,A,0
b05ffc92-f576-41e4-9464-14a4a9884022,1,Medicine,100,78.6,1.6,3.44,28.0,52.3,,77.9,0.0,stable,A,0
b05ffc92-f576-41e4-9464-14a4a9884022,2,Medicine,100,49.7,9.6,1.42,28.7,14.1,77.9,42.9,-35.1,declining,F,1
cd2e9927-58f2-4149-ab16-1bde2ea65258,1,Accounting,100,43.8,10.4,4.31,25.6,32.4,,57.9,0.0,stable,C,1
cd2e9927-58f2-4149-ab16-1bde2ea65258,2,Accounting,100,75.3,14.4,1.91,33.0,12.0,57.9,43.2,-14.7,declining,F,1
947f2519-c345-4a83-bdd0-43784f4f40fd,1,Sociology,200,67.7,15.2,3.02,21.5,32.0,,54.1,0.0,stable,C,0
947f2519-c345-4a83-bdd0-43784f4f40fd,2,Sociology,200,73.8,9.1,2.62,33.2,31.6,54.1,64.5,10.4,improving,B,0
d6a425d3-4bda-48b9-b208-e9492569e8a5,1,Mechanical Engineering,100,100.0,4.9,1.52,38.9,24.7,,62.7,0.0,stable,B,0
d6a425d3-4bda-48b9-b208-e9492569e8a5,2,Mechanical Engineering,100,63.3,10.7,4.28,31.7,49.8,62.7,77.2,14.5,improving,A,0
6029538d-e509-4d54-88a3-dbe7ed6436d1,1,Electrical Engineering,100,57.7,0.0,2.35,31.3,34.9,,65.5,0.0,stable,B,0
6029538d-e509-4d54-88a3-dbe7ed6436d1,2,Electrical Engineering,100,74.7,8.6,3.16,33.8,21.3,65.5,55.9,-9.6,declining,C,0
d2077508-ddc0-4f09-ab3d-b6f258e53b04,1,Computer Science,100,89.0,9.9,3.56,40.0,38.2,,79.3,0.0,stable,A,0
d2077508-ddc0-4f09-ab3d-b6f258e53b04,2,Computer Science,100,63.9,12.9,3.37,28.8,30.8,79.3,60.1,-19.2,declining,B,0
544e4c07-8828-4836-96aa-6dcdbe939e8b,1,Architecture,100,96.9,14.2,3.77,33.2,50.2,,84.3,0.0,stable,A,0
544e4c07-8828-4836-96aa-6dcdbe939e8b,2,Architecture,100,60.7,13.6,2.21,24.0,41.0,84.3,65.9,-18.4,declining,B,0
2ca306fa-c87c-4ba0-b887-59745203bd79,1,Architecture,400,57.2,17.3,3.46,22.9,28.9,,51.3,0.0,stable,C,0
2ca306fa-c87c-4ba0-b887-59745203bd79,2,Architecture,400,68.3,12.6,2.71,18.6,35.5,51.3,53.2,1.9,stable,C,0
d8821379-4243-4af2-993b-3101b69b3412,1,Biochemistry,300,84.5,8.5,4.34,22.3,52.9,,74.5,0.0,stable,A,0
d8821379-4243-4af2-993b-3101b69b3412,2,Biochemistry,300,87.9,12.4,3.91,30.6,30.7,74.5,65.6,-8.9,declining,B,0
dde9855d-0b38-4c81-8c16-9ebbb6dd63f1,1,Psychology,100,73.3,13.1,3.99,24.5,48.3,,71.0,0.0,stable,A,0
dde9855d-0b38-4c81-8c16-9ebbb6dd63f1,2,Psychology,100,73.0,12.4,1.8,25.7,50.9,71.0,79.3,8.3,improving,A,0
4ada1a59-84f8-453e-aa2b-9f97405cf756,1,Biology,300,74.1,13.2,2.76,36.6,38.0,,75.3,0.0,stable,A,0
4ada1a59-84f8-453e-aa2b-9f97405cf756,2,Biology,300,92.2,8.1,4.25,25.8,55.6,75.3,80.3,5.0,stable,A,0
dd11fc84-066f-4cc0-9594-e58035c9ace3,1,Law,400,71.4,2.5,2.64,24.1,26.0,,49.7,0.0,stable,D,0
dd11fc84-066f-4cc0-9594-e58035c9ace3,2,Law,400,89.4,13.0,3.25,27.4,32.0,49.7,64.8,15.1,improving,B,0
7cd37fb1-631a-41aa-b4aa-bfddc7c0ed80,1,Law,200,64.0,20.3,2.81,27.8,55.8,,87.4,0.0,stable,A,0
7cd37fb1-631a-41aa-b4aa-bfddc7c0ed80,2,Law,200,73.3,10.1,2.96,31.4,47.0,87.4,78.4,-9.0,declining,A,0
0e862317-9495-4c60-828f-448865c1dbe6,1,Electrical Engineering,300,84.3,20.2,3.31,33.4,30.8,,56.4,0.0,stable,C,0
0e862317-9495-4c60-828f-448865c1dbe6,2,Electrical Engineering,300,80.8,11.5,2.59,32.4,37.8,56.4,73.6,17.2,improving,A,0
4b3a847a-1da6-4b75-b4f2-d735a4413093,1,Biology,100,76.3,8.3,3.79,29.2,43.8,,71.5,0.0,stable,A,0
4b3a847a-1da6-4b75-b4f2-d735a4413093,2,Biology,100,65.3,12.4,3.01,30.4,37.2,71.5,62.1,-9.3,declining,B,0
7e3d37ce-f3c9-4d1c-ab67-d8575cbd1cb1,1,Biochemistry,100,68.5,16.0,2.76,27.5,51.8,,77.1,0.0,stable,A,0
7e3d37ce-f3c9-4d1c-ab67-d8575cbd1cb1,2,Biochemistry,100,51.9,11.2,2.61,20.5,36.5,77.1,58.5,-18.6,declining,C,0
470f3325-d2bc-4e9c-8cd0-aa01d3393f27,1,Political Science,200,74.9,13.5,4.45,28.3,46.4,,73.1,0.0,stable,A,0
470f3325-d2bc-4e9c-8cd0-aa01d3393f27,2,Political Science,200,62.3,9.1,2.62,29.3,60.0,73.1,87.1,14.0,improving,A,0
916ea540-0af1-4624-b7bc-ac74072fb396,1,Mechanical Engineering,100,68.8,11.7,3.32,30.1,52.8,,75.6,0.0,stable,A,0
916ea540-0af1-4624-b7bc-ac74072fb396,2,Mechanical Engineering,100,39.2,9.5,3.88,15.0,9.5,75.6,26.2,-49.4,declining,F,1
4e7b3631-218c-4c06-b846-68aa2e95b129,1,Political Science,300,78.7,6.5,2.21,25.9,35.2,,59.2,0.0,stable,C,0
4e7b3631-218c-4c06-b846-68aa2e95b129,2,Political Science,300,82.4,0.0,2.31,25.9,27.1,59.2,51.3,-7.9,declining,C,0
f7f90e86-e07d-4488-a2ce-98e9d4543266,1,Economics,200,87.0,2.7,3.04,35.2,51.6,,85.3,0.0,stable,A,0
f7f90e86-e07d-4488-a2ce-98e9d4543266,2,Economics,200,79.9,3.0,1.09,35.2,29.2,85.3,68.0,-17.3,declining,B,0
3035e927-3f8c-4a01-9a2e-4b8d3fd55eeb,1,Computer Science,300,54.4,14.6,4.5,28.0,47.2,,75.2,0.0,stable,A,0
3035e927-3f8c-4a01-9a2e-4b8d3fd55eeb,2,Computer Science,300,51.4,18.8,2.51,27.8,27.8,75.2,52.1,-23.1,declining,C,0
6a2050ba-ebc0-44a3-8c29-007834ee6b91,1,Mechanical Engineering,100,96.5,10.3,4.16,33.9,22.2,,58.8,0.0,stable,C,0
6a2050ba-ebc0-44a3-8c29-007834ee6b91,2,Mechanical Engineering,100,66.2,15.5,3.02,20.5,43.8,58.8,70.9,12.0,improving,A,0
916d6636-11b0-42fc-9823-534da270bdc0,1,Architecture,200,82.4,11.7,3.86,32.5,43.2,,72.4,0.0,stable,A,0
916d6636-11b0-42fc-9823-534da270bdc0,2,Architecture,200,78.5,17.2,2.33,37.8,41.0,72.4,76.2,3.7,stable,A,0
6b4220a2-2d0f-4f81-9c76-8a368ebde657,1,Political Science,200,90.0,10.6,3.61,31.5,39.2,,72.2,0.0,stable,A,0
6b4220a2-2d0f-4f81-9c76-8a368ebde657,2,Political Science,200,79.4,2.0,2.1,35.5,29.3,72.2,63.3,-8.9,declining,B,0
5f5736e3-27f4-451c-81f8-435d7d41b3f9,1,Sociology,300,54.6,6.6,1.38,25.4,26.5,,49.0,0.0,stable,D,0
5f5736e3-27f4-451c-81f8-435d7d41b3f9,2,Sociology,300,74.0,13.8,4.67,22.2,55.8,49.0,81.0,32.0,improving,A,0
b548388f-fae1-4b5c-b1f1-c9da38c124f7,1,Economics,300,63.3,13.0,2.63,28.6,54.7,,85.1,0.0,stable,A,0
b548388f-fae1-4b5c-b1f1-c9da38c124f7,2,Economics,300,82.6,9.8,1.81,30.5,47.7,85.1,73.6,-11.4,declining,A,0
ec0d3bfb-dd0d-4d59-be4a-99b5a079ceb0,1,Medicine,400,59.2,12.6,2.21,22.9,34.2,,53.0,0.0,stable,C,0
ec0d3bfb-dd0d-4d59-be4a-99b5a079ceb0,2,Medicine,400,60.4,15.5,1.95,19.1,33.7,53.0,55.0,2.0,stable,C,0
3356a344-bc3e-42a4-be14-2477298be8f8,1,Psychology,300,72.0,9.7,3.04,20.7,42.9,,64.8,0.0,stable,B,0
3356a344-bc3e-42a4-be14-2477298be8f8,2,Psychology,300,68.9,17.0,2.1,34.4,42.9,64.8,76.3,11.5,improving,A,0
1a6e82db-2eb9-4f8f-9f14-84ebfd6db98b,1,Biochemistry,300,74.7,11.5,3.98,24.6,33.5,,61.2,0.0,stable,B,0
1a6e82db-2eb9-4f8f-9f14-84ebfd6db98b,2,Biochemistry,300,66.1,16.5,4.36,26.2,52.3,61.2,75.1,13.9,improving,A,0
8d739a34-45c9-47cf-b4ff-8373cf4404d1,1,Law,400,86.3,13.0,3.38,29.0,24.4,,55.0,0.0,stable,C,0
8d739a34-45c9-47cf-b4ff-8373cf4404d1,2,Law,400,44.0,10.4,3.75,24.8,59.4,55.0,87.3,32.3,improving,A,1
5fab23ed-be21-4c61-89c9-3e7bdf33a229,1,Biochemistry,100,65.2,12.1,2.96,20.1,30.2,,48.6,0.0,stable,D,0
5fab23ed-be21-4c61-89c9-3e7bdf33a229,2,Biochemistry,100,44.5,12.2,2.8,15.5,43.4,48.6,61.1,12.4,improving,B,1
45a7e65d-1531-4a75-ae34-a79b00b47b2f,1,Biology,200,78.4,10.4,3.47,34.1,42.4,,74.0,0.0,stable,A,0
45a7e65d-1531-4a75-ae34-a79b00b47b2f,2,Biology,200,79.1,18.0,2.52,40.0,37.6,74.0,77.7,3.7,stable,A,0
dab38755-68e2-4a6c-9313-b8269aabc3b1,1,Architecture,300,64.9,13.1,1.61,25.3,26.7,,52.3,0.0,stable,C,0
dab38755-68e2-4a6c-9313-b8269aabc3b1,2,Architecture,300,89.9,15.2,1.1,40.0,41.0,52.3,78.7,26.4,improving,A,0
9b95d788-b4cc-4c66-982a-747903468977,1,Political Science,100,77.4,12.9,2.47,31.5,33.1,,63.3,0.0,stable,B,0
9b95d788-b4cc-4c66-982a-747903468977,2,Political Science,100,64.7,4.8,3.12,30.9,39.8,63.3,73.2,9.9,improving,A,0
a1fde05c-df7d-4b23-8b48-92d07111df81,1,Accounting,300,79.9,9.3,3.67,24.2,30.0,,51.3,0.0,stable,C,0
a1fde05c-df7d-4b23-8b48-92d07111df81,2,Accounting,300,91.2,16.7,3.39,38.6,34.9,51.3,74.6,23.3,improving,A,0
1dbd29a1-8e3a-4c84-b15e-4494c76db9de,1,Business Administration,300,73.1,16.2,2.91,27.7,47.8,,78.1,0.0,stable,A,0
1dbd29a1-8e3a-4c84-b15e-4494c76db9de,2,Business Administration,300,65.0,11.7,2.15,15.5,39.7,78.1,57.0,-21.2,declining,C,0
672a4df9-a23f-4b80-aaa5-96465acc3552,1,Architecture,200,78.9,2.3,2.72,19.7,45.7,,62.2,0.0,stable,B,0
672a4df9-a23f-4b80-aaa5-96465acc3552,2,Architecture,200,93.8,16.7,2.28,28.1,45.0,62.2,70.6,8.4,improving,A,0
21103f21-fa17-4756-bcc1-f09204ee436f,1,Business Administration,200,76.5,9.6,1.58,19.2,37.3,,54.7,0.0,stable,C,0
21103f21-fa17-4756-bcc1-f09204ee436f,2,Business Administration,200,66.7,15.5,3.94,27.0,40.5,54.7,69.0,14.3,improving,B,0
97a76b44-81aa-407f-8183-53a350e7afdc,1,Computer Engineering,300,54.6,13.1,3.44,29.3,21.9,,48.9,0.0,stable,D,0
97a76b44-81aa-407f-8183-53a350e7afdc,2,Computer Engineering,300,61.8,12.5,3.38,34.8,35.7,48.9,69.1,20.2,improving,B,0
ebdbe962-1aae-4754-aec4-cbc80264e736,1,Business Administration,100,92.2,13.5,4.01,34.9,31.1,,62.0,0.0,stable,B,0
ebdbe962-1aae-4754-aec4-cbc80264e736,2,Business Administration,100,51.7,15.3,3.95,34.6,52.3,62.0,90.3,28.4,improving,A,0
ef79e4f7-c166-4c64-a96a-078c43553da0,1,Business Administration,200,66.3,6.2,3.68,30.3,37.9,,69.4,0.0,stable,B,0
ef79e4f7-c166-4c64-a96a-078c43553da0,2,Business Administration,200,79.8,18.4,4.04,33.7,54.7,69.4,89.9,20.5,improving,A,0
9d5678dd-399e-4783-9600-228ec6350b13,1,Medicine,100,68.1,15.8,1.88,33.9,28.1,,62.8,0.0,stable,B,0
9d5678dd-399e-4783-9600-228ec6350b13,2,Medicine,100,62.3,14.8,2.97,19.5,45.7,62.8,63.5,0.6,stable,B,0
6d502a2e-0516-497d-9e98-10aa49ff802d,1,Electrical Engineering,100,88.2,12.0,3.32,27.9,34.3,,60.8,0.0,stable,B,0
6d502a2e-0516-497d-9e98-10aa49ff802d,2,Electrical Engineering,100,87.9,20.4,2.36,38.0,22.6,60.8,56.9,-3.8,stable,C,0
f519ae50-184f-4c9d-ab97-2d7386b45df6,1,Mechanical Engineering,200,60.6,5.2,1.73,29.2,30.1,,60.4,0.0,stable,B,0
f519ae50-184f-4c9d-ab97-2d7386b45df6,2,Mechanical Engineering,200,85.4,13.3,3.53,31.7,29.7,60.4,64.6,4.2,stable,B,0
c592c1b3-85cd-47c6-b16b-af25e8e75fb3,1,Biology,100,66.2,7.3,2.86,23.7,31.8,,56.5,0.0,stable,C,0
c592c1b3-85cd-47c6-b16b-af25e8e75fb3,2,Biology,100,80.2,7.5,2.61,36.4,40.5,56.5,83.2,26.7,improving,A,0
1ca0c2e5-ccca-42f6-ac8a-868b4ba30ba8,1,Biology,100,92.7,17.7,1.89,37.4,40.9,,76.6,0.0,stable,A,0
1ca0c2e5-ccca-42f6-ac8a-868b4ba30ba8,2,Biology,100,77.5,16.7,3.4,26.1,51.2,76.6,75.4,-1.2,stable,A,0
dc14c72b-9cd4-45b9-b4f6-849764e883b7,1,Computer Engineering,200,78.3,10.5,2.82,34.5,27.7,,68.1,0.0,stable,B,0
dc14c72b-9cd4-45b9-b4f6-849764e883b7,2,Computer Engineering,200,47.7,9.0,3.3,27.5,37.0,68.1,64.3,-3.7,stable,B,1
010c0a82-9144-4d6c-ae6a-c845e02d3c16,1,Law,300,81.2,10.8,4.11,35.4,49.7,,82.2,0.0,stable,A,0
010c0a82-9144-4d6c-ae6a-c845e02d3c16,2,Law,300,73.8,10.5,2.2,31.6,31.5,82.2,65.0,-17.2,declining,B,0
42ff0843-f3aa-4401-a864-82a3005c422d,1,Economics,200,58.9,20.6,2.28,27.9,52.2,,78.4,0.0,stable,A,0
42ff0843-f3aa-4401-a864-82a3005c422d,2,Economics,200,87.8,5.9,4.16,32.6,31.5,78.4,63.3,-15.1,declining,B,0
f511cdc5-0db0-4ea6-98a6-e5359b7bbd43,1,Law,100,87.1,9.1,2.4,31.3,24.5,,61.3,0.0,stable,B,0
f511cdc5-0db0-4ea6-98a6-e5359b7bbd43,2,Law,100,66.5,16.2,3.17,23.4,42.8,61.3,68.5,7.3,improving,B,0
71ea002e-3571-4a90-bb88-e5f47fe2a1ac,1,Mechanical Engineering,200,72.2,18.0,3.82,34.0,40.9,,71.7,0.0,stable,A,0
71ea002e-3571-4a90-bb88-e5f47fe2a1ac,2,Mechanical Engineering,200,65.8,13.0,3.44,17.3,41.1,71.7,58.8,-12.8,declining,C,0
9b50292c-7d40-4326-a8bb-b7eec9d8e0b8,1,Law,100,70.8,18.5,3.34,35.7,42.7,,81.2,0.0,stable,A,0
9b50292c-7d40-4326-a8bb-b7eec9d8e0b8,2,Law,100,99.5,18.6,2.13,33.6,39.1,81.2,74.2,-7.1,declining,A,0
903f8f14-c383-4d15-a7ea-6da504c93a02,1,Accounting,300,85.3,7.8,3.05,22.0,51.1,,71.5,0.0,stable,A,0
903f8f14-c383-4d15-a7ea-6da504c93a02,2,Accounting,300,75.8,10.5,3.92,16.0,40.1,71.5,55.8,-15.7,declining,C,0
4a54ad0d-622a-46f5-bed5-ef46f155c6bb,1,Law,400,68.2,20.6,2.29,32.5,47.9,,84.2,0.0,stable,A,0
4a54ad0d-622a-46f5-bed5-ef46f155c6bb,2,Law,400,65.0,8.3,3.88,30.1,23.3,84.2,51.8,-32.4,declining,C,0
74453c2d-0863-4f59-8b3d-19ccb2024600,1,Computer Science,200,80.8,16.2,2.46,16.6,46.7,,59.6,0.0,stable,C,0
74453c2d-0863-4f59-8b3d-19ccb2024600,2,Computer Science,200,44.7,0.0,3.65,24.6,30.0,59.6,58.8,-0.8,stable,C,1
9f26399e-326c-416d-8b0d-74209f22bb57,1,Business Administration,200,84.6,20.1,1.89,31.7,26.9,,58.0,0.0,stable,C,0
9f26399e-326c-416d-8b0d-74209f22bb57,2,Business Administration,200,71.3,15.1,3.04,32.4,48.9,58.0,87.8,29.8,improving,A,0
1ff2540c-5f0e-4714-9f69-b465614a8569,1,Accounting,200,70.3,7.3,3.2,25.0,51.4,,75.6,0.0,stable,A,0
1ff2540c-5f0e-4714-9f69-b465614a8569,2,Accounting,200,66.5,9.6,3.57,27.5,32.6,75.6,65.1,-10.5,declining,B,0
6e387847-459e-4d56-ae56-0e14698e46c1,1,Economics,300,62.2,12.2,3.52,19.3,45.5,,61.7,0.0,stable,B,0
6e387847-459e-4d56-ae56-0e14698e46c1,2,Economics,300,87.3,7.2,3.55,38.0,45.9,61.7,84.6,23.0,improving,A,0
aaa63bcb-2e79-49ac-ab18-30be82b4a8b1,1,Biology,300,71.5,9.1,4.18,25.8,29.5,,57.3,0.0,stable,C,0
aaa63bcb-2e79-49ac-ab18-30be82b4a8b1,2,Biology,300,63.1,7.2,1.85,25.2,33.0,57.3,59.0,1.7,stable,C,0
c6a5a8f1-a16e-47ad-b862-a487cd00bff8,1,Political Science,300,89.3,14.6,2.85,31.9,46.2,,81.9,0.0,stable,A,0
c6a5a8f1-a16e-47ad-b862-a487cd00bff8,2,Political Science,300,76.9,9.7,2.21,23.2,43.0,81.9,67.9,-14.1,declining,B,0
96f2d373-e8bf-4857-87e9-8c229df4f340,1,Biochemistry,100,83.7,11.4,4.13,29.3,50.9,,80.1,0.0,stable,A,0
96f2d373-e8bf-4857-87e9-8c229df4f340,2,Biochemistry,100,65.9,15.0,3.33,30.0,43.2,80.1,73.0,-7.1,declining,A,0
ad209a8f-96e2-4e4e-b83f-ae349fd1a417,1,Architecture,200,100.0,17.9,3.58,35.6,55.0,,92.1,0.0,stable,A,0
ad209a8f-96e2-4e4e-b83f-ae349fd1a417,2,Architecture,200,75.4,10.5,2.94,14.2,40.5,92.1,53.2,-38.9,declining,C,0
801c9d35-1c3f-4472-902b-ef7e90dd3adb,1,Business Administration,200,98.9,12.1,2.05,34.5,27.3,,63.2,0.0,stable,B,0
801c9d35-1c3f-4472-902b-ef7e90dd3adb,2,Business Administration,200,79.4,16.8,2.37,31.0,28.1,63.2,61.2,-2.0,stable,B,0
f978fb38-d2e0-40b0-8aa7-66d237ee04a7,1,Architecture,100,82.8,14.5,3.0,33.6,57.4,,90.2,0.0,stable,A,0
f978fb38-d2e0-40b0-8aa7-66d237ee04a7,2,Architecture,100,77.1,6.6,2.31,30.9,45.3,90.2,75.5,-14.7,declining,A,0
95e6a48b-8fa3-4138-a024-15a1a63f3bdd,1,Law,300,71.5,10.0,2.57,30.8,22.3,,56.9,0.0,stable,C,0
95e6a48b-8fa3-4138-a024-15a1a63f3bdd,2,Law,300,65.0,15.6,1.98,31.3,46.8,56.9,79.3,22.4,improving,A,0
212cb718-d62e-4378-91e4-b8628eaab9ec,1,Sociology,300,60.1,13.2,2.05,25.8,48.9,,77.0,0.0,stable,A,0
212cb718-d62e-4378-91e4-b8628eaab9ec,2,Sociology,300,75.2,7.1,3.52,30.1,13.9,77.0,46.4,-30.6,declining,D,0
e314a003-1ef1-48a0-b384-50c575a9c504,1,Political Science,200,74.6,18.0,2.12,14.0,44.9,,59.8,0.0,stable,C,0
e314a003-1ef1-48a0-b384-50c575a9c504,2,Political Science,200,49.6,7.1,5.0,23.4,47.4,59.8,68.8,9.0,improving,B,1
31be5add-430a-421a-992c-448fb7673162,1,Biology,100,43.6,11.1,2.79,21.7,37.4,,59.9,0.0,stable,C,1
31be5add-430a-421a-992c-448fb7673162,2,Biology,100,72.7,5.7,3.39,19.8,15.3,59.9,37.4,-22.6,declining,F,1
b84a4661-fdc4-40b3-890e-9457b60d3535,1,Accounting,200,82.6,11.7,1.88,28.0,34.5,,57.7,0.0,stable,C,0
b84a4661-fdc4-40b3-890e-9457b60d3535,2,Accounting,200,63.9,15.3,4.14,25.7,51.7,57.7,71.7,14.0,improving,A,0
cf05214e-cd90-4aa6-a9cf-8b888ba6dd94,1,Biochemistry,100,84.9,8.0,3.25,30.7,50.4,,78.5,0.0,stable,A,0
cf05214e-cd90-4aa6-a9cf-8b888ba6dd94,2,Biochemistry,100,84.4,10.6,2.87,31.0,29.9,78.5,60.8,-17.7,declining,B,0
5f9bc67a-8220-42ca-aecc-260bd8c217b9,1,Psychology,300,74.1,13.2,3.07,33.8,49.8,,80.5,0.0,stable,A,0
5f9bc67a-8220-42ca-aecc-260bd8c217b9,2,Psychology,300,88.0,6.1,3.47,35.7,17.2,80.5,53.1,-27.3,declining,C,0
cad08eb5-57eb-4fe1-8590-6dcff014ea42,1,Computer Science,200,68.0,8.2,4.08,25.3,31.0,,56.5,0.0,stable,C,0
cad08eb5-57eb-4fe1-8590-6dcff014ea42,2,Computer Science,200,85.3,11.3,3.93,34.7,19.1,56.5,52.3,-4.2,stable,C,0
68d5ae61-d2f5-4e75-8788-375ce05f3304,1,Psychology,300,66.6,14.4,0.9,40.0,42.4,,82.8,0.0,stable,A,0
68d5ae61-d2f5-4e75-8788-375ce05f3304,2,Psychology,300,92.7,23.7,3.7,38.3,50.6,82.8,88.5,5.7,improving,A,0
6e3fed8d-3f22-4c6a-86c3-bd9f6fee3528,1,Sociology,100,67.9,7.9,2.45,21.8,34.8,,51.5,0.0,stable,C,0
6e3fed8d-3f22-4c6a-86c3-bd9f6fee3528,2,Sociology,100,77.9,11.8,3.12,28.0,60.0,51.5,92.0,40.5,improving,A,0
1432e2cd-333f-448a-9da1-ee5eb027700b,1,Computer Engineering,300,56.3,13.2,2.51,21.2,26.0,,48.5,0.0,stable,D,0
1432e2cd-333f-448a-9da1-ee5eb027700b,2,Computer Engineering,300,64.8,16.8,3.8,34.8,36.1,48.5,72.3,23.8,improving,A,0
d776e39b-ef84-443a-832b-5a9cef6e09fb,1,Law,200,84.5,9.6,2.38,39.9,38.9,,80.8,0.0,stable,A,0
d776e39b-ef84-443a-832b-5a9cef6e09fb,2,Law,200,62.7,5.9,2.54,26.9,23.7,80.8,50.5,-30.2,declining,C,0
52b048c0-c0c2-4b7c-acb6-8c56e029bbd4,1,Accounting,200,49.7,6.4,3.54,28.0,32.7,,57.6,0.0,stable,C,1
52b048c0-c0c2-4b7c-acb6-8c56e029bbd4,2,Accounting,200,59.6,10.1,3.52,31.6,34.3,57.6,62.4,4.8,stable,B,0
13465796-a7c6-4bb6-b966-ca16c11451dd,1,Electrical Engineering,100,79.0,7.9,2.59,37.4,44.1,,82.0,0.0,stable,A,0
13465796-a7c6-4bb6-b966-ca16c11451dd,2,Electrical Engineering,100,55.9,13.1,3.85,24.3,55.5,82.0,83.7,1.7,stable,A,0
81760c7e-edf4-4315-b60f-569cc1b2e621,1,Business Administration,200,100.0,13.5,3.47,40.0,46.1,,84.6,0.0,stable,A,0
81760c7e-edf4-4315-b60f-569cc1b2e621,2,Business Administration,200,68.3,13.2,1.97,27.9,49.3,84.6,70.7,-13.9,declining,A,0
26f32021-5c3c-4fcf-90e4-bfb01a7c9ec4,1,Medicine,200,98.0,17.6,2.63,37.3,42.9,,83.9,0.0,stable,A,0
26f32021-5c3c-4fcf-90e4-bfb01a7c9ec4,2,Medicine,200,89.7,5.0,3.47,31.9,36.3,83.9,66.1,-17.8,declining,B,0
5e128c74-a030-409c-8f5e-d4b0ca9e2af5,1,Architecture,300,100.0,17.2,2.41,28.3,38.2,,67.9,0.0,stable,B,0
5e128c74-a030-409c-8f5e-d4b0ca9e2af5,2,Architecture,300,78.6,18.3,3.63,35.6,48.6,67.9,80.0,12.1,improving,A,0
ae824abe-fdaa-4ab3-a2e9-8cafa8e1fda7,1,Medicine,400,72.1,17.3,2.96,31.9,40.1,,68.9,0.0,stable,B,0
ae824abe-fdaa-4ab3-a2e9-8cafa8e1fda7,2,Medicine,400,73.1,13.5,2.48,28.5,30.2,68.9,62.0,-6.9,declining,B,0
5445870d-f44c-442a-bb5f-d99069fc1f64,1,Business Administration,200,70.6,19.3,4.22,28.7,37.1,,59.6,0.0,stable,C,0
5445870d-f44c-442a-bb5f-d99069fc1f64,2,Business Administration,200,52.9,5.1,4.1,26.2,40.8,59.6,60.3,0.7,stable,B,0
736106dd-327f-4198-8431-1fad78d79bc1,1,Business Administration,100,57.0,16.4,3.23,25.7,48.8,,79.4,0.0,stable,A,0
736106dd-327f-4198-8431-1fad78d79bc1,2,Business Administration,100,71.7,12.3,3.15,40.0,19.1,79.4,61.2,-18.2,declining,B,0
e74cb31b-ca2d-4c74-acc5-583fd94394d6,1,Architecture,100,73.3,14.8,2.47,29.4,47.7,,86.4,0.0,stable,A,0
e74cb31b-ca2d-4c74-acc5-583fd94394d6,2,Architecture,100,87.1,7.8,2.66,30.2,17.9,86.4,47.1,-39.3,declining,D,0
c0045af3-d87b-4004-bc46-9edd5fb9c02a,1,Biology,300,86.0,5.6,3.84,34.6,29.4,,63.6,0.0,stable,B,0
c0045af3-d87b-4004-bc46-9edd5fb9c02a,2,Biology,300,99.0,15.7,3.01,33.6,43.0,63.6,75.0,11.5,improving,A,0
1bf06f01-1884-4e9b-ab44-e6c282088c40,1,Computer Science,200,43.4,22.2,3.12,25.7,46.5,,70.0,0.0,stable,A,1
1bf06f01-1884-4e9b-ab44-e6c282088c40,2,Computer Science,200,72.2,4.0,4.82,23.3,27.2,70.0,49.1,-20.9,declining,D,0
cc128f51-f111-472b-ade8-a5079443a49f,1,Mechanical Engineering,300,94.3,12.1,2.01,40.0,45.0,,86.6,0.0,stable,A,0
cc128f51-f111-472b-ade8-a5079443a49f,2,Mechanical Engineering,300,85.7,24.0,4.75,28.7,60.0,86.6,89.9,3.3,stable,A,0
4dac13a6-6a42-4c70-b82c-9dde3d867c0e,1,Computer Engineering,300,82.5,3.5,2.86,27.4,41.5,,72.2,0.0,stable,A,0
4dac13a6-6a42-4c70-b82c-9dde3d867c0e,2,Computer Engineering,300,43.9,11.9,3.9,22.8,48.6,72.2,72.5,0.3,stable,A,1
b8867d78-2e94-4e24-8a82-b55ff795e0a0,1,Computer Science,100,80.1,10.6,2.03,25.4,43.7,,69.2,0.0,stable,B,0
b8867d78-2e94-4e24-8a82-b55ff795e0a0,2,Computer Science,100,72.9,9.9,2.76,34.8,34.2,69.2,65.0,-4.2,stable,B,0
10a97275-d3f8-41bc-a90c-c37d4943f577,1,Mechanical Engineering,100,86.2,11.0,3.03,40.0,38.7,,79.6,0.0,stable,A,0
10a97275-d3f8-41bc-a90c-c37d4943f577,2,Mechanical Engineering,100,57.3,10.9,3.49,18.7,41.8,79.6,60.8,-18.8,declining,B,0
c5110f67-2531-4c42-89d2-5e6ef1e73eec,1,Accounting,100,75.6,17.2,3.27,37.5,33.9,,71.8,0.0,stable,A,0
c5110f67-2531-4c42-89d2-5e6ef1e73eec,2,Accounting,100,76.3,6.7,3.77,40.0,37.1,71.8,78.6,6.8,improving,A,0
b08c397f-aff8-4176-9793-4381f3c90b24,1,Psychology,100,76.3,8.4,1.54,26.7,20.2,,52.0,0.0,stable,C,0
b08c397f-aff8-4176-9793-4381f3c90b24,2,Psychology,100,73.3,10.3,3.71,24.0,32.1,52.0,56.3,4.3,stable,C,0
e7af45c9-df2b-40fb-b8a8-0129f0df3e9d,1,Mechanical Engineering,100,90.4,14.5,3.2,33.5,45.8,,79.8,0.0,stable,A,0
e7af45c9-df2b-40fb-b8a8-0129f0df3e9d,2,Mechanical Engineering,100,59.6,12.2,2.14,27.3,33.2,79.8,68.1,-11.7,declining,B,0
1a6e8a94-54ad-45f2-a3b2-98316d4e5250,1,Architecture,100,74.4,5.0,2.89,32.5,51.1,,81.8,0.0,stable,A,0
1a6e8a94-54ad-45f2-a3b2-98316d4e5250,2,Architecture,100,51.3,16.1,1.9,23.1,37.7,81.8,60.6,-21.2,declining,B,0
ae7e07c8-7584-4697-a772-8ff5a727b270,1,Psychology,100,85.3,8.6,2.78,32.0,38.2,,70.5,0.0,stable,A,0
ae7e07c8-7584-4697-a772-8ff5a727b270,2,Psychology,100,81.5,16.2,3.31,33.6,27.4,70.5,61.1,-9.4,declining,B,0
604434cc-c4cd-4394-9d2a-4d3e6d96d198,1,Architecture,300,82.2,15.6,2.45,28.1,35.3,,65.1,0.0,stable,B,0
604434cc-c4cd-4394-9d2a-4d3e6d96d198,2,Architecture,300,90.5,10.0,3.73,33.7,38.3,65.1,71.4,6.3,improving,A,0
faf71b05-7a69-4d54-ab0d-a6c83369138e,1,Political Science,200,86.2,13.6,4.82,28.0,49.6,,75.9,0.0,stable,A,0
faf71b05-7a69-4d54-ab0d-a6c83369138e,2,Political Science,200,62.0,11.9,3.11,40.0,37.9,75.9,74.5,-1.4,stable,A,0
7eeb95f4-643b-4c2d-b781-b3718db0be81,1,Electrical Engineering,300,79.1,1.6,2.93,30.9,40.0,,73.8,0.0,stable,A,0
7eeb95f4-643b-4c2d-b781-b3718db0be81,2,Electrical Engineering,300,67.4,11.2,2.39,22.8,40.9,73.8,59.9,-13.8,declining,C,0
156748ce-e4ca-4d5f-b081-e552479a183e,1,Psychology,300,68.8,7.0,3.44,37.8,23.9,,56.1,0.0,stable,C,0
156748ce-e4ca-4d5f-b081-e552479a183e,2,Psychology,300,73.1,12.1,3.17,27.4,38.0,56.1,66.5,10.4,improving,B,0
9aba6de0-b210-4fbe-b178-9e927106e1df,1,Biology,100,90.6,2.2,2.7,34.2,22.8,,62.2,0.0,stable,B,0
9aba6de0-b210-4fbe-b178-9e927106e1df,2,Biology,100,65.5,11.8,3.44,25.1,21.8,62.2,45.7,-16.5,declining,D,0
eec3e88b-b416-41bb-ae2f-85da77521087,1,Political Science,100,90.4,10.3,2.32,37.7,33.7,,69.9,0.0,stable,B,0
eec3e88b-b416-41bb-ae2f-85da77521087,2,Political Science,100,77.2,15.9,4.91,34.6,57.7,69.9,90.8,20.9,improving,A,0
1ed8a2ed-d851-420f-b770-4a5a3fa4877a,1,Business Administration,100,59.6,12.3,3.09,21.5,38.2,,60.9,0.0,stable,B,0
1ed8a2ed-d851-420f-b770-4a5a3fa4877a,2,Business Administration,100,80.4,14.5,3.23,28.5,36.7,60.9,61.6,0.7,stable,B,0
26af5daf-3615-41f9-847e-cfd5d1412159,1,Psychology,100,100.0,12.1,2.82,30.4,60.0,,87.1,0.0,stable,A,0
26af5daf-3615-41f9-847e-cfd5d1412159,2,Psychology,100,68.6,14.1,3.48,33.5,60.0,87.1,95.0,7.9,improving,A,0
6aa0bdd9-07f4-44ea-829e-13a39becf1e8,1,Biochemistry,200,59.2,10.7,3.25,37.2,25.2,,65.9,0.0,stable,B,0
6aa0bdd9-07f4-44ea-829e-13a39becf1e8,2,Biochemistry,200,77.7,16.2,2.92,26.3,49.9,65.9,78.2,12.3,improving,A,0
dbdd2cae-b997-4a93-95cf-adc266834afd,1,Psychology,300,89.6,11.9,2.52,25.1,46.8,,73.2,0.0,stable,A,0
dbdd2cae-b997-4a93-95cf-adc266834afd,2,Psychology,300,60.5,9.3,2.63,19.7,28.7,73.2,45.0,-28.1,declining,D,0
d507fb1e-d6b8-4116-b49c-f4ea24501c6b,1,Biochemistry,200,68.8,8.3,1.7,38.9,46.9,,83.4,0.0,stable,A,0
d507fb1e-d6b8-4116-b49c-f4ea24501c6b,2,Biochemistry,200,79.1,14.1,3.95,26.7,53.9,83.4,79.0,-4.4,stable,A,0
6d17a405-024c-440c-a28f-2e77f64b4506,1,Law,200,55.0,15.6,4.03,38.9,32.2,,73.3,0.0,stable,A,0
6d17a405-024c-440c-a28f-2e77f64b4506,2,Law,200,68.9,15.9,1.82,22.5,32.3,73.3,55.0,-18.3,declining,C,0
96ef3562-42f2-49c3-b5bf-0e1bd47709de,1,Computer Engineering,300,65.4,15.3,3.82,31.1,59.8,,92.1,0.0,stable,A,0
96ef3562-42f2-49c3-b5bf-0e1bd47709de,2,Computer Engineering,300,56.7,18.8,2.52,30.9,59.2,92.1,91.5,-0.6,stable,A,0
896f7dd4-0747-494b-9aa5-565fb64ad742,1,Biology,300,52.6,7.4,4.06,24.7,39.2,,66.1,0.0,stable,B,0
896f7dd4-0747-494b-9aa5-565fb64ad742,2,Biology,300,85.4,13.4,2.83,30.5,48.8,66.1,81.0,14.9,improving,A,0
eb947439-467a-499d-bfe8-bf7cac7186b4,1,Mechanical Engineering,100,71.1,17.4,2.9,25.0,35.6,,57.7,0.0,stable,C,0
eb947439-467a-499d-bfe8-bf7cac7186b4,2,Mechanical Engineering,100,70.9,18.2,2.36,30.1,36.1,57.7,65.5,7.8,improving,B,0
9ccddf19-a848-45a0-b86c-6d73bab92904,1,Biology,200,52.3,10.9,2.85,28.2,40.7,,65.3,0.0,stable,B,0
9ccddf19-a848-45a0-b86c-6d73bab92904,2,Biology,200,91.3,13.1,3.16,33.2,35.5,65.3,69.3,4.0,stable,B,0
d1cc190b-d2d4-4b8f-a8fb-d9e2aaec57d7,1,Accounting,300,82.1,3.3,2.57,30.2,35.0,,68.8,0.0,stable,B,0
d1cc190b-d2d4-4b8f-a8fb-d9e2aaec57d7,2,Accounting,300,63.4,9.5,2.59,23.7,33.5,68.8,59.5,-9.3,declining,C,0
b05e43f5-13ed-4c6b-b373-48975e444fad,1,Psychology,100,59.2,14.1,1.64,24.0,35.1,,64.1,0.0,stable,B,0
b05e43f5-13ed-4c6b-b373-48975e444fad,2,Psychology,100,70.9,1.0,1.4,29.3,34.6,64.1,65.1,1.0,stable,B,0
92a7dce7-cff2-489a-836c-01ba379ec015,1,Political Science,300,77.5,17.8,2.57,35.0,26.5,,58.8,0.0,stable,C,0
92a7dce7-cff2-489a-836c-01ba379ec015,2,Political Science,300,47.9,10.6,2.96,25.1,39.1,58.8,61.5,2.7,stable,B,1
39cc79f0-42a8-45b3-9f0b-70c91fdfa3c3,1,Political Science,100,72.1,4.5,4.09,27.9,31.5,,64.2,0.0,stable,B,0
39cc79f0-42a8-45b3-9f0b-70c91fdfa3c3,2,Political Science,100,56.4,6.4,2.12,25.9,38.1,64.2,66.3,2.1,stable,B,0
469ffe7a-ff2e-4ba6-baa2-a64bf330c607,1,Medicine,400,100.0,0.8,3.49,32.2,26.6,,57.0,0.0,stable,C,0
469ffe7a-ff2e-4ba6-baa2-a64bf330c607,2,Medicine,400,61.4,20.4,3.67,27.4,60.0,57.0,82.9,25.8,improving,A,0
df88a6c8-650f-4819-acc3-a8f2a5a4d46f,1,Sociology,200,55.0,1.1,2.44,26.8,31.7,,59.0,0.0,stable,C,0
df88a6c8-650f-4819-acc3-a8f2a5a4d46f,2,Sociology,200,53.8,16.0,3.19,29.4,23.9,59.0,54.3,-4.7,stable,C,0
11b9ff38-31d7-4980-a254-842156c4b169,1,Computer Engineering,300,57.2,10.0,3.43,26.9,30.5,,57.4,0.0,stable,C,0
11b9ff38-31d7-4980-a254-842156c4b169,2,Computer Engineering,300,52.0,17.8,2.84,31.0,38.1,57.4,67.5,10.1,improving,B,0
c7db5040-4f21-494d-b4b6-a8e8d450602e,1,Sociology,200,63.5,16.4,2.43,30.9,37.7,,62.7,0.0,stable,B,0
c7db5040-4f21-494d-b4b6-a8e8d450602e,2,Sociology,200,66.4,6.1,3.03,22.3,44.7,62.7,66.7,4.0,stable,B,0
869f9421-2609-461d-948d-a388f337ac44,1,Computer Science,200,72.3,15.3,3.77,29.4,35.7,,59.8,0.0,stable,C,0
869f9421-2609-461d-948d-a388f337ac44,2,Computer Science,200,64.7,8.9,3.09,26.2,44.4,59.8,68.8,9.0,improving,B,0
4794076f-2dd5-430e-aed2-4f5583bb8e8a,1,Accounting,200,74.1,17.9,3.27,29.5,38.3,,66.0,0.0,stable,B,0
4794076f-2dd5-430e-aed2-4f5583bb8e8a,2,Accounting,200,62.2,9.3,3.6,26.3,25.4,66.0,57.0,-9.0,declining,C,0
f35c47b7-d274-4e4a-af33-ce19fcc1c450,1,Computer Engineering,200,79.8,5.0,2.65,31.5,50.9,,79.1,0.0,stable,A,0
f35c47b7-d274-4e4a-af33-ce19fcc1c450,2,Computer Engineering,200,89.6,19.0,2.5,31.5,33.2,79.1,64.1,-14.9,declining,B,0
bb72fb8f-3b24-4ba5-8930-ddde5a20cee6,1,Medicine,400,74.5,15.3,3.87,26.1,24.0,,50.1,0.0,stable,C,0
bb72fb8f-3b24-4ba5-8930-ddde5a20cee6,2,Medicine,400,79.4,13.2,2.74,31.5,55.1,50.1,87.7,37.7,improving,A,0
8e7c21db-aab2-40f9-b325-8f7a868b0ccf,1,Biology,100,69.4,9.5,2.86,37.1,35.7,,72.7,0.0,stable,A,0
8e7c21db-aab2-40f9-b325-8f7a868b0ccf,2,Biology,100,67.8,17.5,4.57,30.8,47.5,72.7,78.4,5.7,improving,A,0
259175f7-140b-4566-9602-68e8ce92a4ee,1,Law,200,39.2,15.7,3.11,25.0,35.3,,59.2,0.0,stable,C,1
259175f7-140b-4566-9602-68e8ce92a4ee,2,Law,200,68.8,17.1,2.7,39.2,46.9,59.2,82.3,23.1,improving,A,0
e573e4d9-b875-4584-974d-11919448faec,1,Biology,300,73.1,8.7,1.24,37.6,40.8,,80.0,0.0,stable,A,0
e573e4d9-b875-4584-974d-11919448faec,2,Biology,300,77.5,5.1,2.61,34.7,23.3,80.0,50.5,-29.5,declining,C,0
0d5517d5-0bdd-4a36-9b64-aa84c7067d56,1,Sociology,200,71.6,11.3,3.11,33.0,45.7,,79.4,0.0,stable,A,0
0d5517d5-0bdd-4a36-9b64-aa84c7067d56,2,Sociology,200,92.9,4.4,3.4,36.7,22.6,79.4,54.8,-24.6,declining,C,0
19e60779-7ea8-48d8-804c-c5c0e8f1802f,1,Psychology,300,63.8,8.7,3.6,24.7,29.9,,52.7,0.0,stable,C,0
19e60779-7ea8-48d8-804c-c5c0e8f1802f,2,Psychology,300,91.8,12.1,2.86,32.8,52.3,52.7,82.8,30.1,improving,A,0
3d9391bb-837a-4021-b1fe-bc5efbf7576f,1,Political Science,200,94.7,13.1,2.87,40.0,29.5,,68.4,0.0,stable,B,0
3d9391bb-837a-4021-b1fe-bc5efbf7576f,2,Political Science,200,56.5,16.8,4.35,34.7,57.9,68.4,92.0,23.5,improving,A,0
d8ba9417-04fb-4d57-b575-b801e2e95f74,1,Architecture,400,69.5,3.6,4.63,31.2,31.9,,67.2,0.0,stable,B,0
d8ba9417-04fb-4d57-b575-b801e2e95f74,2,Architecture,400,60.4,14.0,2.86,30.3,40.1,67.2,66.0,-1.1,stable,B,0
8dd4239b-dfe9-45ac-bba5-8ea3c1df552c,1,Accounting,300,76.1,17.2,2.98,34.1,32.8,,66.8,0.0,stable,B,0
8dd4239b-dfe9-45ac-bba5-8ea3c1df552c,2,Accounting,300,65.6,15.7,3.03,31.6,53.2,66.8,86.8,20.0,improving,A,0
031b95f6-5350-4bc1-a1cd-e336d67e1e96,1,Psychology,200,79.1,7.0,3.0,28.2,32.6,,59.6,0.0,stable,C,0
031b95f6-5350-4bc1-a1cd-e336d67e1e96,2,Psychology,200,60.3,2.2,2.47,28.0,18.0,59.6,46.1,-13.5,declining,D,0
1eb54fa0-6544-4df5-b540-19f8c2875b06,1,Medicine,200,100.0,17.1,4.31,37.0,57.5,,92.3,0.0,stable,A,0
1eb54fa0-6544-4df5-b540-19f8c2875b06,2,Medicine,200,65.3,0.0,3.95,35.8,27.4,92.3,62.4,-29.9,declining,B,0
4f56493d-bcb8-4a5a-87cf-b7aebc7c487e,1,Accounting,100,63.7,13.9,3.9,19.0,46.8,,65.0,0.0,stable,B,0
4f56493d-bcb8-4a5a-87cf-b7aebc7c487e,2,Accounting,100,76.7,14.3,2.85,29.8,38.8,65.0,71.5,6.5,improving,A,0
90081f85-bd3c-4a2c-ad2a-484ca2a63a45,1,Business Administration,200,81.3,13.1,1.98,29.4,47.3,,76.8,0.0,stable,A,0
90081f85-bd3c-4a2c-ad2a-484ca2a63a45,2,Business Administration,200,84.9,20.8,3.83,32.4,42.4,76.8,67.2,-9.6,declining,B,0
e693f8d7-491f-4bb4-8c78-7c6fd4d661f8,1,Mechanical Engineering,200,72.5,10.4,3.31,28.7,35.8,,59.2,0.0,stable,C,0
e693f8d7-491f-4bb4-8c78-7c6fd4d661f8,2,Mechanical Engineering,200,60.9,14.4,4.37,26.7,47.3,59.2,76.8,17.6,improving,A,0
45e3e117-a31b-408e-be84-ebe56dff88ba,1,Psychology,300,62.8,13.8,2.41,31.9,41.2,,74.0,0.0,stable,A,0
45e3e117-a31b-408e-be84-ebe56dff88ba,2,Psychology,300,63.3,15.5,4.67,22.6,42.0,74.0,65.3,-8.7,declining,B,0
1b6f8731-961a-4d66-aa1c-a770bf43fd95,1,Sociology,200,86.8,9.2,0.73,39.2,40.6,,74.6,0.0,stable,A,0
1b6f8731-961a-4d66-aa1c-a770bf43fd95,2,Sociology,200,65.9,19.8,4.16,32.9,45.7,74.6,78.8,4.3,stable,A,0
d3646273-45a2-4b9a-80d9-4534ebdc1702,1,Medicine,100,73.0,17.6,2.3,25.6,52.3,,77.7,0.0,stable,A,0
d3646273-45a2-4b9a-80d9-4534ebdc1702,2,Medicine,100,95.7,8.6,2.96,29.5,37.2,77.7,62.2,-15.5,declining,B,0
826198d9-d529-428f-b8fa-ae776b557c1a,1,Architecture,300,67.7,4.8,3.56,32.1,18.2,,54.4,0.0,stable,C,0
826198d9-d529-428f-b8fa-ae776b557c1a,2,Architecture,300,100.0,12.2,2.49,40.0,25.5,54.4,65.6,11.2,improving,B,0
41715ae0-ddc2-4a43-9f66-e4222aa617f3,1,Electrical Engineering,200,77.7,18.7,3.29,28.0,35.4,,62.5,0.0,stable,B,0
41715ae0-ddc2-4a43-9f66-e4222aa617f3,2,Electrical Engineering,200,59.9,12.2,2.55,19.5,51.4,62.5,69.4,6.9,improving,B,0
e98ae189-37c5-4c97-918d-33f701e037f7,1,Mechanical Engineering,200,56.0,11.2,3.05,17.5,42.4,,56.7,0.0,stable,C,0
e98ae189-37c5-4c97-918d-33f701e037f7,2,Mechanical Engineering,200,100.0,14.6,2.68,31.3,39.8,56.7,72.9,16.1,improving,A,0
605986bd-30d8-48cc-9615-aef6d07db645,1,Political Science,200,74.6,10.9,3.05,26.9,35.5,,56.1,0.0,stable,C,0
605986bd-30d8-48cc-9615-aef6d07db645,2,Political Science,200,89.6,13.5,2.38,40.0,40.3,56.1,77.2,21.1,improving,A,0
0e8e3530-bba3-4ef6-8912-f7003edc4edd,1,Medicine,300,87.9,14.0,3.32,30.4,46.1,,75.8,0.0,stable,A,0
0e8e3530-bba3-4ef6-8912-f7003edc4edd,2,Medicine,300,83.3,2.5,2.65,40.0,24.4,75.8,62.6,-13.2,declining,B,0
eb1be319-3baf-48a1-bc41-1a3160b2ec71,1,Biochemistry,300,68.3,5.9,1.23,27.5,33.1,,60.4,0.0,stable,B,0
eb1be319-3baf-48a1-bc41-1a3160b2ec71,2,Biochemistry,300,72.8,12.2,3.82,28.6,35.6,60.4,63.4,3.0,stable,B,0
91341ecf-f65c-43b8-8f49-ff1ff2946f3c,1,Biology,200,83.7,19.1,2.5,32.2,47.0,,76.2,0.0,stable,A,0
91341ecf-f65c-43b8-8f49-ff1ff2946f3c,2,Biology,200,75.3,4.7,1.58,31.9,27.7,76.2,60.2,-16.1,declining,B,0
12a9535b-fc3b-44d0-a266-02c05063d315,1,Economics,100,74.7,7.1,2.96,23.8,49.9,,69.6,0.0,stable,B,0
12a9535b-fc3b-44d0-a266-02c05063d315,2,Economics,100,72.1,6.8,3.46,27.8,31.6,69.6,61.9,-7.7,declining,B,0
1a687ca8-e4e6-49db-bbf6-a205c8764bff,1,Economics,100,75.4,14.6,2.21,23.1,40.9,,63.0,0.0,stable,B,0
1a687ca8-e4e6-49db-bbf6-a205c8764bff,2,Economics,100,84.4,11.6,3.16,23.8,58.5,63.0,81.8,18.7,improving,A,0
1cf67d32-776d-4e51-a3b8-fa4fd16346b6,1,Computer Engineering,100,85.5,7.8,3.25,25.6,41.6,,66.1,0.0,stable,B,0
1cf67d32-776d-4e51-a3b8-fa4fd16346b6,2,Computer Engineering,100,75.4,15.5,2.01,26.7,44.7,66.1,77.6,11.5,improving,A,0
a11382fa-e097-41d7-930f-cceb8c845cd9,1,Biology,200,72.9,15.0,2.91,39.3,24.0,,63.6,0.0,stable,B,0
a11382fa-e097-41d7-930f-cceb8c845cd9,2,Biology,200,50.6,0.0,3.24,25.8,28.6,63.6,54.1,-9.5,declining,C,0
c11db51d-122a-4368-ada9-1f6325a820ac,1,Architecture,200,100.0,10.7,3.41,31.8,42.4,,73.5,0.0,stable,A,0
c11db51d-122a-4368-ada9-1f6325a820ac,2,Architecture,200,68.8,21.1,3.94,29.5,24.9,73.5,53.3,-20.2,declining,C,0
59034d19-72f0-4db0-b26f-cef5ba5a3342,1,Biology,200,100.0,10.8,3.88,40.0,42.7,,80.2,0.0,stable,A,0
59034d19-72f0-4db0-b26f-cef5ba5a3342,2,Biology,200,38.5,15.4,2.35,23.6,28.2,80.2,51.0,-29.2,declining,C,1
1945f35a-4c0b-4434-8085-280570673a8a,1,Sociology,300,75.5,13.3,2.11,36.1,32.8,,63.8,0.0,stable,B,0
1945f35a-4c0b-4434-8085-280570673a8a,2,Sociology,300,73.4,12.2,3.13,36.5,37.6,63.8,73.7,9.9,improving,A,0
5c8267d4-4cbb-49ce-aa2c-5bc036770ad4,1,Architecture,400,58.5,16.1,3.15,24.6,23.8,,52.7,0.0,stable,C,0
5c8267d4-4cbb-49ce-aa2c-5bc036770ad4,2,Architecture,400,56.6,9.0,3.29,20.3,23.1,52.7,37.1,-15.6,declining,F,1
fc0b3f5d-2dae-4675-863c-4424218befe6,1,Political Science,100,85.8,9.3,5.0,27.2,32.4,,57.9,0.0,stable,C,0
fc0b3f5d-2dae-4675-863c-4424218befe6,2,Political Science,100,78.6,9.6,3.49,25.8,25.1,57.9,45.5,-12.4,declining,D,0
e436b658-cf32-4cce-9529-bbd5f6170788,1,Computer Engineering,200,41.6,9.4,2.76,20.2,49.7,,73.5,0.0,stable,A,1
e436b658-cf32-4cce-9529-bbd5f6170788,2,Computer Engineering,200,70.0,3.0,2.55,26.0,25.7,73.5,49.6,-23.9,declining,D,0
dc3041cf-26f7-4515-a08a-64ae4328fb25,1,Mechanical Engineering,200,65.2,10.1,2.49,29.1,40.8,,67.1,0.0,stable,B,0
dc3041cf-26f7-4515-a08a-64ae4328fb25,2,Mechanical Engineering,200,94.1,7.1,1.71,35.7,25.3,67.1,62.0,-5.1,declining,B,0
69b3076b-b5c5-460b-9265-2df70d9ccfe3,1,Biology,100,38.9,19.0,3.54,15.3,30.8,,51.1,0.0,stable,C,1
69b3076b-b5c5-460b-9265-2df70d9ccfe3,2,Biology,100,63.9,7.8,1.19,26.0,30.7,51.1,58.9,7.7,improving,C,0
b36e351b-51f8-4ad1-8660-2091f4723cd9,1,Business Administration,300,54.0,4.4,3.36,30.8,19.2,,53.2,0.0,stable,C,0
b36e351b-51f8-4ad1-8660-2091f4723cd9,2,Business Administration,300,75.6,17.5,2.94,17.5,41.8,53.2,62.5,9.3,improving,B,0
daf69ce1-a9ae-4c6a-b65c-23ed357959e6,1,Psychology,200,61.6,10.1,2.86,12.8,54.6,,64.7,0.0,stable,B,0
daf69ce1-a9ae-4c6a-b65c-23ed357959e6,2,Psychology,200,82.6,11.6,4.01,33.5,38.9,64.7,69.8,5.1,improving,B,0
03f1a9eb-a158-4cb4-9fbd-6c2564c9cbad,1,Architecture,300,87.0,2.6,3.52,26.9,46.4,,73.8,0.0,stable,A,0
03f1a9eb-a158-4cb4-9fbd-6c2564c9cbad,2,Architecture,300,84.7,12.4,1.6,27.6,43.8,73.8,71.9,-1.9,stable,A,0
7c6b9fec-7031-446c-a1a7-fffc18ba042b,1,Law,300,92.7,14.0,2.23,29.6,40.5,,63.1,0.0,stable,B,0
7c6b9fec-7031-446c-a1a7-fffc18ba042b,2,Law,300,100.0,14.2,3.98,27.1,55.6,63.1,89.3,26.2,improving,A,0
f44c2a02-0532-474e-aa03-f53577ac871e,1,Medicine,400,55.2,15.9,3.0,18.3,47.3,,68.1,0.0,stable,B,0
f44c2a02-0532-474e-aa03-f53577ac871e,2,Medicine,400,66.0,17.8,1.67,20.7,42.4,68.1,63.2,-4.8,stable,B,0
54223e73-17c1-4c8a-9842-e026eb64eeab,1,Business Administration,200,64.3,16.0,3.42,32.1,42.1,,76.0,0.0,stable,A,0
54223e73-17c1-4c8a-9842-e026eb64eeab,2,Business Administration,200,68.3,22.3,2.35,39.2,46.0,76.0,81.0,5.0,stable,A,0
5d4673ac-f853-4b46-a63a-987f60f10df6,1,Business Administration,100,95.5,12.6,3.68,40.0,44.8,,83.0,0.0,stable,A,0
5d4673ac-f853-4b46-a63a-987f60f10df6,2,Business Administration,100,89.6,12.0,3.55,22.2,45.1,83.0,65.4,-17.6,declining,B,0
23428798-a3c2-433a-8e5c-742a752a9544,1,Computer Engineering,300,99.8,15.1,3.19,37.4,32.2,,74.5,0.0,stable,A,0
23428798-a3c2-433a-8e5c-742a752a9544,2,Computer Engineering,300,100.0,14.0,4.27,32.2,35.5,74.5,67.8,-6.6,declining,B,0
69cd4dcc-81c8-4ab8-8e2e-901c7e2c3a37,1,Mechanical Engineering,200,81.5,10.0,3.43,32.8,29.0,,63.4,0.0,stable,B,0
69cd4dcc-81c8-4ab8-8e2e-901c7e2c3a37,2,Mechanical Engineering,200,88.0,12.9,3.92,26.5,46.7,63.4,69.7,6.3,improving,B,0
9bb0a708-5bdb-44fa-b748-73f4e7baf03d,1,Computer Engineering,300,58.3,8.8,2.25,23.9,33.7,,60.1,0.0,stable,B,0
9bb0a708-5bdb-44fa-b748-73f4e7baf03d,2,Computer Engineering,300,70.2,4.1,3.91,24.9,35.1,60.1,61.3,1.2,stable,B,0
babcd12f-b3fa-4b70-8236-a2b059cb6d5d,1,Economics,300,78.0,17.5,3.38,26.3,60.0,,86.9,0.0,stable,A,0
babcd12f-b3fa-4b70-8236-a2b059cb6d5d,2,Economics,300,72.8,16.8,3.2,31.6,60.0,86.9,90.7,3.9,stable,A,0
ea4609aa-8ac9-4b50-a852-61511161f034,1,Electrical Engineering,100,70.2,12.6,3.86,21.5,22.0,,41.8,0.0,stable,F,1
ea4609aa-8ac9-4b50-a852-61511161f034,2,Electrical Engineering,100,50.5,9.9,3.4,20.6,24.6,41.8,45.4,3.6,stable,D,0
ba7727c3-87a0-427c-9f83-7373838be65c,1,Mechanical Engineering,300,87.9,3.5,3.66,36.7,44.4,,84.7,0.0,stable,A,0
ba7727c3-87a0-427c-9f83-7373838be65c,2,Mechanical Engineering,300,100.0,10.2,3.09,32.9,38.5,84.7,76.0,-8.7,declining,A,0
921a3f56-c961-4bcc-b9dc-ca19adfe639e,1,Architecture,300,54.8,7.7,4.1,31.1,35.1,,68.7,0.0,stable,B,0
921a3f56-c961-4bcc-b9dc-ca19adfe639e,2,Architecture,300,80.1,19.5,3.06,36.2,60.0,68.7,97.9,29.2,improving,A,0
043dbad4-7831-4d62-b391-ecc1f09c9332,1,Biology,300,75.7,15.6,2.71,40.0,43.4,,82.5,0.0,stable,A,0
043dbad4-7831-4d62-b391-ecc1f09c9332,2,Biology,300,62.5,17.5,3.69,25.0,50.6,82.5,71.1,-11.4,declining,A,0
6ff5b868-dbd4-4049-8b32-9bf384801351,1,Political Science,300,77.8,14.3,4.37,26.7,31.1,,55.2,0.0,stable,C,0
6ff5b868-dbd4-4049-8b32-9bf384801351,2,Political Science,300,55.0,18.7,4.24,27.6,59.0,55.2,87.0,31.9,improving,A,0
8f3c0ad6-e9f5-425b-8a95-061cefa37e43,1,Psychology,200,73.6,10.3,2.75,22.0,40.5,,62.4,0.0,stable,B,0
8f3c0ad6-e9f5-425b-8a95-061cefa37e43,2,Psychology,200,86.2,12.5,2.87,27.9,40.4,62.4,70.5,8.1,improving,A,0
3eba76e3-73eb-42a9-b78d-d10984ba0ab1,1,Computer Engineering,100,57.8,12.4,3.19,23.0,34.4,,58.0,0.0,stable,C,0
3eba76e3-73eb-42a9-b78d-d10984ba0ab1,2,Computer Engineering,100,58.0,13.7,2.28,31.9,60.0,58.0,89.3,31.3,improving,A,0
3212afe1-9ccc-4936-9eb4-bf25fd1c1624,1,Business Administration,100,83.0,8.4,3.83,25.3,43.4,,66.1,0.0,stable,B,0
3212afe1-9ccc-4936-9eb4-bf25fd1c1624,2,Business Administration,100,71.9,6.8,3.66,25.2,42.7,66.1,66.9,0.8,stable,B,0
817c50a9-9ed8-490b-a8cc-466c6b952a57,1,Medicine,200,73.3,12.7,2.39,30.7,54.2,,82.6,0.0,stable,A,0
817c50a9-9ed8-490b-a8cc-466c6b952a57,2,Medicine,200,92.6,19.5,2.35,26.2,46.6,82.6,71.2,-11.3,declining,A,0
0f614a69-6bf0-48ae-b311-3c175fd975a6,1,Business Administration,100,100.0,12.2,2.36,29.3,49.3,,76.9,0.0,stable,A,0
0f614a69-6bf0-48ae-b311-3c175fd975a6,2,Business Administration,100,75.7,16.8,2.61,29.9,42.0,76.9,74.0,-2.9,stable,A,0
a7a32685-637f-47d2-88d0-97ebe66f258f,1,Biology,300,83.9,10.9,3.05,29.9,24.1,,54.8,0.0,stable,C,0
a7a32685-637f-47d2-88d0-97ebe66f258f,2,Biology,300,100.0,7.6,2.38,30.6,42.4,54.8,74.4,19.6,improving,A,0
550adbf6-e8d4-4f86-b2a1-e4b255b4fe8d,1,Electrical Engineering,200,72.6,7.4,3.07,21.7,37.9,,62.2,0.0,stable,B,0
550adbf6-e8d4-4f86-b2a1-e4b255b4fe8d,2,Electrical Engineering,200,56.2,4.3,4.26,23.2,48.0,62.2,70.7,8.5,improving,A,0
14231885-e47f-488a-a20d-8afbbde0e232,1,Computer Science,100,72.6,14.2,2.29,30.2,35.9,,62.1,0.0,stable,B,0
14231885-e47f-488a-a20d-8afbbde0e232,2,Computer Science,100,80.1,10.7,2.87,25.0,54.3,62.1,81.9,19.8,improving,A,0
53f9a2ee-266b-4990-80c9-a0c387f7cb28,1,Economics,200,89.5,10.5,1.62,40.0,35.1,,72.9,0.0,stable,A,0
53f9a2ee-266b-4990-80c9-a0c387f7cb28,2,Economics,200,81.3,17.8,2.98,37.6,54.5,72.9,88.9,16.1,improving,A,0
a9b7a733-62d2-4710-b75f-a283c3c4cd5a,1,Biology,100,64.9,16.8,0.83,27.2,24.3,,50.1,0.0,stable,C,0
a9b7a733-62d2-4710-b75f-a283c3c4cd5a,2,Biology,100,70.5,10.2,2.56,23.6,60.0,50.1,89.2,39.1,improving,A,0
3a92bd48-390b-4b11-a634-5817cd25be76,1,Sociology,200,57.6,19.9,2.68,27.2,43.9,,69.1,0.0,stable,B,0
3a92bd48-390b-4b11-a634-5817cd25be76,2,Sociology,200,89.8,12.6,2.62,26.4,30.3,69.1,51.8,-17.3,declining,C,0
da2c2d81-1f65-4a96-b257-0206750cfb8e,1,Computer Engineering,100,75.2,6.0,2.79,36.9,46.9,,83.7,0.0,stable,A,0
da2c2d81-1f65-4a96-b257-0206750cfb8e,2,Computer Engineering,100,73.7,21.4,3.42,28.1,32.9,83.7,62.1,-21.5,declining,B,0
fec1e2e3-cd23-400a-aa01-779b610ece1d,1,Psychology,200,87.4,8.8,3.23,30.7,35.9,,59.1,0.0,stable,C,0
fec1e2e3-cd23-400a-aa01-779b610ece1d,2,Psychology,200,71.7,16.8,2.49,29.6,34.5,59.1,65.1,6.0,improving,B,0
78a11c45-8dcb-46de-9c78-9ba5d2b6ec57,1,Architecture,400,71.8,7.3,4.07,34.0,32.3,,67.8,0.0,stable,B,0
78a11c45-8dcb-46de-9c78-9ba5d2b6ec57,2,Architecture,400,83.1,15.2,1.64,36.6,33.5,67.8,69.0,1.2,stable,B,0
6784be96-a9ce-4d37-86a5-758c9a69965d,1,Architecture,300,100.0,13.5,2.69,24.0,53.9,,73.9,0.0,stable,A,0
6784be96-a9ce-4d37-86a5-758c9a69965d,2,Architecture,300,59.9,10.3,4.13,30.9,39.1,73.9,70.9,-3.0,stable,A,0
b52e7708-269b-4774-bece-c70be8e02842,1,Electrical Engineering,100,66.0,12.7,3.06,33.0,49.9,,84.4,0.0,stable,A,0
b52e7708-269b-4774-bece-c70be8e02842,2,Electrical Engineering,100,69.6,15.7,2.93,23.5,38.0,84.4,61.8,-22.6,declining,B,0
f52ff783-88fc-4bd9-a95a-8df94b34e236,1,Business Administration,200,88.7,11.1,2.03,33.0,38.1,,71.7,0.0,stable,A,0
f52ff783-88fc-4bd9-a95a-8df94b34e236,2,Business Administration,200,88.8,17.1,2.52,29.7,31.9,71.7,63.6,-8.1,declining,B,0
8abaed14-6ca2-432d-b083-23c750541d1b,1,Computer Engineering,100,96.7,10.4,2.81,40.0,43.1,,84.4,0.0,stable,A,0
8abaed14-6ca2-432d-b083-23c750541d1b,2,Computer Engineering,100,57.1,15.4,2.26,20.8,37.0,84.4,56.0,-28.4,declining,C,0
37f268be-c42d-4124-917f-1d094cec3477,1,Law,400,71.7,4.8,3.77,35.0,16.5,,54.4,0.0,stable,C,0
37f268be-c42d-4124-917f-1d094cec3477,2,Law,400,62.8,16.3,2.95,27.7,40.7,54.4,72.0,17.6,improving,A,0
a05ee26f-e9e2-48db-8a0f-5164ecf6ed41,1,Computer Engineering,300,56.4,15.0,3.88,29.9,60.0,,88.3,0.0,stable,A,0
a05ee26f-e9e2-48db-8a0f-5164ecf6ed41,2,Computer Engineering,300,89.4,11.5,3.99,32.8,37.3,88.3,74.0,-14.2,declining,A,0
741fbc8c-efd1-4dea-a683-521095e928d3,1,Sociology,300,67.6,4.9,2.59,31.6,47.6,,79.6,0.0,stable,A,0
741fbc8c-efd1-4dea-a683-521095e928d3,2,Sociology,300,94.8,5.2,2.65,32.5,32.9,79.6,65.6,-13.9,declining,B,0
bc50b9f2-3607-4eaf-87ee-00f75f944d3b,1,Computer Science,100,85.4,9.8,3.11,31.8,28.9,,60.5,0.0,stable,B,0
bc50b9f2-3607-4eaf-87ee-00f75f944d3b,2,Computer Science,100,72.8,11.2,3.03,29.9,34.7,60.5,68.5,8.0,improving,B,0
145954ca-0f7d-4258-9f5a-15ed0a7ab527,1,Electrical Engineering,300,57.5,8.4,5.0,21.3,27.5,,51.0,0.0,stable,C,0
145954ca-0f7d-4258-9f5a-15ed0a7ab527,2,Electrical Engineering,300,43.8,10.8,4.72,16.0,22.3,51.0,33.9,-17.1,declining,F,1
1824ab52-ffb9-4065-923c-1a40c12a6285,1,Business Administration,100,88.5,17.6,2.59,36.1,56.7,,98.1,0.0,stable,A,0
1824ab52-ffb9-4065-923c-1a40c12a6285,2,Business Administration,100,71.3,0.5,2.34,27.1,27.4,98.1,54.0,-44.1,declining,C,0
b509667d-64e5-46a8-904e-d0cee90c3097,1,Mechanical Engineering,100,91.8,18.4,2.86,38.8,47.4,,86.5,0.0,stable,A,0
b509667d-64e5-46a8-904e-d0cee90c3097,2,Mechanical Engineering,100,88.6,12.4,4.65,25.5,38.0,86.5,63.1,-23.3,declining,B,0
2bb15796-c9d6-40b1-a8dc-54a82ad4b529,1,Economics,200,81.6,18.3,2.98,24.2,52.5,,79.0,0.0,stable,A,0
2bb15796-c9d6-40b1-a8dc-54a82ad4b529,2,Economics,200,45.9,12.0,1.73,20.9,28.0,79.0,51.3,-27.7,declining,C,1
77e77c21-35d6-47a7-9464-2b8ef4ddbde8,1,Psychology,300,76.8,5.6,3.7,23.2,39.7,,60.4,0.0,stable,B,0
77e77c21-35d6-47a7-9464-2b8ef4ddbde8,2,Psychology,300,69.5,14.5,3.42,35.6,41.4,60.4,77.9,17.5,improving,A,0
d1c27bb9-b5de-4527-817d-98c89d5c142c,1,Political Science,300,68.4,12.9,3.35,28.2,22.9,,52.1,0.0,stable,C,0
d1c27bb9-b5de-4527-817d-98c89d5c142c,2,Political Science,300,80.5,8.6,1.97,38.5,40.0,52.1,77.8,25.7,improving,A,0
f9f80ed7-82fa-41a2-b5b0-335e2db61719,1,Mechanical Engineering,300,57.9,7.9,4.04,27.3,33.2,,62.0,0.0,stable,B,0
f9f80ed7-82fa-41a2-b5b0-335e2db61719,2,Mechanical Engineering,300,62.8,19.5,4.08,25.2,40.8,62.0,58.2,-3.8,stable,C,0
789227ad-fc17-4b83-8c74-aad93f2c24d1,1,Law,400,52.8,5.3,3.11,23.9,21.6,,44.6,0.0,stable,F,1
789227ad-fc17-4b83-8c74-aad93f2c24d1,2,Law,400,82.6,14.6,1.48,30.9,24.6,44.6,58.2,13.5,improving,C,0
e0ecd599-dfe5-4941-b9cc-7826f7353fb9,1,Biochemistry,200,86.8,7.5,2.39,30.0,12.6,,43.7,0.0,stable,F,1
e0ecd599-dfe5-4941-b9cc-7826f7353fb9,2,Biochemistry,200,70.9,16.9,2.12,26.1,26.2,43.7,49.3,5.6,improving,D,0
d82791df-febe-460f-8394-786a5158fced,1,Business Administration,300,57.3,17.0,2.44,27.1,38.2,,61.5,0.0,stable,B,0
d82791df-febe-460f-8394-786a5158fced,2,Business Administration,300,72.5,15.0,2.03,33.5,31.3,61.5,63.4,1.9,stable,B,0
723bea7b-31a4-44b2-a717-307b4a2b012c,1,Law,300,83.0,8.7,3.03,30.0,38.6,,61.4,0.0,stable,B,0
723bea7b-31a4-44b2-a717-307b4a2b012c,2,Law,300,47.6,15.1,3.83,20.0,41.0,61.4,61.8,0.4,stable,B,1
73d542fb-bec8-4f51-bf5c-b1a636b791db,1,Psychology,300,85.4,1.9,2.29,30.4,37.9,,75.9,0.0,stable,A,0
73d542fb-bec8-4f51-bf5c-b1a636b791db,2,Psychology,300,71.6,5.0,3.32,35.9,36.3,75.9,69.5,-6.4,declining,B,0
6b2500ae-c4f1-4c33-8cbc-e9a09d5e9b43,1,Computer Science,300,89.4,15.3,2.18,34.8,50.3,,88.6,0.0,stable,A,0
6b2500ae-c4f1-4c33-8cbc-e9a09d5e9b43,2,Computer Science,300,74.0,10.2,3.98,23.7,44.6,88.6,64.3,-24.3,declining,B,0
f1810189-a829-4251-b29a-8b51a74e1682,1,Biology,100,91.0,10.7,4.01,35.7,28.4,,68.4,0.0,stable,B,0
f1810189-a829-4251-b29a-8b51a74e1682,2,Biology,100,98.3,16.4,2.39,33.1,43.0,68.4,74.0,5.6,improving,A,0
90c99722-e512-4311-a42d-11630a73b05c,1,Political Science,100,100.0,12.7,0.84,36.7,32.3,,68.8,0.0,stable,B,0
90c99722-e512-4311-a42d-11630a73b05c,2,Political Science,100,69.5,16.0,3.9,30.3,40.9,68.8,71.0,2.3,stable,A,0
7da94ab9-c4e8-431b-9502-dabc95f1c6fd,1,Sociology,100,75.3,8.0,3.46,32.4,53.0,,89.2,0.0,stable,A,0
7da94ab9-c4e8-431b-9502-dabc95f1c6fd,2,Sociology,100,64.7,16.1,2.24,31.4,35.8,89.2,64.2,-25.0,declining,B,0
a6544e6d-76ba-4a3d-b6a1-c22413439293,1,Business Administration,300,79.2,0.0,1.6,30.0,29.0,,57.9,0.0,stable,C,0
a6544e6d-76ba-4a3d-b6a1-c22413439293,2,Business Administration,300,51.3,7.9,3.31,28.2,37.1,57.9,68.8,10.9,improving,B,0
6676c7ec-dc47-40e4-bd22-837163847e8e,1,Computer Engineering,100,81.0,8.3,2.78,24.2,35.4,,62.9,0.0,stable,B,0
6676c7ec-dc47-40e4-bd22-837163847e8e,2,Computer Engineering,100,85.3,19.0,2.76,38.8,42.2,62.9,85.4,22.5,improving,A,0
736fad43-3d58-4675-b354-ff00c154b95d,1,Mechanical Engineering,100,74.7,15.5,4.18,29.0,46.6,,79.5,0.0,stable,A,0
736fad43-3d58-4675-b354-ff00c154b95d,2,Mechanical Engineering,100,73.0,5.4,4.71,27.3,39.9,79.5,70.6,-8.9,declining,A,0
529d3fa8-d299-4dd8-9870-b6650441264d,1,Economics,100,65.9,7.0,3.2,19.2,33.5,,53.4,0.0,stable,C,0
529d3fa8-d299-4dd8-9870-b6650441264d,2,Economics,100,71.0,4.3,4.28,29.7,50.9,53.4,79.8,26.4,improving,A,0
69786134-f483-4b98-bb57-bf7add82c907,1,Electrical Engineering,100,61.8,13.3,2.83,21.5,54.9,,74.5,0.0,stable,A,0
69786134-f483-4b98-bb57-bf7add82c907,2,Electrical Engineering,100,47.4,18.6,2.6,21.4,25.9,74.5,52.5,-22.0,declining,C,1
57970f6a-a9d5-4758-9971-3f25beb9fccd,1,Law,400,55.7,12.3,3.73,28.2,40.6,,63.8,0.0,stable,B,0
57970f6a-a9d5-4758-9971-3f25beb9fccd,2,Law,400,62.9,12.9,2.37,28.6,45.8,63.8,77.3,13.5,improving,A,0
7f44ca50-55f6-4663-a6e6-4b353be37bba,1,Biology,300,56.6,23.0,3.61,26.3,59.5,,92.9,0.0,stable,A,0
7f44ca50-55f6-4663-a6e6-4b353be37bba,2,Biology,300,53.4,10.9,1.1,26.6,38.6,92.9,65.1,-27.8,declining,B,0
c152055b-942c-4384-bd14-a966dc63eb10,1,Architecture,300,65.2,1.8,3.3,35.3,26.9,,63.6,0.0,stable,B,0
c152055b-942c-4384-bd14-a966dc63eb10,2,Architecture,300,51.5,14.3,2.69,21.5,33.0,63.6,53.3,-10.3,declining,C,0
0ce0b1ae-3f33-4395-8da1-8bf86d60a438,1,Computer Science,100,80.7,5.4,2.68,30.9,23.3,,59.6,0.0,stable,C,0
0ce0b1ae-3f33-4395-8da1-8bf86d60a438,2,Computer Science,100,62.2,8.7,2.22,36.4,41.1,59.6,74.8,15.2,improving,A,0
21452cc1-c43f-4773-b968-f17704f70943,1,Business Administration,300,91.6,13.0,3.21,31.6,33.2,,65.8,0.0,stable,B,0
21452cc1-c43f-4773-b968-f17704f70943,2,Business Administration,300,66.8,21.1,1.98,36.0,42.9,65.8,79.9,14.0,improving,A,0
928bf5a9-f98a-44d2-9cd5-86d965c70ebc,1,Business Administration,300,87.5,8.8,3.69,19.0,31.5,,47.7,0.0,stable,D,0
928bf5a9-f98a-44d2-9cd5-86d965c70ebc,2,Business Administration,300,56.2,10.9,3.31,29.8,41.8,47.7,69.6,21.9,improving,B,0
654fcaf6-7126-4bca-8d74-701731fa6874,1,Accounting,200,80.5,12.6,3.75,35.0,41.8,,74.1,0.0,stable,A,0
654fcaf6-7126-4bca-8d74-701731fa6874,2,Accounting,200,65.2,9.3,2.75,29.4,44.3,74.1,73.5,-0.6,stable,A,0
e0461837-fc93-4d08-a9d1-eb67700d123d,1,Computer Engineering,300,75.2,12.7,2.59,25.4,21.7,,45.0,0.0,stable,D,0
e0461837-fc93-4d08-a9d1-eb67700d123d,2,Computer Engineering,300,82.1,8.5,2.81,33.8,41.9,45.0,72.4,27.4,improving,A,0
81e3f586-aa98-47d1-baad-050efbd044c4,1,Mechanical Engineering,200,90.0,17.6,2.1,28.9,53.7,,82.1,0.0,stable,A,0
81e3f586-aa98-47d1-baad-050efbd044c4,2,Mechanical Engineering,200,41.7,5.0,2.8,17.5,30.0,82.1,47.7,-34.5,declining,D,1
37981524-d7a9-4816-a4d5-36859318bdb3,1,Political Science,300,96.9,10.5,3.86,40.0,54.6,,95.4,0.0,stable,A,0
37981524-d7a9-4816-a4d5-36859318bdb3,2,Political Science,300,45.6,14.3,3.84,23.7,60.0,95.4,86.3,-9.2,declining,A,1
1e62303f-5e17-4f08-a59b-6eda0a6db434,1,Psychology,300,83.5,17.4,3.27,19.2,39.0,,61.8,0.0,stable,B,0
1e62303f-5e17-4f08-a59b-6eda0a6db434,2,Psychology,300,62.9,10.9,2.16,36.5,53.9,61.8,87.8,25.9,improving,A,0
803783bf-4302-4a43-95b9-eac81fe1b07b,1,Political Science,100,77.2,8.6,3.49,33.0,46.2,,80.2,0.0,stable,A,0
803783bf-4302-4a43-95b9-eac81fe1b07b,2,Political Science,100,100.0,6.9,1.63,33.0,17.5,80.2,46.0,-34.2,declining,D,0
08146ce2-4a7d-45d4-b860-f6ba23dcf6d8,1,Law,100,60.0,7.4,2.24,29.6,29.7,,58.7,0.0,stable,C,0
08146ce2-4a7d-45d4-b860-f6ba23dcf6d8,2,Law,100,88.4,8.2,2.79,34.5,17.0,58.7,44.4,-14.4,declining,F,1
39b7f8c1-9e31-484c-8667-d49fbd4fbc78,1,Economics,100,80.2,14.5,4.65,31.8,52.8,,84.1,0.0,stable,A,0
39b7f8c1-9e31-484c-8667-d49fbd4fbc78,2,Economics,100,79.5,20.3,1.3,33.0,60.0,84.1,93.8,9.7,improving,A,0
df3aef56-9ac1-4158-ad0b-87c638b11faa,1,Sociology,100,99.8,8.9,2.97,35.1,15.1,,46.7,0.0,stable,D,0
df3aef56-9ac1-4158-ad0b-87c638b11faa,2,Sociology,100,58.5,16.1,3.7,28.3,52.1,46.7,80.0,33.3,improving,A,0
023e07ef-511b-4286-ac58-92864fe2d655,1,Biochemistry,200,93.0,12.0,3.05,32.3,46.5,,77.6,0.0,stable,A,0
023e07ef-511b-4286-ac58-92864fe2d655,2,Biochemistry,200,89.6,6.3,2.12,36.4,32.9,77.6,67.9,-9.7,declining,B,0
43f5efe8-223d-47ac-b980-06b798671677,1,Accounting,100,88.4,9.0,2.84,39.7,52.5,,96.9,0.0,stable,A,0
43f5efe8-223d-47ac-b980-06b798671677,2,Accounting,100,70.8,18.2,2.24,24.6,18.9,96.9,48.6,-48.3,declining,D,0
bf5f43e5-223f-4f66-9149-7d671608d70d,1,Computer Engineering,100,62.0,11.4,2.27,30.9,33.9,,60.9,0.0,stable,B,0
bf5f43e5-223f-4f66-9149-7d671608d70d,2,Computer Engineering,100,81.6,4.8,2.33,20.8,18.9,60.9,40.2,-20.7,declining,F,1
795ad156-d130-45b9-8228-995eb6932173,1,Electrical Engineering,200,45.5,4.6,3.0,21.4,54.2,,81.1,0.0,stable,A,1
795ad156-d130-45b9-8228-995eb6932173,2,Electrical Engineering,200,62.0,14.8,3.6,24.4,27.8,81.1,52.2,-28.9,declining,C,0
f3fe254c-09c8-4784-851e-860cda6210ca,1,Psychology,300,72.4,9.8,3.35,25.7,27.2,,53.3,0.0,stable,C,0
f3fe254c-09c8-4784-851e-860cda6210ca,2,Psychology,300,80.8,6.1,3.74,22.3,31.1,53.3,52.6,-0.7,stable,C,0
26364540-4821-4e58-bc67-1d2b9849d9b5,1,Accounting,300,65.5,9.2,4.5,23.8,60.0,,85.1,0.0,stable,A,0
26364540-4821-4e58-bc67-1d2b9849d9b5,2,Accounting,300,76.4,14.4,5.0,25.3,34.1,85.1,57.1,-28.0,declining,C,0
4689df4c-c774-4808-ae06-a6ca3204dc11,1,Biochemistry,200,75.5,3.4,3.02,38.6,35.0,,72.6,0.0,stable,A,0
4689df4c-c774-4808-ae06-a6ca3204dc11,2,Biochemistry,200,65.7,16.5,2.34,37.4,60.0,72.6,98.1,25.5,improving,A,0
11573e2c-b361-4591-a47e-c5c61492e7f8,1,Architecture,100,74.8,17.2,3.88,25.9,39.7,,61.7,0.0,stable,B,0
11573e2c-b361-4591-a47e-c5c61492e7f8,2,Architecture,100,81.1,15.3,1.92,29.0,26.3,61.7,52.6,-9.1,declining,C,0
2a0b641c-bb04-4890-a70b-189a344b1c88,1,Architecture,300,83.3,8.3,2.76,23.5,38.3,,61.7,0.0,stable,B,0
2a0b641c-bb04-4890-a70b-189a344b1c88,2,Architecture,300,64.1,11.1,3.14,23.7,24.4,61.7,53.6,-8.1,declining,C,0
054f2ee3-8f99-4db8-9640-d97c79f3218e,1,Biology,200,65.5,11.5,3.81,40.0,28.4,,69.7,0.0,stable,B,0
054f2ee3-8f99-4db8-9640-d97c79f3218e,2,Biology,200,64.4,9.3,2.42,22.2,36.1,69.7,53.9,-15.8,declining,C,0
e37010c8-d3e9-4204-a014-4a997b2641e6,1,Business Administration,300,89.2,12.3,3.34,30.5,36.8,,68.1,0.0,stable,B,0
e37010c8-d3e9-4204-a014-4a997b2641e6,2,Business Administration,300,57.5,10.2,2.31,22.1,15.8,68.1,41.9,-26.3,declining,F,1
39e3134e-40ab-4cae-8305-5c9a22e9b630,1,Economics,200,64.7,17.8,3.86,21.5,34.6,,63.7,0.0,stable,B,0
39e3134e-40ab-4cae-8305-5c9a22e9b630,2,Economics,200,100.0,11.8,3.21,31.8,44.2,63.7,73.9,10.1,improving,A,0
ae7766b7-3c1e-4386-a740-4e6736354d17,1,Architecture,100,44.5,5.4,3.02,18.2,34.2,,49.2,0.0,stable,D,1
ae7766b7-3c1e-4386-a740-4e6736354d17,2,Architecture,100,63.3,16.3,3.2,27.6,51.8,49.2,80.9,31.6,improving,A,0
eb8169a0-9ae6-4d21-abe2-c51be1346ade,1,Psychology,100,96.7,9.7,2.66,27.8,33.0,,63.7,0.0,stable,B,0
eb8169a0-9ae6-4d21-abe2-c51be1346ade,2,Psychology,100,94.5,16.8,1.56,39.3,21.7,63.7,63.8,0.1,stable,B,0
dea8c147-3b78-4040-ac44-262f1911799f,1,Biochemistry,200,69.5,15.5,1.93,34.8,25.3,,58.0,0.0,stable,C,0
dea8c147-3b78-4040-ac44-262f1911799f,2,Biochemistry,200,60.0,3.2,3.08,36.0,60.0,58.0,96.3,38.3,improving,A,0
36998b4d-f755-4236-af17-28206e08c616,1,Biology,200,91.8,13.2,3.4,31.6,43.1,,76.4,0.0,stable,A,0
36998b4d-f755-4236-af17-28206e08c616,2,Biology,200,66.3,11.6,2.95,32.4,28.5,76.4,60.8,-15.6,declining,B,0
c04f25a0-3d85-423a-800c-cc525cf78fbf,1,Psychology,200,100.0,17.8,4.08,35.1,49.1,,87.2,0.0,stable,A,0
c04f25a0-3d85-423a-800c-cc525cf78fbf,2,Psychology,200,98.4,2.2,1.95,40.0,27.7,87.2,65.7,-21.5,declining,B,0
1e38f76e-9cfd-4876-82b7-b6717acb12cb,1,Computer Science,100,56.2,9.2,1.88,36.7,35.1,,71.6,0.0,stable,A,0
1e38f76e-9cfd-4876-82b7-b6717acb12cb,2,Computer Science,100,83.8,16.8,3.76,37.1,38.2,71.6,74.5,2.8,stable,A,0
9a4a306f-c368-4dc5-b8c7-ed167eec13a8,1,Mechanical Engineering,300,86.5,9.4,3.0,34.3,45.5,,74.5,0.0,stable,A,0
9a4a306f-c368-4dc5-b8c7-ed167eec13a8,2,Mechanical Engineering,300,85.7,10.8,3.57,36.0,55.9,74.5,96.0,21.5,improving,A,0
fd270fbc-a4ba-4027-9822-0e94210ebfa7,1,Accounting,300,95.2,19.2,3.23,34.2,53.9,,90.3,0.0,stable,A,0
fd270fbc-a4ba-4027-9822-0e94210ebfa7,2,Accounting,300,70.4,14.0,2.97,24.8,53.9,90.3,78.8,-11.5,declining,A,0
d83d319a-5c00-4f85-9f9d-92b66bfc656b,1,Psychology,100,100.0,3.9,2.55,35.2,44.2,,80.6,0.0,stable,A,0
d83d319a-5c00-4f85-9f9d-92b66bfc656b,2,Psychology,100,79.7,6.4,2.07,32.5,20.1,80.6,51.0,-29.6,declining,C,0
1b60a196-3e5c-4bff-8f12-662a5fa7ab97,1,Political Science,300,82.5,7.1,4.28,37.6,22.9,,57.7,0.0,stable,C,0
1b60a196-3e5c-4bff-8f12-662a5fa7ab97,2,Political Science,300,40.7,8.1,3.61,21.1,42.6,57.7,59.1,1.4,stable,C,1
93356e37-7cbc-4d15-a3c7-9ac61eee0662,1,Accounting,200,87.0,9.2,3.01,31.9,24.9,,53.4,0.0,stable,C,0
93356e37-7cbc-4d15-a3c7-9ac61eee0662,2,Accounting,200,89.5,14.0,3.84,34.5,44.1,53.4,73.5,20.1,improving,A,0
1b0783d5-7db7-4a05-9f35-b7e3dd4a5345,1,Psychology,100,70.9,11.9,4.56,32.6,58.0,,92.4,0.0,stable,A,0
1b0783d5-7db7-4a05-9f35-b7e3dd4a5345,2,Psychology,100,64.3,12.6,3.19,23.2,36.5,92.4,59.1,-33.3,declining,C,0
2e0a48ea-896e-435f-aeba-8d9fa0b61b2d,1,Political Science,100,99.1,1.6,3.96,30.1,20.3,,54.0,0.0,stable,C,0
2e0a48ea-896e-435f-aeba-8d9fa0b61b2d,2,Political Science,100,86.0,18.3,3.64,40.0,50.9,54.0,90.5,36.4,improving,A,0
ff7201b1-21e4-4b10-999b-bddd1fff15aa,1,Architecture,400,80.1,18.2,2.38,27.8,39.7,,61.1,0.0,stable,B,0
ff7201b1-21e4-4b10-999b-bddd1fff15aa,2,Architecture,400,77.1,2.6,3.04,34.7,28.2,61.1,67.9,6.8,improving,B,0
7b11ab22-83ea-47ff-9211-a9fc0d4fd473,1,Biochemistry,200,53.1,18.0,3.54,17.0,60.0,,76.8,0.0,stable,A,0
7b11ab22-83ea-47ff-9211-a9fc0d4fd473,2,Biochemistry,200,61.8,5.0,2.82,26.7,35.2,76.8,61.1,-15.8,declining,B,0
6f973c17-e023-4201-9e85-c1aa62e7b689,1,Electrical Engineering,300,84.5,10.1,1.45,31.2,11.4,,43.6,0.0,stable,F,1
6f973c17-e023-4201-9e85-c1aa62e7b689,2,Electrical Engineering,300,60.3,12.8,4.05,22.3,52.9,43.6,73.9,30.3,improving,A,0
c3aff759-cfc7-4019-a30b-73f79fec00c2,1,Law,400,100.0,10.2,2.33,38.4,32.6,,68.5,0.0,stable,B,0
c3aff759-cfc7-4019-a30b-73f79fec00c2,2,Law,400,67.8,11.8,4.07,18.9,41.8,68.5,62.6,-5.9,declining,B,0
114a9f4c-2636-451c-a2cf-cd3429a9f83e,1,Computer Engineering,200,77.9,18.5,2.94,29.7,50.1,,80.0,0.0,stable,A,0
114a9f4c-2636-451c-a2cf-cd3429a9f83e,2,Computer Engineering,200,69.1,14.6,2.48,25.8,35.1,80.0,64.9,-15.1,declining,B,0
c3368fa9-92b9-424f-80a8-a78b1e899cc0,1,Medicine,400,26.7,14.0,3.03,11.9,44.1,,57.5,0.0,stable,C,1
c3368fa9-92b9-424f-80a8-a78b1e899cc0,2,Medicine,400,83.8,0.0,4.09,28.1,40.1,57.5,70.4,12.9,improving,A,0
bed1a1ed-d54b-4f84-91f6-09995d8123eb,1,Medicine,300,61.8,15.3,2.69,17.0,53.0,,67.7,0.0,stable,B,0
bed1a1ed-d54b-4f84-91f6-09995d8123eb,2,Medicine,300,62.2,10.0,3.22,27.2,44.0,67.7,67.2,-0.5,stable,B,0
e3d97187-fa02-4c55-9469-5eb2de8a0341,1,Sociology,100,63.9,11.4,4.52,27.2,53.0,,80.4,0.0,stable,A,0
e3d97187-fa02-4c55-9469-5eb2de8a0341,2,Sociology,100,67.7,10.8,2.87,31.6,52.2,80.4,84.8,4.4,stable,A,0
b6418b01-5844-4ca2-9d9c-96f5ec65c68c,1,Accounting,100,92.8,7.2,2.67,29.9,38.6,,67.5,0.0,stable,B,0
b6418b01-5844-4ca2-9d9c-96f5ec65c68c,2,Accounting,100,85.9,7.3,3.03,35.6,15.7,67.5,57.7,-9.8,declining,C,0
183b8ba1-b46e-4641-8daa-c8ddc97f3f1d,1,Medicine,400,70.8,1.9,3.13,29.3,31.8,,64.1,0.0,stable,B,0
183b8ba1-b46e-4641-8daa-c8ddc97f3f1d,2,Medicine,400,86.2,13.5,3.36,31.7,59.1,64.1,86.4,22.3,improving,A,0
a8349169-2d68-451f-b115-9aba24b6e54e,1,Biology,200,77.1,12.3,3.65,26.2,23.7,,50.3,0.0,stable,C,0
a8349169-2d68-451f-b115-9aba24b6e54e,2,Biology,200,79.2,19.4,1.98,36.6,60.0,50.3,95.5,45.1,improving,A,0
361cb871-42c9-4fa3-870e-d5ba8e9baefa,1,Business Administration,300,55.6,10.0,3.01,28.9,32.2,,65.8,0.0,stable,B,0
361cb871-42c9-4fa3-870e-d5ba8e9baefa,2,Business Administration,300,58.3,3.3,3.89,15.3,33.1,65.8,57.7,-8.1,declining,C,0
98912a1f-c3f9-47e9-a007-358d327a7f2d,1,Law,100,74.8,6.4,2.95,29.7,37.1,,68.8,0.0,stable,B,0
98912a1f-c3f9-47e9-a007-358d327a7f2d,2,Law,100,59.4,20.4,3.2,30.5,39.7,68.8,74.1,5.3,improving,A,0
d284a304-7fcb-4558-97a0-d83bba9324df,1,Architecture,100,71.1,13.4,2.25,24.2,46.0,,68.9,0.0,stable,B,0
d284a304-7fcb-4558-97a0-d83bba9324df,2,Architecture,100,62.2,8.8,3.56,24.3,37.2,68.9,61.6,-7.3,declining,B,0
c69a3cf8-ef7a-422b-bdba-eda6eb05cf6d,1,Medicine,300,46.2,4.6,3.27,20.6,45.4,,68.9,0.0,stable,B,1
c69a3cf8-ef7a-422b-bdba-eda6eb05cf6d,2,Medicine,300,85.8,21.1,2.93,35.4,40.1,68.9,82.9,14.0,improving,A,0
260cc5b0-7acb-4e18-89cb-3454ef3cc680,1,Medicine,100,100.0,12.1,3.31,40.0,38.8,,76.8,0.0,stable,A,0
260cc5b0-7acb-4e18-89cb-3454ef3cc680,2,Medicine,100,88.1,12.4,3.15,28.5,23.0,76.8,52.1,-24.7,declining,C,0
4cc07a6d-c39d-4e57-bdff-a13fd1a8d309,1,Political Science,200,88.6,10.9,4.15,29.2,30.5,,59.5,0.0,stable,C,0
4cc07a6d-c39d-4e57-bdff-a13fd1a8d309,2,Political Science,200,73.8,15.8,2.38,36.6,60.0,59.5,96.5,37.0,improving,A,0
cbbbcdd7-ace5-496b-a2ae-1fe2c852d8f7,1,Accounting,300,93.7,6.7,3.86,39.0,46.2,,85.1,0.0,stable,A,0
cbbbcdd7-ace5-496b-a2ae-1fe2c852d8f7,2,Accounting,300,30.7,8.8,2.5,16.2,37.5,85.1,52.5,-32.6,declining,C,1
1c2ee6bf-fad9-4788-83c3-bed2859adeca,1,Accounting,100,62.6,6.7,2.43,33.1,28.0,,59.6,0.0,stable,C,0
1c2ee6bf-fad9-4788-83c3-bed2859adeca,2,Accounting,100,68.1,13.7,3.36,13.4,51.7,59.6,69.4,9.8,improving,B,0
f4dbd24b-0795-4143-826c-bc981944c7a0,1,Sociology,300,59.2,7.1,2.64,23.1,37.6,,54.8,0.0,stable,C,0
f4dbd24b-0795-4143-826c-bc981944c7a0,2,Sociology,300,58.2,19.7,2.26,32.9,47.1,54.8,74.6,19.7,improving,A,0
58e8083e-6349-442f-931c-2afcc87107f9,1,Architecture,400,84.5,11.4,2.64,33.1,43.2,,78.4,0.0,stable,A,0
58e8083e-6349-442f-931c-2afcc87107f9,2,Architecture,400,92.7,14.0,1.9,31.2,60.0,78.4,93.3,14.9,improving,A,0
37eba95a-1f0b-44ee-956a-4b3c991561d4,1,Computer Science,100,100.0,19.0,3.19,36.5,44.6,,75.9,0.0,stable,A,0
37eba95a-1f0b-44ee-956a-4b3c991561d4,2,Computer Science,100,75.3,18.1,2.52,32.1,51.5,75.9,80.8,5.0,stable,A,0
0120e3c0-6119-46d7-91f5-74e596963912,1,Economics,200,68.2,6.9,2.34,22.2,25.6,,52.1,0.0,stable,C,0
0120e3c0-6119-46d7-91f5-74e596963912,2,Economics,200,61.3,12.6,2.6,33.1,52.3,52.1,88.1,36.0,improving,A,0
1ad352e6-f9bb-454d-b743-b51aef74908b,1,Psychology,200,79.6,10.8,2.05,40.0,29.2,,71.2,0.0,stable,A,0
1ad352e6-f9bb-454d-b743-b51aef74908b,2,Psychology,200,90.9,9.2,3.83,37.0,56.5,71.2,92.1,20.9,improving,A,0
47f81b80-a78a-40b9-99f6-823e22718569,1,Sociology,200,55.7,9.5,3.17,26.4,34.2,,54.9,0.0,stable,C,0
47f81b80-a78a-40b9-99f6-823e22718569,2,Sociology,200,82.1,21.9,3.37,34.5,53.1,54.9,88.7,33.9,improving,A,0
40ec488c-5547-4ac0-8c56-64a8809f9e95,1,Political Science,100,89.0,14.0,2.75,28.8,38.0,,67.8,0.0,stable,B,0
40ec488c-5547-4ac0-8c56-64a8809f9e95,2,Political Science,100,70.3,13.6,3.35,33.2,54.2,67.8,87.7,19.9,improving,A,0
8c6e2b19-3e79-4c23-a540-b8d3d1037fc9,1,Mechanical Engineering,200,55.4,10.3,3.04,16.9,52.3,,69.6,0.0,stable,B,0
8c6e2b19-3e79-4c23-a540-b8d3d1037fc9,2,Mechanical Engineering,200,80.7,18.8,2.5,34.0,42.3,69.6,75.8,6.2,improving,A,0
27898103-de20-45ec-8214-7a9d9e192949,1,Economics,100,63.4,20.3,2.7,31.2,26.2,,60.9,0.0,stable,B,0
27898103-de20-45ec-8214-7a9d9e192949,2,Economics,100,90.8,12.5,2.82,35.2,60.0,60.9,89.9,29.0,improving,A,0
5d6ce338-3571-4204-a15f-3ece633edc82,1,Biochemistry,200,86.7,7.4,2.98,31.1,32.0,,63.1,0.0,stable,B,0
5d6ce338-3571-4204-a15f-3ece633edc82,2,Biochemistry,200,58.0,17.1,1.56,29.3,37.1,63.1,62.9,-0.2,stable,B,0
34b4b67c-22e4-4963-b75f-be62af086448,1,Architecture,400,78.0,4.2,3.03,23.5,38.7,,59.4,0.0,stable,C,0
34b4b67c-22e4-4963-b75f-be62af086448,2,Architecture,400,68.2,13.5,2.38,28.4,24.2,59.4,54.5,-4.9,stable,C,0
a9dc50ea-113f-40fb-a337-86496928a0e4,1,Computer Engineering,100,100.0,26.0,3.07,38.9,31.9,,75.3,0.0,stable,A,0
a9dc50ea-113f-40fb-a337-86496928a0e4,2,Computer Engineering,100,86.6,9.6,3.99,31.1,35.2,75.3,67.7,-7.6,declining,B,0
e38e542e-42fe-4c59-8ec1-2a68e49c8c86,1,Sociology,300,59.0,17.1,2.16,21.6,32.4,,56.3,0.0,stable,C,0
e38e542e-42fe-4c59-8ec1-2a68e49c8c86,2,Sociology,300,65.7,5.3,2.52,28.0,22.0,56.3,46.5,-9.8,declining,D,0
70723fcd-251c-403c-a7d3-d60dcaa52409,1,Political Science,100,100.0,7.7,2.74,33.2,31.8,,66.8,0.0,stable,B,0
70723fcd-251c-403c-a7d3-d60dcaa52409,2,Political Science,100,89.2,10.5,2.01,39.2,35.5,66.8,80.0,13.2,improving,A,0
fb9cdcf3-a745-42e0-88cb-482a176bce2e,1,Biology,100,41.3,13.0,4.53,21.5,41.1,,63.5,0.0,stable,B,1
fb9cdcf3-a745-42e0-88cb-482a176bce2e,2,Biology,100,66.6,10.4,2.73,25.2,50.2,63.5,76.8,13.3,improving,A,0
e8ed058c-f891-49f7-b9c4-8c70103a82a7,1,Business Administration,300,78.8,16.0,2.79,26.9,36.0,,62.9,0.0,stable,B,0
e8ed058c-f891-49f7-b9c4-8c70103a82a7,2,Business Administration,300,59.1,9.5,2.59,37.4,9.2,62.9,46.1,-16.8,declining,D,0
62a7cf68-238d-4dae-8661-835768460d45,1,Computer Science,300,100.0,12.6,3.6,35.5,34.5,,63.3,0.0,stable,B,0
62a7cf68-238d-4dae-8661-835768460d45,2,Computer Science,300,78.1,8.1,2.36,28.1,53.0,63.3,88.3,25.0,improving,A,0
45a515f5-7301-4d1d-b067-a24727ba51d7,1,Law,100,78.3,9.7,2.06,33.0,53.9,,86.1,0.0,stable,A,0
45a515f5-7301-4d1d-b067-a24727ba51d7,2,Law,100,39.3,15.4,3.79,14.9,45.3,86.1,61.6,-24.5,declining,B,1
c7631f11-e821-4a24-bbfc-2521ff57d9a1,1,Mechanical Engineering,100,73.9,8.0,3.81,27.8,23.5,,45.1,0.0,stable,D,0
c7631f11-e821-4a24-bbfc-2521ff57d9a1,2,Mechanical Engineering,100,93.9,15.1,3.07,31.6,36.6,45.1,65.0,19.8,improving,B,0
541b41c8-42cc-40c4-b2c2-ce1ea90c056f,1,Architecture,100,68.5,1.4,2.41,27.2,36.9,,64.0,0.0,stable,B,0
541b41c8-42cc-40c4-b2c2-ce1ea90c056f,2,Architecture,100,86.9,18.7,3.85,34.7,46.2,64.0,78.0,14.0,improving,A,0
27097ed1-27d3-42a4-b1bc-d7f820f88369,1,Sociology,100,86.1,20.4,3.27,40.0,30.9,,67.4,0.0,stable,B,0
27097ed1-27d3-42a4-b1bc-d7f820f88369,2,Sociology,100,87.8,13.3,4.05,32.5,33.9,67.4,65.8,-1.6,stable,B,0
a3303d90-bfa7-4346-aaca-33566d85ab42,1,Architecture,300,52.0,6.4,3.78,29.8,40.7,,65.3,0.0,stable,B,0
a3303d90-bfa7-4346-aaca-33566d85ab42,2,Architecture,300,69.6,5.9,3.94,26.0,26.2,65.3,52.3,-13.0,declining,C,0
18fcb9ab-4cbe-4d6d-bdc4-33b4a83aa22b,1,Economics,300,65.4,19.4,2.41,21.1,22.2,,43.2,0.0,stable,F,1
18fcb9ab-4cbe-4d6d-bdc4-33b4a83aa22b,2,Economics,300,66.6,4.9,3.95,31.7,36.1,43.2,71.8,28.7,improving,A,0
615e052a-8e12-4271-8319-98f525af9c53,1,Business Administration,200,84.9,7.9,2.17,36.1,38.9,,75.5,0.0,stable,A,0
615e052a-8e12-4271-8319-98f525af9c53,2,Business Administration,200,62.3,15.0,2.4,27.0,55.0,75.5,80.0,4.5,stable,A,0
ba8387c8-e691-4351-bf12-1e41aa037587,1,Accounting,200,51.4,6.7,3.8,26.6,36.1,,61.1,0.0,stable,B,0
ba8387c8-e691-4351-bf12-1e41aa037587,2,Accounting,200,82.3,7.8,3.24,27.8,28.1,61.1,53.9,-7.2,declining,C,0
75dd6fbd-bf71-483b-8b50-77db798c5788,1,Architecture,200,69.4,11.8,3.19,10.4,31.7,,41.0,0.0,stable,F,1
75dd6fbd-bf71-483b-8b50-77db798c5788,2,Architecture,200,97.6,6.6,3.13,40.0,22.8,41.0,64.0,23.1,improving,B,0
9e91fcd1-230c-43df-94d3-73af10d26e60,1,Architecture,200,63.0,9.5,2.36,23.9,60.0,,86.5,0.0,stable,A,0
9e91fcd1-230c-43df-94d3-73af10d26e60,2,Architecture,200,91.5,14.5,1.71,35.3,49.5,86.5,82.2,-4.3,stable,A,0
e6165bf7-76de-4104-86eb-ebb41e1efd45,1,Law,200,89.5,15.5,4.48,30.8,34.1,,63.8,0.0,stable,B,0
e6165bf7-76de-4104-86eb-ebb41e1efd45,2,Law,200,96.5,2.9,1.35,34.8,25.3,63.8,60.1,-3.7,stable,B,0
58cb0913-0277-48f1-8d10-bc04e6db3e86,1,Biochemistry,300,89.2,9.2,1.5,40.0,24.6,,61.5,0.0,stable,B,0
58cb0913-0277-48f1-8d10-bc04e6db3e86,2,Biochemistry,300,91.6,10.1,2.95,35.7,48.9,61.5,83.7,22.2,improving,A,0
e36cb67c-a2e5-429f-8509-1a5655ec7f0c,1,Economics,300,97.8,1.3,3.61,30.4,46.9,,77.7,0.0,stable,A,0
e36cb67c-a2e5-429f-8509-1a5655ec7f0c,2,Economics,300,64.9,15.3,3.71,31.2,33.1,77.7,62.8,-14.9,declining,B,0
f0799ab5-e6d2-40b1-9c23-8c3c7a299be1,1,Biochemistry,100,74.9,11.8,3.6,19.9,44.0,,63.0,0.0,stable,B,0
f0799ab5-e6d2-40b1-9c23-8c3c7a299be1,2,Biochemistry,100,62.4,8.3,2.83,9.5,29.6,63.0,36.4,-26.6,declining,F,1
07f98f90-6aad-4a68-b20c-eed6d2e4b6fe,1,Accounting,100,83.0,8.0,2.83,39.3,46.3,,88.3,0.0,stable,A,0
07f98f90-6aad-4a68-b20c-eed6d2e4b6fe,2,Accounting,100,67.5,14.7,2.81,27.5,45.2,88.3,71.0,-17.3,declining,A,0
91d2456b-9d42-4a4e-8191-4146635b33f0,1,Business Administration,200,97.4,11.2,3.49,40.0,50.3,,86.1,0.0,stable,A,0
91d2456b-9d42-4a4e-8191-4146635b33f0,2,Business Administration,200,81.7,16.3,3.71,25.8,37.5,86.1,66.2,-19.9,declining,B,0
c18db369-c3ff-4a96-a118-44012b33da7f,1,Medicine,300,63.6,10.5,4.26,27.5,33.8,,58.6,0.0,stable,C,0
c18db369-c3ff-4a96-a118-44012b33da7f,2,Medicine,300,80.0,5.3,2.8,32.7,47.4,58.6,82.1,23.5,improving,A,0
73b946a8-3f70-4d98-8312-2a8908f37752,1,Accounting,100,64.3,17.9,2.76,21.7,41.6,,67.6,0.0,stable,B,0
73b946a8-3f70-4d98-8312-2a8908f37752,2,Accounting,100,77.5,12.1,4.31,23.3,29.4,67.6,47.9,-19.7,declining,D,0
1cd2d8e6-4a5e-489e-be54-e0ec99c69510,1,Business Administration,300,80.6,12.8,4.23,32.3,38.6,,70.9,0.0,stable,A,0
1cd2d8e6-4a5e-489e-be54-e0ec99c69510,2,Business Administration,300,76.8,3.6,5.0,33.0,39.7,70.9,74.5,3.6,stable,A,0
07a5f634-566c-4c8e-9711-594d912c200e,1,Business Administration,300,85.6,11.3,2.5,35.1,41.9,,74.6,0.0,stable,A,0
07a5f634-566c-4c8e-9711-594d912c200e,2,Business Administration,300,96.3,13.5,3.58,40.0,42.0,74.6,83.0,8.3,improving,A,0
e19af394-d10f-47e5-8243-7e9af9a5ee6a,1,Psychology,300,87.2,8.4,3.04,33.1,27.5,,67.5,0.0,stable,B,0
e19af394-d10f-47e5-8243-7e9af9a5ee6a,2,Psychology,300,53.9,5.5,4.05,29.3,26.8,67.5,57.9,-9.6,declining,C,0
00c21d1b-2cc6-4303-bf54-a2923fdaa4d2,1,Architecture,200,97.0,11.8,5.0,25.8,50.4,,79.7,0.0,stable,A,0
00c21d1b-2cc6-4303-bf54-a2923fdaa4d2,2,Architecture,200,88.4,11.0,2.77,34.9,46.5,79.7,83.2,3.6,stable,A,0
46a58402-6b3e-4a75-adf4-eca1b2459b5a,1,Architecture,400,90.6,6.9,2.82,28.4,31.7,,63.2,0.0,stable,B,0
46a58402-6b3e-4a75-adf4-eca1b2459b5a,2,Architecture,400,76.6,25.0,3.15,30.6,50.3,63.2,79.0,15.8,improving,A,0
7f63917e-49a1-45f5-b364-2675e7b49e0f,1,Medicine,300,74.1,17.6,3.09,25.9,34.5,,59.0,0.0,stable,C,0
7f63917e-49a1-45f5-b364-2675e7b49e0f,2,Medicine,300,76.1,18.0,1.93,28.6,43.1,59.0,66.3,7.2,improving,B,0
3ebc9764-b504-4007-9928-152a5ebd79b7,1,Economics,300,62.5,8.6,2.36,28.5,34.3,,61.1,0.0,stable,B,0
3ebc9764-b504-4007-9928-152a5ebd79b7,2,Economics,300,81.4,20.6,4.31,21.7,54.1,61.1,75.3,14.2,improving,A,0
b890431b-0c4f-4355-ad3a-6d73bdbb2954,1,Law,400,77.3,10.0,3.09,31.2,32.5,,61.1,0.0,stable,B,0
b890431b-0c4f-4355-ad3a-6d73bdbb2954,2,Law,400,68.3,13.2,3.48,32.9,36.4,61.1,70.2,9.1,improving,A,0
0a4a51f3-927a-447f-9b30-bdadc456e12b,1,Biochemistry,200,89.4,17.8,2.95,31.8,45.6,,73.9,0.0,stable,A,0
0a4a51f3-927a-447f-9b30-bdadc456e12b,2,Biochemistry,200,72.1,15.7,3.51,28.1,45.4,73.9,71.0,-2.9,stable,A,0
0ee7230f-47e9-4c0f-b16e-07e2770de981,1,Accounting,100,85.6,11.6,2.78,30.3,38.2,,67.2,0.0,stable,B,0
0ee7230f-47e9-4c0f-b16e-07e2770de981,2,Accounting,100,84.9,10.0,4.27,39.3,31.8,67.2,71.3,4.1,stable,A,0
80a531ff-7f9f-4150-9826-e91bed856f57,1,Biology,100,65.2,10.4,4.6,26.5,45.2,,73.3,0.0,stable,A,0
80a531ff-7f9f-4150-9826-e91bed856f57,2,Biology,100,60.0,7.7,2.04,22.6,6.1,73.3,30.3,-43.1,declining,F,1
3d0e146a-bc7d-4306-ad4d-58f0b9d9d1b8,1,Psychology,200,100.0,12.7,1.87,31.8,33.2,,62.0,0.0,stable,B,0
3d0e146a-bc7d-4306-ad4d-58f0b9d9d1b8,2,Psychology,200,87.9,16.1,2.08,36.2,55.9,62.0,97.8,35.8,improving,A,0
89ee9c08-e11b-4f2b-82e9-45ff638bfac5,1,Mechanical Engineering,200,100.0,7.5,5.0,33.2,34.4,,68.6,0.0,stable,B,0
89ee9c08-e11b-4f2b-82e9-45ff638bfac5,2,Mechanical Engineering,200,66.3,14.0,1.94,27.1,51.7,68.6,78.6,10.0,improving,A,0
2389edd2-30d9-4d7f-85d4-1ea0d9d6048f,1,Computer Science,200,77.1,14.4,3.94,22.1,49.0,,70.3,0.0,stable,A,0
2389edd2-30d9-4d7f-85d4-1ea0d9d6048f,2,Computer Science,200,77.5,17.3,2.04,25.4,22.1,70.3,45.9,-24.5,declining,D,0
5d01721f-ecf9-41aa-a0cb-a825cc990431,1,Biology,200,95.0,11.4,1.93,31.6,22.1,,50.3,0.0,stable,C,0
5d01721f-ecf9-41aa-a0cb-a825cc990431,2,Biology,200,80.8,6.1,3.89,30.8,38.0,50.3,68.0,17.7,improving,B,0
c300ca26-aa0c-4c24-ade8-c5a936b535ba,1,Biology,200,86.6,15.9,3.27,35.1,40.8,,77.6,0.0,stable,A,0
c300ca26-aa0c-4c24-ade8-c5a936b535ba,2,Biology,200,69.9,12.0,2.78,26.7,32.2,77.6,60.4,-17.2,declining,B,0
5c41bbaa-a00b-49f0-96ea-a9d7ca6596fd,1,Law,200,94.7,17.9,1.99,40.0,38.6,,80.4,0.0,stable,A,0
5c41bbaa-a00b-49f0-96ea-a9d7ca6596fd,2,Law,200,61.4,12.7,3.25,19.9,46.7,80.4,70.6,-9.8,declining,A,0
009fbefd-facc-4175-b8ae-acdcad559f92,1,Architecture,100,72.4,18.8,2.85,33.7,21.9,,62.9,0.0,stable,B,0
009fbefd-facc-4175-b8ae-acdcad559f92,2,Architecture,100,97.4,10.6,1.42,35.9,21.0,62.9,58.2,-4.7,stable,C,0
eb3e8bbb-f44a-4405-9f43-7b7635976a9f,1,Electrical Engineering,300,81.2,7.3,3.9,35.3,47.8,,83.1,0.0,stable,A,0
eb3e8bbb-f44a-4405-9f43-7b7635976a9f,2,Electrical Engineering,300,53.8,16.9,2.78,18.8,56.2,83.1,81.3,-1.8,stable,A,0
908ee72b-4c96-43ff-baf1-0474f2cbd543,1,Psychology,200,74.4,22.8,3.07,28.0,41.1,,74.0,0.0,stable,A,0
908ee72b-4c96-43ff-baf1-0474f2cbd543,2,Psychology,200,63.3,15.7,2.55,25.4,51.6,74.0,75.8,1.8,stable,A,0
ba82ce1c-5793-4d5b-9cc3-978defb34e47,1,Accounting,100,68.9,17.7,4.28,32.0,39.6,,70.1,0.0,stable,A,0
ba82ce1c-5793-4d5b-9cc3-978defb34e47,2,Accounting,100,76.2,13.6,2.21,33.9,40.0,70.1,68.7,-1.4,stable,B,0
f8e15046-11ae-422b-b753-33e107ede784,1,Accounting,200,61.1,9.5,2.94,36.7,40.0,,74.2,0.0,stable,A,0
f8e15046-11ae-422b-b753-33e107ede784,2,Accounting,200,78.3,10.2,3.26,33.6,50.9,74.2,84.4,10.2,improving,A,0
bbc5e2bb-080d-4a34-81d3-c1d52f6c6739,1,Computer Engineering,300,99.6,16.5,2.43,40.0,45.0,,82.4,0.0,stable,A,0
bbc5e2bb-080d-4a34-81d3-c1d52f6c6739,2,Computer Engineering,300,99.8,22.4,2.97,32.4,45.2,82.4,79.8,-2.6,stable,A,0
df784019-42a2-4391-a660-52bfc1d4a0b7,1,Biochemistry,200,94.2,14.9,3.08,40.0,38.6,,81.7,0.0,stable,A,0
df784019-42a2-4391-a660-52bfc1d4a0b7,2,Biochemistry,200,70.7,14.2,2.91,28.9,37.2,81.7,70.0,-11.7,declining,A,0
343b6bdf-f7ee-45e8-a194-05ba97e816e5,1,Computer Science,300,64.0,8.3,4.7,32.7,16.5,,47.5,0.0,stable,D,0
343b6bdf-f7ee-45e8-a194-05ba97e816e5,2,Computer Science,300,47.8,7.2,0.49,23.9,19.7,47.5,43.8,-3.7,stable,F,1
5ac7aff8-1b78-428a-b538-d2963c236bac,1,Electrical Engineering,200,50.6,12.4,2.67,32.6,53.3,,88.3,0.0,stable,A,0
5ac7aff8-1b78-428a-b538-d2963c236bac,2,Electrical Engineering,200,70.1,21.9,1.76,22.0,43.3,88.3,72.1,-16.2,declining,A,0
6b2df2f3-55bc-4855-a987-2511fca72a54,1,Accounting,300,72.0,11.1,1.85,34.1,46.1,,82.6,0.0,stable,A,0
6b2df2f3-55bc-4855-a987-2511fca72a54,2,Accounting,300,65.6,8.5,1.97,28.5,24.2,82.6,49.2,-33.5,declining,D,0
9320093d-7162-45a5-97fc-9d0560fdb30e,1,Electrical Engineering,100,68.6,9.6,2.57,31.1,37.8,,68.0,0.0,stable,B,0
9320093d-7162-45a5-97fc-9d0560fdb30e,2,Electrical Engineering,100,77.7,7.0,3.08,31.3,21.2,68.0,55.5,-12.5,declining,C,0
0fa47ae7-1347-49dd-998f-f2844e250912,1,Architecture,300,61.8,12.5,3.93,32.0,42.1,,73.0,0.0,stable,A,0
0fa47ae7-1347-49dd-998f-f2844e250912,2,Architecture,300,89.2,15.4,2.51,28.9,20.3,73.0,49.6,-23.4,declining,D,0
19978c17-9561-4b7e-a34e-6fce2e9632f4,1,Medicine,400,73.8,17.7,3.29,36.4,37.2,,77.1,0.0,stable,A,0
19978c17-9561-4b7e-a34e-6fce2e9632f4,2,Medicine,400,67.1,15.9,1.83,29.6,20.2,77.1,49.0,-28.1,declining,D,0
f46aadc7-285a-4672-ad59-c48a30507118,1,Sociology,100,81.6,9.4,2.16,35.6,35.0,,69.1,0.0,stable,B,0
f46aadc7-285a-4672-ad59-c48a30507118,2,Sociology,100,75.6,25.2,3.92,35.9,55.2,69.1,91.6,22.5,improving,A,0
7804ca61-1150-49f2-b86c-eb12f2874176,1,Accounting,200,39.1,8.6,2.62,13.4,24.8,,32.3,0.0,stable,F,1
7804ca61-1150-49f2-b86c-eb12f2874176,2,Accounting,200,74.4,16.1,3.89,32.0,34.6,32.3,60.8,28.5,improving,B,0
14055ac3-6926-4b61-b376-1c7d036786c1,1,Accounting,300,48.6,5.7,2.29,23.9,23.5,,48.4,0.0,stable,D,1
14055ac3-6926-4b61-b376-1c7d036786c1,2,Accounting,300,71.5,12.1,3.91,23.4,45.6,48.4,69.0,20.6,improving,B,0
7047e547-7faa-4247-85be-cf7bdd8686b6,1,Accounting,300,70.0,16.4,3.7,24.3,42.3,,67.4,0.0,stable,B,0
7047e547-7faa-4247-85be-cf7bdd8686b6,2,Accounting,300,70.9,14.9,3.22,38.3,26.8,67.4,64.8,-2.6,stable,B,0
d26c66b1-7cd6-4775-bac9-de3512d178ae,1,Law,300,61.4,15.0,1.71,29.0,32.8,,59.6,0.0,stable,C,0
d26c66b1-7cd6-4775-bac9-de3512d178ae,2,Law,300,53.3,9.7,3.87,25.5,45.9,59.6,76.5,16.8,improving,A,0
3d9cda08-577a-4b67-9f73-805d40ad0e2c,1,Sociology,300,79.0,9.2,3.37,28.1,33.3,,56.8,0.0,stable,C,0
3d9cda08-577a-4b67-9f73-805d40ad0e2c,2,Sociology,300,88.9,10.1,3.15,27.6,42.8,56.8,68.2,11.4,improving,B,0
b854b3c0-e858-40ab-9d2a-4830b29823ec,1,Biochemistry,200,72.9,16.4,3.63,29.5,26.3,,64.7,0.0,stable,B,0
b854b3c0-e858-40ab-9d2a-4830b29823ec,2,Biochemistry,200,100.0,15.6,2.4,34.4,35.5,64.7,73.7,9.0,improving,A,0
301cfc3c-4ec1-44f6-b344-7c7b853ec53f,1,Accounting,300,78.9,8.1,2.62,36.4,52.0,,93.0,0.0,stable,A,0
301cfc3c-4ec1-44f6-b344-7c7b853ec53f,2,Accounting,300,86.4,10.7,0.41,33.8,33.5,93.0,67.6,-25.4,declining,B,0
98794cd0-aff2-4861-9530-556603f95be6,1,Computer Science,300,75.8,5.4,3.45,33.3,42.6,,78.7,0.0,stable,A,0
98794cd0-aff2-4861-9530-556603f95be6,2,Computer Science,300,84.1,9.9,2.94,32.3,39.1,78.7,74.3,-4.4,stable,A,0
a61c8ba6-557d-4dea-aea5-65ba754bfb0f,1,Computer Engineering,100,84.7,22.4,4.77,32.3,12.2,,48.2,0.0,stable,D,0
a61c8ba6-557d-4dea-aea5-65ba754bfb0f,2,Computer Engineering,100,66.9,8.0,2.68,26.1,42.2,48.2,63.7,15.5,improving,B,0
d629e06a-95b7-4bc9-b6f6-84dee0d79e18,1,Sociology,300,58.8,13.7,3.5,30.0,33.9,,61.0,0.0,stable,B,0
d629e06a-95b7-4bc9-b6f6-84dee0d79e18,2,Sociology,300,67.4,13.2,4.19,18.2,40.6,61.0,54.8,-6.1,declining,C,0
20e5874b-36fb-48ed-8be5-fd071a7b7e1e,1,Biochemistry,200,50.2,16.8,3.44,27.3,53.1,,79.0,0.0,stable,A,0
20e5874b-36fb-48ed-8be5-fd071a7b7e1e,2,Biochemistry,200,68.5,22.9,2.8,32.4,47.0,79.0,73.9,-5.1,declining,A,0
15b38eb0-8f6f-4403-b174-dc98b4105f74,1,Mechanical Engineering,300,44.3,9.1,3.84,27.8,48.3,,73.2,0.0,stable,A,1
15b38eb0-8f6f-4403-b174-dc98b4105f74,2,Mechanical Engineering,300,99.2,7.2,3.17,34.8,34.7,73.2,73.5,0.4,stable,A,0
0e985213-8775-4447-a2ec-c2abb7cb1546,1,Computer Engineering,200,64.4,5.3,3.02,25.9,60.0,,87.9,0.0,stable,A,0
0e985213-8775-4447-a2ec-c2abb7cb1546,2,Computer Engineering,200,68.9,6.7,1.5,23.6,33.9,87.9,61.9,-26.0,declining,B,0
06be8073-83c9-497d-beef-088f83039d6e,1,Computer Engineering,300,91.8,13.1,2.74,34.7,34.7,,74.6,0.0,stable,A,0
06be8073-83c9-497d-beef-088f83039d6e,2,Computer Engineering,300,72.2,11.6,1.23,28.5,44.1,74.6,69.3,-5.2,declining,B,0
817b0d5a-f839-44e8-a5a8-ff3865c41fd9,1,Biology,100,63.7,16.0,1.82,33.0,34.7,,66.6,0.0,stable,B,0
817b0d5a-f839-44e8-a5a8-ff3865c41fd9,2,Biology,100,58.1,13.9,4.97,30.5,36.2,66.6,70.2,3.6,stable,A,0
4907521b-35d3-4dee-be38-56ffbd80ae82,1,Architecture,200,70.2,18.9,3.65,14.3,35.7,,52.9,0.0,stable,C,0
4907521b-35d3-4dee-be38-56ffbd80ae82,2,Architecture,200,77.3,6.9,2.49,20.9,34.0,52.9,61.6,8.7,improving,B,0
5e735e0f-06de-4c53-8426-405d9c1ec5cd,1,Biology,200,87.1,23.0,3.71,37.6,60.0,,98.7,0.0,stable,A,0
5e735e0f-06de-4c53-8426-405d9c1ec5cd,2,Biology,200,72.2,17.2,4.16,27.0,38.4,98.7,65.8,-32.9,declining,B,0
c372a44a-2a2c-47ab-aa96-efa28f1f3219,1,Biochemistry,100,87.5,16.0,1.86,40.0,33.7,,72.9,0.0,stable,A,0
c372a44a-2a2c-47ab-aa96-efa28f1f3219,2,Biochemistry,100,61.5,25.5,3.19,23.0,58.2,72.9,83.6,10.6,improving,A,0
a61b6fd9-8bbd-451e-906a-09ecb8ec9971,1,Computer Science,200,72.2,16.2,2.34,27.0,21.2,,44.2,0.0,stable,F,1
a61b6fd9-8bbd-451e-906a-09ecb8ec9971,2,Computer Science,200,100.0,20.2,3.05,40.0,43.9,44.2,83.2,39.1,improving,A,0
213ba3f5-61ab-4eb2-852a-4383bbfc61ef,1,Political Science,100,75.8,11.4,2.83,35.9,40.3,,78.3,0.0,stable,A,0
213ba3f5-61ab-4eb2-852a-4383bbfc61ef,2,Political Science,100,90.5,13.9,2.22,26.3,40.9,78.3,66.7,-11.6,declining,B,0
19a55033-0947-4c7b-93e4-2fe89a8a2287,1,Business Administration,200,76.3,11.9,5.0,23.6,23.6,,48.2,0.0,stable,D,0
19a55033-0947-4c7b-93e4-2fe89a8a2287,2,Business Administration,200,69.4,13.6,3.47,35.3,26.6,48.2,60.2,12.0,improving,B,0
43e182e4-4d8d-47fd-bf52-fce7105b412e,1,Medicine,400,81.4,15.9,4.75,36.1,45.3,,78.7,0.0,stable,A,0
43e182e4-4d8d-47fd-bf52-fce7105b412e,2,Medicine,400,66.5,9.0,3.52,29.6,25.3,78.7,53.6,-25.1,declining,C,0
97c5643e-d94a-41f4-80e0-f45f9b9b45b9,1,Electrical Engineering,100,88.2,13.8,3.45,34.5,58.0,,93.3,0.0,stable,A,0
97c5643e-d94a-41f4-80e0-f45f9b9b45b9,2,Electrical Engineering,100,69.2,7.4,3.2,16.6,34.9,93.3,50.9,-42.4,declining,C,0
310b72bb-4ac0-4e42-8997-a51c00ca26e7,1,Economics,200,54.5,7.4,3.65,27.1,38.6,,66.5,0.0,stable,B,0
310b72bb-4ac0-4e42-8997-a51c00ca26e7,2,Economics,200,76.4,18.2,3.1,23.0,60.0,66.5,84.1,17.5,improving,A,0
d349e843-90b5-4531-a489-3e2d6c8fbac2,1,Psychology,300,66.2,5.7,3.32,27.6,51.5,,78.1,0.0,stable,A,0
d349e843-90b5-4531-a489-3e2d6c8fbac2,2,Psychology,300,62.4,16.5,3.74,28.3,51.0,78.1,79.2,1.2,stable,A,0
ed062d43-44d6-4ca9-a848-a6646bd338f9,1,Political Science,100,78.5,17.8,3.5,29.9,58.3,,81.0,0.0,stable,A,0
ed062d43-44d6-4ca9-a848-a6646bd338f9,2,Political Science,100,100.0,3.5,2.5,34.8,31.0,81.0,68.8,-12.2,declining,B,0
895a14d7-3cf9-4891-9b1d-8cf3ccbc00fc,1,Electrical Engineering,100,59.1,13.3,2.54,28.3,38.9,,67.5,0.0,stable,B,0
895a14d7-3cf9-4891-9b1d-8cf3ccbc00fc,2,Electrical Engineering,100,66.8,9.4,3.23,33.1,32.2,67.5,62.7,-4.8,stable,B,0
38c3cce1-d121-44a2-90b8-0519b8e9c78b,1,Computer Engineering,300,84.2,11.8,3.66,27.3,23.0,,48.7,0.0,stable,D,0
38c3cce1-d121-44a2-90b8-0519b8e9c78b,2,Computer Engineering,300,63.5,11.6,2.49,31.4,35.4,48.7,67.2,18.5,improving,B,0
dfb24b38-689f-49b0-ac84-b92a4eb80add,1,Accounting,200,77.4,13.0,2.98,33.0,32.3,,69.5,0.0,stable,B,0
dfb24b38-689f-49b0-ac84-b92a4eb80add,2,Accounting,200,71.5,5.4,3.15,25.0,41.8,69.5,73.5,4.0,stable,A,0
a211191f-5ae6-469d-80f3-fbbbdef6cf64,1,Psychology,300,63.2,13.7,1.6,29.9,29.1,,57.1,0.0,stable,C,0
a211191f-5ae6-469d-80f3-fbbbdef6cf64,2,Psychology,300,58.5,15.7,3.81,26.8,35.2,57.1,66.7,9.6,improving,B,0
acbf5596-c7be-4848-9618-f2ec7deeac0a,1,Mechanical Engineering,200,63.7,1.2,3.37,22.2,42.5,,63.6,0.0,stable,B,0
acbf5596-c7be-4848-9618-f2ec7deeac0a,2,Mechanical Engineering,200,84.1,19.0,2.03,29.0,41.9,63.6,75.5,11.9,improving,A,0
6379576e-ec40-4248-8650-7f74ecb6c1c7,1,Biochemistry,300,65.1,9.0,3.38,25.1,39.7,,60.2,0.0,stable,B,0
6379576e-ec40-4248-8650-7f74ecb6c1c7,2,Biochemistry,300,100.0,5.3,2.74,34.8,53.4,60.2,84.2,24.0,improving,A,0
e9116bdd-e422-48fc-89f9-da5410210afc,1,Electrical Engineering,100,100.0,15.8,3.33,30.1,48.7,,76.6,0.0,stable,A,0
e9116bdd-e422-48fc-89f9-da5410210afc,2,Electrical Engineering,100,94.0,7.1,2.91,31.0,26.0,76.6,59.3,-17.3,declining,C,0
da29a5ae-adec-4ea9-8ec2-13f85bc188fc,1,Architecture,300,83.0,18.0,1.58,36.9,60.0,,95.6,0.0,stable,A,0
da29a5ae-adec-4ea9-8ec2-13f85bc188fc,2,Architecture,300,100.0,10.7,1.9,33.5,46.9,95.6,77.9,-17.7,declining,A,0
f2ce0278-2424-49ba-bf37-671b2c967d70,1,Architecture,300,66.0,15.0,3.0,31.1,44.1,,76.6,0.0,stable,A,0
f2ce0278-2424-49ba-bf37-671b2c967d70,2,Architecture,300,68.5,13.2,2.26,35.1,32.6,76.6,71.1,-5.5,declining,A,0
ab665101-138b-42e3-b505-55effd9f3775,1,Sociology,100,71.5,13.0,2.6,24.2,22.1,,43.1,0.0,stable,F,1
ab665101-138b-42e3-b505-55effd9f3775,2,Sociology,100,70.1,13.1,3.81,26.8,33.1,43.1,55.6,12.5,improving,C,0
b3035b6d-d811-408e-bc53-13d9df4f6e19,1,Biochemistry,200,82.2,18.9,4.01,35.0,52.9,,93.0,0.0,stable,A,0
b3035b6d-d811-408e-bc53-13d9df4f6e19,2,Biochemistry,200,80.0,15.2,2.74,24.2,34.5,93.0,58.7,-34.3,declining,C,0
9841603b-0b15-4b91-a3aa-2acf50ca72f5,1,Biochemistry,200,75.9,21.6,3.07,36.1,42.2,,77.4,0.0,stable,A,0
9841603b-0b15-4b91-a3aa-2acf50ca72f5,2,Biochemistry,200,55.1,8.3,3.42,26.1,47.2,77.4,73.8,-3.6,stable,A,0
f63ec211-6476-42dd-87b2-adf9d1e3df41,1,Sociology,300,69.7,22.7,2.92,34.8,43.1,,80.0,0.0,stable,A,0
f63ec211-6476-42dd-87b2-adf9d1e3df41,2,Sociology,300,88.9,13.0,1.12,32.9,48.9,80.0,83.3,3.3,stable,A,0
17030519-e633-4952-b57e-556523b3f8a1,1,Electrical Engineering,100,81.7,3.4,2.42,33.4,36.4,,73.4,0.0,stable,A,0
17030519-e633-4952-b57e-556523b3f8a1,2,Electrical Engineering,100,72.8,14.0,3.01,24.6,18.5,73.4,44.4,-29.0,declining,F,1
9a095a4c-72fd-452c-808f-988454423a09,1,Architecture,300,77.6,8.9,1.7,33.7,32.1,,67.5,0.0,stable,B,0
9a095a4c-72fd-452c-808f-988454423a09,2,Architecture,300,100.0,1.3,2.44,34.0,45.4,67.5,74.4,6.9,improving,A,0
4a3e2e30-8c17-47e6-b907-b65bfbc8e6ba,1,Psychology,200,100.0,12.7,2.92,34.0,35.5,,72.7,0.0,stable,A,0
4a3e2e30-8c17-47e6-b907-b65bfbc8e6ba,2,Psychology,200,59.0,13.7,2.69,23.0,60.0,72.7,84.2,11.5,improving,A,0
1c3d3ac4-8a72-41db-971b-2c6be96e489d,1,Sociology,200,84.2,17.7,1.86,40.0,16.3,,54.0,0.0,stable,C,0
1c3d3ac4-8a72-41db-971b-2c6be96e489d,2,Sociology,200,68.1,14.9,3.17,27.8,41.9,54.0,66.7,12.8,improving,B,0
8e28e154-89e8-47b1-b20a-7abcd0c7c682,1,Biology,200,52.5,15.6,3.55,33.4,35.4,,70.9,0.0,stable,A,0
8e28e154-89e8-47b1-b20a-7abcd0c7c682,2,Biology,200,70.7,18.0,3.82,30.2,42.1,70.9,75.2,4.3,stable,A,0
1cb5b6b5-331e-4422-85ca-d4fa792bd61b,1,Architecture,300,84.7,8.6,1.94,30.5,50.2,,84.1,0.0,stable,A,0
1cb5b6b5-331e-4422-85ca-d4fa792bd61b,2,Architecture,300,58.3,6.2,4.02,21.0,42.5,84.1,61.7,-22.4,declining,B,0
02eb07ae-b871-4672-abfa-d0382a9f2558,1,Mechanical Engineering,200,99.3,8.1,3.91,35.8,41.2,,71.0,0.0,stable,A,0
02eb07ae-b871-4672-abfa-d0382a9f2558,2,Mechanical Engineering,200,42.0,10.9,3.2,17.8,28.3,71.0,47.7,-23.3,declining,D,1
5005df8a-4524-4f52-a7e9-5627ee45b0e0,1,Accounting,200,83.4,11.3,3.62,25.8,36.8,,67.5,0.0,stable,B,0
5005df8a-4524-4f52-a7e9-5627ee45b0e0,2,Accounting,200,76.0,12.6,4.84,23.2,51.7,67.5,79.9,12.3,improving,A,0
b390f74c-2417-4b61-a236-da28c4b6f422,1,Computer Engineering,100,70.1,16.3,2.21,25.6,44.9,,72.9,0.0,stable,A,0
b390f74c-2417-4b61-a236-da28c4b6f422,2,Computer Engineering,100,91.8,19.8,2.95,39.3,41.6,72.9,83.7,10.8,improving,A,0
29490064-7406-4d2c-a0c4-1347b38ec49b,1,Law,300,78.1,14.2,3.34,22.6,30.6,,53.5,0.0,stable,C,0
29490064-7406-4d2c-a0c4-1347b38ec49b,2,Law,300,49.7,16.2,3.7,26.6,32.7,53.5,63.4,9.9,improving,B,1
d9734bec-929d-4e7e-9a05-bd6ccda3c599,1,Psychology,200,100.0,12.7,3.41,36.0,46.2,,81.9,0.0,stable,A,0
d9734bec-929d-4e7e-9a05-bd6ccda3c599,2,Psychology,200,74.5,16.5,4.88,22.9,45.5,81.9,64.9,-17.0,declining,B,0
7a3b3b7e-1431-4165-b094-cc99ee6488da,1,Biology,200,98.9,9.1,1.85,38.0,52.6,,92.6,0.0,stable,A,0
7a3b3b7e-1431-4165-b094-cc99ee6488da,2,Biology,200,78.1,14.0,4.13,26.2,42.2,92.6,67.1,-25.5,declining,B,0
8df22da8-d879-4a31-ac72-1b9b6dc34f8d,1,Computer Science,300,57.5,10.4,3.89,29.3,46.6,,76.4,0.0,stable,A,0
8df22da8-d879-4a31-ac72-1b9b6dc34f8d,2,Computer Science,300,82.8,8.0,2.75,32.5,39.0,76.4,72.5,-3.9,stable,A,0
0234eefd-88e5-4960-850a-f1cad555c47d,1,Law,300,72.9,10.1,5.0,34.1,46.4,,79.8,0.0,stable,A,0
0234eefd-88e5-4960-850a-f1cad555c47d,2,Law,300,68.2,11.3,3.23,19.2,23.9,79.8,41.2,-38.6,declining,F,1
26a5faed-3c4d-4858-b417-1eb812ea8daa,1,Computer Science,300,78.1,10.8,4.18,23.2,33.6,,61.3,0.0,stable,B,0
26a5faed-3c4d-4858-b417-1eb812ea8daa,2,Computer Science,300,77.0,16.4,4.64,26.9,45.0,61.3,71.1,9.8,improving,A,0
bb924ca5-a817-4f4c-a7f1-bf2095e29ffd,1,Accounting,300,45.7,10.4,3.7,26.8,46.1,,71.8,0.0,stable,A,1
bb924ca5-a817-4f4c-a7f1-bf2095e29ffd,2,Accounting,300,65.2,18.3,2.6,29.5,44.9,71.8,78.8,7.1,improving,A,0
045114ec-f80c-4256-9a36-0f12d64137b4,1,Political Science,300,89.6,5.5,2.05,35.8,32.4,,66.8,0.0,stable,B,0
045114ec-f80c-4256-9a36-0f12d64137b4,2,Political Science,300,90.2,12.9,3.04,36.9,36.6,66.8,78.2,11.4,improving,A,0
b090cdb9-c276-4e45-ad45-02275d5309ed,1,Computer Science,300,63.2,15.3,4.15,20.7,40.8,,65.0,0.0,stable,B,0
b090cdb9-c276-4e45-ad45-02275d5309ed,2,Computer Science,300,92.4,11.1,2.41,38.3,49.6,65.0,84.4,19.4,improving,A,0
dcbc3781-914c-4d35-810a-f9400f7ff501,1,Biology,200,56.9,13.1,3.5,24.9,48.2,,70.9,0.0,stable,A,0
dcbc3781-914c-4d35-810a-f9400f7ff501,2,Biology,200,43.3,9.9,3.05,22.3,26.6,70.9,43.4,-27.5,declining,F,1
8459147f-32fd-4a5f-ab31-536be412b6be,1,Accounting,200,67.3,16.5,4.0,34.4,36.6,,67.6,0.0,stable,B,0
8459147f-32fd-4a5f-ab31-536be412b6be,2,Accounting,200,82.4,15.2,3.32,21.4,33.8,67.6,55.1,-12.4,declining,C,0
58700bd0-17ee-4fa1-9e63-50eb21639c8a,1,Political Science,100,82.3,15.8,3.12,33.1,43.4,,78.6,0.0,stable,A,0
58700bd0-17ee-4fa1-9e63-50eb21639c8a,2,Political Science,100,79.7,12.3,2.79,31.3,44.2,78.6,76.4,-2.2,stable,A,0
90d34670-7687-4252-8d87-671fd3a61431,1,Psychology,200,80.7,18.7,3.21,27.9,53.6,,77.4,0.0,stable,A,0
90d34670-7687-4252-8d87-671fd3a61431,2,Psychology,200,58.8,13.7,3.41,20.5,37.8,77.4,56.5,-20.9,declining,C,0
67173007-d9ab-4907-b35a-475ec820394e,1,Mechanical Engineering,300,67.7,16.7,3.57,28.4,38.6,,63.0,0.0,stable,B,0
67173007-d9ab-4907-b35a-475ec820394e,2,Mechanical Engineering,300,96.3,15.0,2.43,37.9,39.9,63.0,76.9,13.8,improving,A,0
b743f8f3-0209-4a7f-8c66-66ecf42e8dd0,1,Mechanical Engineering,300,81.5,8.3,2.72,31.9,31.4,,65.3,0.0,stable,B,0
b743f8f3-0209-4a7f-8c66-66ecf42e8dd0,2,Mechanical Engineering,300,100.0,8.2,1.67,25.0,32.7,65.3,55.7,-9.6,declining,C,0
186f36cd-c8a2-4fb8-ae04-8cc3b361286b,1,Business Administration,300,78.1,12.7,1.72,21.5,40.4,,62.4,0.0,stable,B,0
186f36cd-c8a2-4fb8-ae04-8cc3b361286b,2,Business Administration,300,68.6,3.7,3.38,35.1,37.2,62.4,69.7,7.3,improving,B,0
cd120e79-031c-4e08-b1d3-7b7d7e96484b,1,Political Science,300,75.7,5.2,3.85,30.5,18.7,,48.3,0.0,stable,D,0
cd120e79-031c-4e08-b1d3-7b7d7e96484b,2,Political Science,300,81.9,10.3,2.78,25.3,43.6,48.3,66.9,18.6,improving,B,0
4f078479-a4cb-41a7-b39e-48cbaac5fcfe,1,Political Science,300,42.7,10.1,3.78,21.6,57.2,,80.1,0.0,stable,A,1
4f078479-a4cb-41a7-b39e-48cbaac5fcfe,2,Political Science,300,80.1,11.4,2.95,29.7,36.0,80.1,67.3,-12.8,declining,B,0
ce6d3f52-9fd6-4d77-a5b5-5432734e3d24,1,Sociology,100,61.0,6.6,2.1,37.4,39.2,,77.6,0.0,stable,A,0
ce6d3f52-9fd6-4d77-a5b5-5432734e3d24,2,Sociology,100,59.1,15.1,2.91,27.9,31.8,77.6,60.2,-17.3,declining,B,0
8075c395-7047-45be-a581-3223187e1777,1,Sociology,100,68.6,8.2,3.59,21.0,43.7,,66.8,0.0,stable,B,0
8075c395-7047-45be-a581-3223187e1777,2,Sociology,100,61.8,7.9,2.82,28.8,34.8,66.8,64.8,-1.9,stable,B,0
b8548133-4fdb-4a0d-a561-d71c0451740c,1,Biochemistry,300,100.0,9.5,1.63,39.1,51.8,,92.2,0.0,stable,A,0
b8548133-4fdb-4a0d-a561-d71c0451740c,2,Biochemistry,300,58.7,11.4,2.11,30.0,23.8,92.2,52.9,-39.3,declining,C,0
25d2d5f1-bb4e-4142-99dc-e54b45c64ab6,1,Sociology,100,59.9,12.6,2.71,27.9,39.7,,64.6,0.0,stable,B,0
25d2d5f1-bb4e-4142-99dc-e54b45c64ab6,2,Sociology,100,84.4,11.8,2.21,40.0,42.6,64.6,82.1,17.5,improving,A,0
a39264a8-c46e-41e8-8699-a81bd915990e,1,Business Administration,200,96.2,21.2,2.88,36.0,36.0,,71.6,0.0,stable,A,0
a39264a8-c46e-41e8-8699-a81bd915990e,2,Business Administration,200,72.0,12.9,3.27,32.2,43.1,71.6,71.7,0.1,stable,A,0
cf618023-8f20-47da-9c6a-fb6f1bc7db78,1,Computer Science,300,60.9,9.3,2.77,32.4,25.5,,56.9,0.0,stable,C,0
cf618023-8f20-47da-9c6a-fb6f1bc7db78,2,Computer Science,300,89.3,10.5,3.37,32.2,41.8,56.9,73.3,16.4,improving,A,0
1de5f4a1-e022-42ce-8d95-b241539b8c4e,1,Medicine,200,85.0,4.3,2.71,33.5,38.8,,76.8,0.0,stable,A,0
1de5f4a1-e022-42ce-8d95-b241539b8c4e,2,Medicine,200,69.1,19.4,2.47,35.5,52.0,76.8,84.7,7.9,improving,A,0
071e5eb7-5979-4332-bc64-0e6de5295067,1,Computer Engineering,200,79.6,11.7,3.5,29.8,37.3,,71.2,0.0,stable,A,0
071e5eb7-5979-4332-bc64-0e6de5295067,2,Computer Engineering,200,73.5,16.1,2.82,38.0,35.4,71.2,71.6,0.3,stable,A,0
2c3870a5-9d97-4b71-a3c5-18da359e70ad,1,Medicine,400,97.9,9.8,4.28,39.0,39.0,,72.6,0.0,stable,A,0
2c3870a5-9d97-4b71-a3c5-18da359e70ad,2,Medicine,400,74.7,12.5,3.93,37.9,35.0,72.6,75.2,2.6,stable,A,0
a0015035-74f1-45f8-a4e6-b587f6f27e7c,1,Electrical Engineering,100,86.5,17.4,3.4,22.6,42.6,,61.8,0.0,stable,B,0
a0015035-74f1-45f8-a4e6-b587f6f27e7c,2,Electrical Engineering,100,72.0,16.9,3.24,35.1,47.0,61.8,78.2,16.4,improving,A,0
8e711081-623e-4d72-8c5a-3853da502b3c,1,Electrical Engineering,300,37.2,12.7,2.83,17.6,22.8,,38.1,0.0,stable,F,1
8e711081-623e-4d72-8c5a-3853da502b3c,2,Electrical Engineering,300,72.1,15.3,3.15,37.5,31.9,38.1,72.0,33.9,improving,A,0
eb1bf51a-1bee-4ff5-814d-b93f02408225,1,Biochemistry,200,75.7,15.5,2.65,35.5,44.3,,77.8,0.0,stable,A,0
eb1bf51a-1bee-4ff5-814d-b93f02408225,2,Biochemistry,200,74.8,10.8,3.39,24.1,39.2,77.8,64.5,-13.3,declining,B,0
075c2865-f779-4f78-8cbd-17a241f90851,1,Economics,300,75.5,18.7,3.62,30.1,47.8,,78.7,0.0,stable,A,0
075c2865-f779-4f78-8cbd-17a241f90851,2,Economics,300,81.0,2.9,2.76,23.8,45.4,78.7,69.0,-9.8,declining,B,0
e093b546-bc1a-4375-9f56-f2d59335831e,1,Biochemistry,200,72.1,16.5,3.34,23.8,42.7,,65.5,0.0,stable,B,0
e093b546-bc1a-4375-9f56-f2d59335831e,2,Biochemistry,200,48.8,8.5,2.85,24.2,22.0,65.5,49.6,-15.9,declining,D,1
dd110fa2-8d81-4711-a617-e89369a08d0b,1,Accounting,100,73.5,12.2,3.32,25.8,44.9,,69.6,0.0,stable,B,0
dd110fa2-8d81-4711-a617-e89369a08d0b,2,Accounting,100,61.6,14.9,4.19,30.9,53.2,69.6,82.6,13.0,improving,A,0
57f41479-f3d8-42ee-86e5-04d29b40a1ab,1,Business Administration,200,51.0,19.5,4.64,32.9,44.8,,74.3,0.0,stable,A,0
57f41479-f3d8-42ee-86e5-04d29b40a1ab,2,Business Administration,200,59.0,3.6,2.91,34.8,32.0,74.3,67.7,-6.6,declining,B,0
6f9df444-e045-40e0-9c93-d0eafa90dfa2,1,Political Science,200,95.6,10.0,4.63,40.0,40.1,,78.3,0.0,stable,A,0
6f9df444-e045-40e0-9c93-d0eafa90dfa2,2,Political Science,200,85.5,10.3,2.07,38.5,48.6,78.3,87.6,9.3,improving,A,0
69e759fc-3ad7-4eb6-a477-f276af436ac2,1,Biology,200,56.1,5.9,3.09,23.7,31.9,,58.7,0.0,stable,C,0
69e759fc-3ad7-4eb6-a477-f276af436ac2,2,Biology,200,86.0,18.9,2.21,30.5,50.5,58.7,82.3,23.6,improving,A,0
7e6456cb-67fc-4233-9b32-089d6205b62b,1,Political Science,100,98.0,14.1,4.48,37.3,54.7,,91.0,0.0,stable,A,0
7e6456cb-67fc-4233-9b32-089d6205b62b,2,Political Science,100,75.2,16.6,4.29,33.7,44.6,91.0,82.4,-8.6,declining,A,0
61a5d8f4-cbd5-42c1-9d4b-fbb471d08233,1,Architecture,100,42.1,4.9,3.55,23.5,41.6,,65.3,0.0,stable,B,1
61a5d8f4-cbd5-42c1-9d4b-fbb471d08233,2,Architecture,100,83.6,7.9,3.46,36.7,49.8,65.3,92.5,27.2,improving,A,0
59008743-0aa9-4b6d-a012-11a7def6700a,1,Electrical Engineering,100,78.7,13.4,1.78,28.1,36.2,,67.4,0.0,stable,B,0
59008743-0aa9-4b6d-a012-11a7def6700a,2,Electrical Engineering,100,65.8,16.0,3.0,27.3,44.9,67.4,71.0,3.6,stable,A,0
63ad9c5a-d4fe-4e17-a33a-b4a37b039146,1,Accounting,300,68.6,3.5,2.8,26.3,27.9,,55.5,0.0,stable,C,0
63ad9c5a-d4fe-4e17-a33a-b4a37b039146,2,Accounting,300,84.9,13.2,3.8,34.9,39.0,55.5,72.5,17.0,improving,A,0
37b0d593-cb5a-4ccb-ac3a-eb379fe81991,1,Biology,300,79.7,14.9,4.12,36.9,38.4,,75.0,0.0,stable,A,0
37b0d593-cb5a-4ccb-ac3a-eb379fe81991,2,Biology,300,85.1,17.3,3.75,31.7,32.3,75.0,61.0,-14.0,declining,B,0
f52a30a2-ba61-4eb0-a1c9-ec402567663f,1,Law,300,79.1,13.7,2.12,31.0,45.3,,72.9,0.0,stable,A,0
f52a30a2-ba61-4eb0-a1c9-ec402567663f,2,Law,300,91.6,10.1,4.01,30.6,30.0,72.9,59.2,-13.7,declining,C,0
7a0374d8-7d21-4a84-9b2b-bd362b49d552,1,Computer Engineering,200,73.6,10.1,2.83,31.4,36.1,,67.3,0.0,stable,B,0
7a0374d8-7d21-4a84-9b2b-bd362b49d552,2,Computer Engineering,200,49.4,14.0,2.93,32.9,31.4,67.3,58.9,-8.4,declining,C,1
34092cb4-4f31-4654-9ee9-52e609020b9c,1,Computer Science,200,84.3,13.7,2.19,24.2,54.6,,83.0,0.0,stable,A,0
34092cb4-4f31-4654-9ee9-52e609020b9c,2,Computer Science,200,37.7,9.7,4.33,20.2,35.7,83.0,55.0,-28.0,declining,C,1
3c6d6a01-0789-4f78-bf16-c5e38692cda2,1,Economics,100,58.2,3.5,3.84,17.4,37.6,,57.7,0.0,stable,C,0
3c6d6a01-0789-4f78-bf16-c5e38692cda2,2,Economics,100,53.2,7.4,3.97,28.3,32.0,57.7,64.0,6.2,improving,B,0
6a6bdce7-2c89-4fa2-917b-7e0d4574219d,1,Architecture,300,93.1,13.3,2.28,31.6,42.0,,72.9,0.0,stable,A,0
6a6bdce7-2c89-4fa2-917b-7e0d4574219d,2,Architecture,300,89.1,4.4,1.8,33.7,26.8,72.9,58.6,-14.3,declining,C,0
202af6c8-b05a-40c0-92ab-5c8f86126efa,1,Sociology,300,48.5,12.1,2.96,28.0,40.2,,67.8,0.0,stable,B,1
202af6c8-b05a-40c0-92ab-5c8f86126efa,2,Sociology,300,92.7,5.4,3.43,25.2,27.4,67.8,48.9,-18.9,declining,D,0
edb76a8a-bad2-428e-a7f5-8478ca800f8e,1,Sociology,200,86.7,11.7,2.99,26.8,36.3,,60.8,0.0,stable,B,0
edb76a8a-bad2-428e-a7f5-8478ca800f8e,2,Sociology,200,80.8,7.0,4.06,22.8,30.1,60.8,57.9,-2.9,stable,C,0
10f8fb83-f58b-400b-a9d6-27654b785709,1,Psychology,200,68.5,5.4,3.18,26.3,26.9,,49.9,0.0,stable,D,0
10f8fb83-f58b-400b-a9d6-27654b785709,2,Psychology,200,100.0,10.7,1.46,40.0,41.7,49.9,79.4,29.5,improving,A,0
4ed7cc64-8f18-4521-9ffc-33668018bc93,1,Accounting,300,61.0,15.4,2.8,17.6,59.5,,75.7,0.0,stable,A,0
4ed7cc64-8f18-4521-9ffc-33668018bc93,2,Accounting,300,97.4,18.4,2.2,39.7,36.0,75.7,70.1,-5.6,declining,A,0
093a6dfe-75e0-46b8-8178-d5a2bb5d9e9b,1,Medicine,100,68.6,14.0,2.63,27.2,51.7,,79.2,0.0,stable,A,0
093a6dfe-75e0-46b8-8178-d5a2bb5d9e9b,2,Medicine,100,62.4,15.5,3.16,14.9,46.7,79.2,62.7,-16.5,declining,B,0
b2128f56-3bfa-411e-a39f-7280c1b1d14e,1,Sociology,100,75.3,16.5,2.46,31.7,26.0,,59.0,0.0,stable,C,0
b2128f56-3bfa-411e-a39f-7280c1b1d14e,2,Sociology,100,100.0,7.0,2.39,31.4,36.1,59.0,64.4,5.4,improving,B,0
3538361b-735e-4095-847c-a4590a81e157,1,Architecture,100,81.3,16.2,3.43,22.4,53.4,,78.6,0.0,stable,A,0
3538361b-735e-4095-847c-a4590a81e157,2,Architecture,100,87.5,13.9,3.18,37.7,60.0,78.6,94.8,16.2,improving,A,0
48f5b9ae-7d4e-4038-a369-98d217dbccb3,1,Psychology,300,91.2,11.6,2.9,25.6,36.2,,58.8,0.0,stable,C,0
48f5b9ae-7d4e-4038-a369-98d217dbccb3,2,Psychology,300,68.0,6.5,2.64,26.6,35.9,58.8,57.6,-1.1,stable,C,0
aa806511-65b3-4f0a-a272-cfe03e0b69e3,1,Medicine,200,53.3,13.8,2.36,31.0,41.8,,74.7,0.0,stable,A,0
aa806511-65b3-4f0a-a272-cfe03e0b69e3,2,Medicine,200,96.2,10.5,2.54,38.6,42.6,74.7,80.7,6.0,improving,A,0
c62b0f28-3e7f-4cf1-adea-af9e68bed1d4,1,Sociology,100,95.9,10.9,3.03,34.3,29.5,,64.0,0.0,stable,B,0
c62b0f28-3e7f-4cf1-adea-af9e68bed1d4,2,Sociology,100,96.0,14.2,3.02,33.4,44.5,64.0,80.1,16.1,improving,A,0
04463cf3-8c26-4942-b0c6-78e0a7665c3d,1,Sociology,200,84.1,10.3,3.26,34.2,28.8,,63.6,0.0,stable,B,0
04463cf3-8c26-4942-b0c6-78e0a7665c3d,2,Sociology,200,42.6,14.4,3.53,27.3,38.4,63.6,66.6,3.0,stable,B,1
121538b9-5f7a-4a33-9de8-eae1e220e546,1,Biochemistry,300,96.4,19.1,2.98,35.0,55.7,,86.1,0.0,stable,A,0
121538b9-5f7a-4a33-9de8-eae1e220e546,2,Biochemistry,300,70.2,18.7,3.78,30.9,30.8,86.1,61.6,-24.6,declining,B,0
fb4e6592-7645-4495-95cf-863a1370c51c,1,Business Administration,300,66.2,13.7,2.35,23.1,18.8,,45.6,0.0,stable,D,0
fb4e6592-7645-4495-95cf-863a1370c51c,2,Business Administration,300,69.0,12.8,3.0,23.5,27.5,45.6,48.0,2.4,stable,D,0
9230f9e6-64cf-49ea-8567-941d57a93c1d,1,Law,100,64.2,13.8,2.36,36.6,49.9,,88.9,0.0,stable,A,0
9230f9e6-64cf-49ea-8567-941d57a93c1d,2,Law,100,73.2,19.6,2.83,29.5,46.3,88.9,77.9,-10.9,declining,A,0
72c4ea34-51b7-4ccb-ad15-cb11c465ba04,1,Electrical Engineering,100,84.6,9.6,2.57,35.1,44.2,,78.1,0.0,stable,A,0
72c4ea34-51b7-4ccb-ad15-cb11c465ba04,2,Electrical Engineering,100,51.2,11.0,3.5,34.3,27.8,78.1,60.8,-17.3,declining,B,0
8f6a1ac0-e459-4b3f-800e-17cf05bb1700,1,Computer Science,200,69.2,18.8,2.97,24.3,49.9,,73.0,0.0,stable,A,0
8f6a1ac0-e459-4b3f-800e-17cf05bb1700,2,Computer Science,200,56.6,7.5,4.39,28.2,40.2,73.0,67.7,-5.3,declining,B,0
1840775d-bee9-41bd-8ffa-6acedb70c368,1,Architecture,100,79.4,13.4,3.23,31.5,49.7,,81.2,0.0,stable,A,0
1840775d-bee9-41bd-8ffa-6acedb70c368,2,Architecture,100,60.3,8.9,1.42,37.2,42.8,81.2,77.6,-3.7,stable,A,0
cda87430-f353-4ba2-a6d8-0654370e6579,1,Computer Engineering,100,70.8,8.8,4.23,22.1,40.9,,62.6,0.0,stable,B,0
cda87430-f353-4ba2-a6d8-0654370e6579,2,Computer Engineering,100,87.4,11.5,1.59,31.2,26.7,62.6,58.1,-4.5,stable,C,0
7cd36a34-1758-4cc8-afc2-2543fab17ab0,1,Biochemistry,300,96.5,3.3,2.36,31.5,28.3,,62.0,0.0,stable,B,0
7cd36a34-1758-4cc8-afc2-2543fab17ab0,2,Biochemistry,300,72.4,14.1,2.5,30.6,47.8,62.0,76.3,14.2,improving,A,0
785adf81-bbf5-4826-ac01-1a2a6e6dd9ed,1,Electrical Engineering,200,86.7,12.3,3.84,31.3,45.2,,76.5,0.0,stable,A,0
785adf81-bbf5-4826-ac01-1a2a6e6dd9ed,2,Electrical Engineering,200,73.6,13.3,3.43,23.5,55.7,76.5,73.6,-2.9,stable,A,0
1dea662c-907a-42ed-ac21-7e54c785b082,1,Architecture,300,64.7,11.5,3.33,35.8,21.3,,55.6,0.0,stable,C,0
1dea662c-907a-42ed-ac21-7e54c785b082,2,Architecture,300,43.1,12.2,3.22,31.6,41.3,55.6,76.0,20.4,improving,A,1
34b554eb-ee5b-416f-bacf-ccd97036b4bf,1,Sociology,300,83.8,9.8,1.87,33.1,20.8,,57.9,0.0,stable,C,0
34b554eb-ee5b-416f-bacf-ccd97036b4bf,2,Sociology,300,72.6,18.0,2.62,30.9,45.2,57.9,75.9,18.0,improving,A,0
60129264-685b-457f-b874-c1fd21fe0585,1,Biology,300,68.5,14.0,2.26,22.7,51.9,,76.8,0.0,stable,A,0
60129264-685b-457f-b874-c1fd21fe0585,2,Biology,300,76.0,20.3,2.79,36.8,46.8,76.8,80.6,3.8,stable,A,0
61549309-e131-4278-9e20-745013ba0885,1,Law,200,100.0,17.0,2.9,38.6,38.9,,80.0,0.0,stable,A,0
61549309-e131-4278-9e20-745013ba0885,2,Law,200,39.1,6.9,3.78,21.6,39.6,80.0,57.1,-22.9,declining,C,1
9c885aae-4f3f-4fd2-a787-cea1ef8ce434,1,Biochemistry,200,100.0,18.0,2.84,33.0,53.8,,92.7,0.0,stable,A,0
9c885aae-4f3f-4fd2-a787-cea1ef8ce434,2,Biochemistry,200,89.3,22.9,2.26,28.8,34.0,92.7,64.1,-28.7,declining,B,0
654284dc-ce37-486b-958e-972d8de57cc2,1,Sociology,100,77.6,11.2,3.65,36.7,25.1,,60.0,0.0,stable,C,0
654284dc-ce37-486b-958e-972d8de57cc2,2,Sociology,100,87.3,9.7,2.36,37.6,23.7,60.0,60.4,0.4,stable,B,0
96c0c598-b059-4715-8192-bd4b76cac0eb,1,Accounting,200,79.9,9.1,3.63,28.1,52.9,,80.6,0.0,stable,A,0
96c0c598-b059-4715-8192-bd4b76cac0eb,2,Accounting,200,85.1,15.7,2.5,21.7,44.8,80.6,66.8,-13.8,declining,B,0
73821a1e-b7ef-4945-b63a-f8573d4b2763,1,Psychology,200,83.3,10.9,2.66,40.0,23.4,,65.6,0.0,stable,B,0
73821a1e-b7ef-4945-b63a-f8573d4b2763,2,Psychology,200,66.4,10.3,2.75,24.3,43.6,65.6,72.0,6.5,improving,A,0
8cc91c84-e428-48fd-a3e4-99ddf4a98a5f,1,Business Administration,100,82.1,12.5,2.21,34.0,59.9,,92.8,0.0,stable,A,0
8cc91c84-e428-48fd-a3e4-99ddf4a98a5f,2,Business Administration,100,69.4,9.2,2.61,15.1,40.8,92.8,53.4,-39.3,declining,C,0
13320002-3098-43f9-b723-958b1c074dec,1,Biology,200,50.8,15.8,2.13,23.5,55.2,,74.4,0.0,stable,A,0
13320002-3098-43f9-b723-958b1c074dec,2,Biology,200,52.0,13.3,3.92,17.5,46.4,74.4,65.7,-8.7,declining,B,0
64000b39-acb7-4967-969e-d31741b5784d,1,Mechanical Engineering,200,44.1,16.0,3.7,22.3,56.3,,82.0,0.0,stable,A,1
64000b39-acb7-4967-969e-d31741b5784d,2,Mechanical Engineering,200,76.5,9.7,2.22,30.1,42.1,82.0,71.2,-10.8,declining,A,0
d09b7b63-8331-4561-848e-69099572a777,1,Architecture,200,42.0,18.3,3.15,21.5,53.0,,79.1,0.0,stable,A,1
d09b7b63-8331-4561-848e-69099572a777,2,Architecture,200,33.0,14.2,1.86,24.1,40.1,79.1,66.1,-12.9,declining,B,1
3a4d4d22-d472-43d7-a140-866e9cb51169,1,Accounting,200,67.5,2.6,2.64,30.5,42.3,,69.3,0.0,stable,B,0
3a4d4d22-d472-43d7-a140-866e9cb51169,2,Accounting,200,90.4,8.8,3.29,30.5,39.7,69.3,72.9,3.5,stable,A,0
d2ca4fc4-1a19-4643-a540-4aa18c18cb27,1,Computer Engineering,300,56.6,8.6,3.15,38.3,28.8,,73.3,0.0,stable,A,0
d2ca4fc4-1a19-4643-a540-4aa18c18cb27,2,Computer Engineering,300,100.0,11.5,2.76,31.5,38.1,73.3,65.4,-7.9,declining,B,0
5973cc78-1bbe-4f29-b574-0892510d1998,1,Medicine,300,73.9,19.5,2.51,28.6,26.9,,56.6,0.0,stable,C,0
5973cc78-1bbe-4f29-b574-0892510d1998,2,Medicine,300,79.0,12.3,2.83,29.3,44.5,56.6,73.7,17.1,improving,A,0
96a9b121-a0f1-40c2-8957-ef8f5c18533e,1,Computer Science,200,79.7,13.1,3.9,34.3,44.1,,83.0,0.0,stable,A,0
96a9b121-a0f1-40c2-8957-ef8f5c18533e,2,Computer Science,200,81.3,18.5,3.49,22.1,58.3,83.0,80.7,-2.2,stable,A,0
941274d7-f3fc-46eb-a8a2-dc9abc3fb81c,1,Business Administration,100,74.2,13.4,2.72,31.0,34.1,,68.9,0.0,stable,B,0
941274d7-f3fc-46eb-a8a2-dc9abc3fb81c,2,Business Administration,100,73.3,10.1,2.26,31.0,38.6,68.9,70.8,1.9,stable,A,0
3b1c44af-14a6-4355-9355-1697f5195ad8,1,Computer Engineering,200,59.6,4.0,3.5,34.3,24.6,,63.7,0.0,stable,B,0
3b1c44af-14a6-4355-9355-1697f5195ad8,2,Computer Engineering,200,79.3,12.0,2.68,23.9,48.8,63.7,70.4,6.7,improving,A,0
b9fa9fbd-787e-4eb8-879e-e61aa8cf04a3,1,Computer Engineering,300,63.3,17.0,1.49,20.0,39.9,,60.8,0.0,stable,B,0
b9fa9fbd-787e-4eb8-879e-e61aa8cf04a3,2,Computer Engineering,300,82.3,10.5,5.0,30.3,40.2,60.8,68.1,7.3,improving,B,0
3d47bb23-dea2-4e78-adf3-6d768bb42a74,1,Mechanical Engineering,300,76.9,15.1,3.96,22.9,41.2,,65.5,0.0,stable,B,0
3d47bb23-dea2-4e78-adf3-6d768bb42a74,2,Mechanical Engineering,300,83.8,12.0,3.43,27.7,56.0,65.5,86.7,21.2,improving,A,0
b187de89-8e91-4efc-b436-4b8a87751dfc,1,Sociology,300,54.8,6.6,2.16,29.4,21.2,,49.6,0.0,stable,D,0
b187de89-8e91-4efc-b436-4b8a87751dfc,2,Sociology,300,81.8,11.7,3.21,26.0,45.7,49.6,69.9,20.3,improving,B,0
6ddc99cf-5c6f-41be-866c-8e17eab1d145,1,Computer Science,100,70.1,13.2,3.08,29.1,33.1,,61.3,0.0,stable,B,0
6ddc99cf-5c6f-41be-866c-8e17eab1d145,2,Computer Science,100,75.0,5.1,2.63,31.9,21.1,61.3,56.6,-4.8,stable,C,0
c0c7f686-15be-4277-9a95-30f692e99475,1,Political Science,200,94.0,5.8,4.09,33.1,41.5,,73.1,0.0,stable,A,0
c0c7f686-15be-4277-9a95-30f692e99475,2,Political Science,200,88.8,14.0,2.35,26.9,25.1,73.1,52.6,-20.5,declining,C,0
b04d744e-f5cc-4cc2-97be-9c399ab2f5ed,1,Mechanical Engineering,100,83.6,15.3,2.91,25.9,34.9,,64.3,0.0,stable,B,0
b04d744e-f5cc-4cc2-97be-9c399ab2f5ed,2,Mechanical Engineering,100,67.7,12.7,2.14,30.2,33.8,64.3,67.2,2.9,stable,B,0
e8604ddc-2691-49f3-9285-8c649a84cc01,1,Political Science,300,86.6,9.5,2.9,29.6,23.4,,50.4,0.0,stable,C,0
e8604ddc-2691-49f3-9285-8c649a84cc01,2,Political Science,300,78.0,13.6,3.12,29.1,50.3,50.4,79.6,29.2,improving,A,0
79fc026a-af4d-42a2-9af6-ebda65393d5c,1,Mechanical Engineering,100,85.5,3.1,0.0,33.5,13.0,,45.9,0.0,stable,D,0
79fc026a-af4d-42a2-9af6-ebda65393d5c,2,Mechanical Engineering,100,70.5,19.9,3.32,29.9,54.3,45.9,85.3,39.4,improving,A,0
07144b4c-0d49-4cb6-a442-6c21e84ff0ac,1,Accounting,300,68.1,17.4,2.11,30.2,26.1,,57.0,0.0,stable,C,0
07144b4c-0d49-4cb6-a442-6c21e84ff0ac,2,Accounting,300,77.9,20.4,1.75,27.6,51.3,57.0,79.9,22.9,improving,A,0
f0996085-c822-4421-bf94-79cfe8237b46,1,Mechanical Engineering,300,77.7,7.2,2.53,36.8,34.7,,72.6,0.0,stable,A,0
f0996085-c822-4421-bf94-79cfe8237b46,2,Mechanical Engineering,300,73.3,6.1,3.75,32.2,59.9,72.6,89.0,16.4,improving,A,0
c56d345a-b747-4e52-8a62-d194d9b83f69,1,Mechanical Engineering,100,87.3,5.4,3.13,37.4,14.4,,51.2,0.0,stable,C,0
c56d345a-b747-4e52-8a62-d194d9b83f69,2,Mechanical Engineering,100,66.6,8.5,3.31,33.9,36.3,51.2,70.9,19.7,improving,A,0
b9136749-efb1-41a4-9402-e5fc338db217,1,Medicine,200,76.7,12.0,2.13,35.9,40.8,,77.9,0.0,stable,A,0
b9136749-efb1-41a4-9402-e5fc338db217,2,Medicine,200,62.9,9.7,2.86,19.9,20.8,77.9,38.9,-39.0,declining,F,1
e7638b6c-0afd-4a6c-9822-3a9d0ef4a14e,1,Political Science,300,82.8,8.7,2.18,27.5,31.1,,57.5,0.0,stable,C,0
e7638b6c-0afd-4a6c-9822-3a9d0ef4a14e,2,Political Science,300,100.0,17.3,3.82,40.0,35.0,57.5,71.3,13.8,improving,A,0
c719f740-6455-4214-97ab-73074392576d,1,Computer Science,200,58.4,18.7,2.56,20.4,39.2,,58.9,0.0,stable,C,0
c719f740-6455-4214-97ab-73074392576d,2,Computer Science,200,79.0,13.3,2.34,34.2,32.8,58.9,66.5,7.7,improving,B,0
8e63ad14-3a77-42f9-ba5b-9ca315b365df,1,Accounting,100,85.3,8.8,2.54,35.0,27.8,,61.7,0.0,stable,B,0
8e63ad14-3a77-42f9-ba5b-9ca315b365df,2,Accounting,100,83.3,22.3,3.48,34.0,53.2,61.7,84.0,22.3,improving,A,0
9f2d0dbb-f76a-474e-84f5-babe35b8639a,1,Electrical Engineering,300,76.7,11.9,3.26,30.9,43.8,,73.8,0.0,stable,A,0
9f2d0dbb-f76a-474e-84f5-babe35b8639a,2,Electrical Engineering,300,75.9,5.9,2.74,37.1,37.9,73.8,74.9,1.2,stable,A,0
19f683c3-0bc7-4a14-a2f6-fd072a9d6b6d,1,Business Administration,100,100.0,5.2,2.11,40.0,33.4,,72.7,0.0,stable,A,0
19f683c3-0bc7-4a14-a2f6-fd072a9d6b6d,2,Business Administration,100,57.0,14.2,3.44,20.9,40.6,72.7,60.6,-12.1,declining,B,0
b8320100-1acd-45d1-a899-f2582a478e5f,1,Computer Engineering,300,78.8,6.4,4.0,35.3,33.9,,68.6,0.0,stable,B,0
b8320100-1acd-45d1-a899-f2582a478e5f,2,Computer Engineering,300,73.0,8.1,2.65,28.2,52.2,68.6,83.3,14.6,improving,A,0
c8bb1cb5-4817-4aeb-bf36-fe59fa162b64,1,Accounting,100,89.0,13.8,2.11,32.6,48.8,,77.6,0.0,stable,A,0
c8bb1cb5-4817-4aeb-bf36-fe59fa162b64,2,Accounting,100,84.5,23.6,3.85,39.0,51.7,77.6,93.6,16.0,improving,A,0
117f46de-38a7-4aa8-aa82-ed75baa0b299,1,Electrical Engineering,100,64.2,16.0,3.52,29.3,56.6,,84.3,0.0,stable,A,0
117f46de-38a7-4aa8-aa82-ed75baa0b299,2,Electrical Engineering,100,72.2,12.5,2.18,30.6,21.1,84.3,54.8,-29.5,declining,C,0
c7c5d3dc-3951-4e79-8434-f3441e1e1b3c,1,Medicine,200,75.7,9.4,2.33,29.0,43.3,,73.9,0.0,stable,A,0
c7c5d3dc-3951-4e79-8434-f3441e1e1b3c,2,Medicine,200,64.4,7.8,3.53,24.3,38.2,73.9,62.8,-11.0,declining,B,0
7a26c65d-c625-4367-b14e-dc72c92cf61d,1,Psychology,200,79.7,16.3,1.99,21.4,34.9,,61.7,0.0,stable,B,0
7a26c65d-c625-4367-b14e-dc72c92cf61d,2,Psychology,200,100.0,21.2,2.85,26.1,22.4,61.7,46.6,-15.1,declining,D,0
d31954f4-4eaf-49ad-9565-f6e7ec0b8961,1,Computer Science,100,72.0,18.5,3.69,30.5,36.7,,64.4,0.0,stable,B,0
d31954f4-4eaf-49ad-9565-f6e7ec0b8961,2,Computer Science,100,78.8,15.5,3.31,25.6,49.2,64.4,76.1,11.7,improving,A,0
36992c76-beda-4042-aba7-4e10f3f23cd0,1,Business Administration,100,58.9,8.1,3.55,25.6,53.8,,80.9,0.0,stable,A,0
36992c76-beda-4042-aba7-4e10f3f23cd0,2,Business Administration,100,67.7,11.9,3.05,24.9,30.5,80.9,57.5,-23.4,declining,C,0
73b841a0-f275-4158-9e4f-099450749d38,1,Electrical Engineering,300,87.7,15.0,4.21,29.8,60.0,,87.1,0.0,stable,A,0
73b841a0-f275-4158-9e4f-099450749d38,2,Electrical Engineering,300,59.8,3.2,2.64,24.4,37.8,87.1,63.0,-24.1,declining,B,0
62b81160-4199-4c58-9b3b-68b150563921,1,Law,100,57.1,10.0,2.7,17.5,27.8,,43.0,0.0,stable,F,1
62b81160-4199-4c58-9b3b-68b150563921,2,Law,100,96.5,13.0,3.53,26.8,53.3,43.0,84.0,41.0,improving,A,0
b4325403-6ccd-4aea-8520-6c4e1cd63fa3,1,Biology,100,45.0,8.5,3.4,27.2,31.1,,57.4,0.0,stable,C,1
b4325403-6ccd-4aea-8520-6c4e1cd63fa3,2,Biology,100,66.0,12.6,3.96,24.4,51.9,57.4,73.9,16.5,improving,A,0
ae63e8bd-56bd-48ef-9a47-4dd949f21ad3,1,Architecture,400,62.3,16.1,3.74,31.7,30.8,,61.1,0.0,stable,B,0
ae63e8bd-56bd-48ef-9a47-4dd949f21ad3,2,Architecture,400,87.3,12.2,2.14,34.8,30.9,61.1,71.0,9.9,improving,A,0
37dc44ec-3367-4a82-862f-8ef402d145cb,1,Political Science,200,98.2,15.0,4.09,35.0,51.6,,91.0,0.0,stable,A,0
37dc44ec-3367-4a82-862f-8ef402d145cb,2,Political Science,200,78.7,10.7,1.64,30.3,44.2,91.0,77.3,-13.6,declining,A,0
f8a89257-84ec-4045-982b-b3b0561bd446,1,Economics,300,82.6,9.3,1.42,29.0,31.4,,59.5,0.0,stable,C,0
f8a89257-84ec-4045-982b-b3b0561bd446,2,Economics,300,84.3,21.9,3.1,30.8,44.3,59.5,75.4,15.9,improving,A,0
6375ec42-bbe6-4b7b-9311-0c3a3c9f738a,1,Computer Engineering,200,62.6,12.6,3.36,28.6,45.3,,75.2,0.0,stable,A,0
6375ec42-bbe6-4b7b-9311-0c3a3c9f738a,2,Computer Engineering,200,48.4,15.2,2.46,19.2,29.7,75.2,50.2,-24.9,declining,C,1
6ab7a10a-3f03-4c72-ab23-f454cf0165a5,1,Economics,100,71.7,3.6,3.38,22.1,35.7,,58.6,0.0,stable,C,0
6ab7a10a-3f03-4c72-ab23-f454cf0165a5,2,Economics,100,88.3,20.9,1.91,32.4,41.0,58.6,74.7,16.1,improving,A,0
e9a2184e-8931-4735-87eb-0abd6bedd200,1,Psychology,100,78.2,10.2,2.65,25.1,47.5,,73.9,0.0,stable,A,0
e9a2184e-8931-4735-87eb-0abd6bedd200,2,Psychology,100,88.8,10.4,2.47,27.4,41.0,73.9,65.2,-8.7,declining,B,0
61d8c54e-efa4-41a4-9db4-de5167c3664a,1,Biology,300,100.0,5.5,3.22,40.0,41.3,,81.9,0.0,stable,A,0
61d8c54e-efa4-41a4-9db4-de5167c3664a,2,Biology,300,60.5,5.1,3.62,34.6,31.5,81.9,62.7,-19.2,declining,B,0
849dec39-c994-41f1-9877-d0d96543203a,1,Economics,200,38.1,7.1,2.91,30.6,42.6,,74.2,0.0,stable,A,1
849dec39-c994-41f1-9877-d0d96543203a,2,Economics,200,69.0,9.1,4.12,29.8,18.7,74.2,46.5,-27.7,declining,D,0
38caa104-1a2c-49e1-a3d6-82cf9e3f8521,1,Architecture,100,62.1,9.3,3.45,26.9,37.8,,68.6,0.0,stable,B,0
38caa104-1a2c-49e1-a3d6-82cf9e3f8521,2,Architecture,100,64.6,21.3,2.46,28.4,42.3,68.6,71.1,2.5,stable,A,0
4697f725-edd2-48f6-b2a5-be31712cf402,1,Computer Science,200,81.7,14.2,2.4,25.7,60.0,,84.3,0.0,stable,A,0
4697f725-edd2-48f6-b2a5-be31712cf402,2,Computer Science,200,85.5,4.0,2.78,31.5,38.1,84.3,61.4,-22.9,declining,B,0
b4ecd085-c816-44bd-adbf-2c79caca002d,1,Accounting,200,77.5,6.3,3.26,25.3,27.4,,51.9,0.0,stable,C,0
b4ecd085-c816-44bd-adbf-2c79caca002d,2,Accounting,200,59.2,9.6,2.05,17.7,46.1,51.9,59.9,8.0,improving,C,0
1df1abd8-9fab-40cf-953d-755495f32502,1,Law,100,72.3,15.8,2.51,25.3,43.5,,72.2,0.0,stable,A,0
1df1abd8-9fab-40cf-953d-755495f32502,2,Law,100,57.5,11.2,1.61,24.5,36.6,72.2,58.6,-13.7,declining,C,0
aa36a2f9-9bb9-44d0-8c39-9f120847efdb,1,Architecture,400,68.1,5.0,3.06,33.9,23.7,,55.7,0.0,stable,C,0
aa36a2f9-9bb9-44d0-8c39-9f120847efdb,2,Architecture,400,82.5,18.1,1.81,30.7,44.3,55.7,74.7,19.0,improving,A,0
103f6724-f07d-493d-8ee9-852785736455,1,Computer Engineering,100,37.8,14.5,4.22,23.2,33.5,,55.1,0.0,stable,C,1
103f6724-f07d-493d-8ee9-852785736455,2,Computer Engineering,100,100.0,16.5,3.51,36.8,37.2,55.1,73.4,18.3,improving,A,0
ecaa510f-eb8c-4e49-aab0-0e736add1cd3,1,Medicine,200,73.8,14.7,4.21,35.4,29.8,,65.8,0.0,stable,B,0
ecaa510f-eb8c-4e49-aab0-0e736add1cd3,2,Medicine,200,86.1,15.1,2.5,40.0,28.0,65.8,64.8,-1.0,stable,B,0
194d75ff-86b2-48a2-bb20-0b497bac2797,1,Computer Engineering,100,78.5,22.6,2.33,29.4,56.6,,85.9,0.0,stable,A,0
194d75ff-86b2-48a2-bb20-0b497bac2797,2,Computer Engineering,100,70.0,14.8,3.22,34.1,54.9,85.9,90.0,4.1,stable,A,0
113a5833-6e7b-4690-a23b-8091ccbe668c,1,Business Administration,300,79.4,13.1,3.39,31.2,41.1,,75.9,0.0,stable,A,0
113a5833-6e7b-4690-a23b-8091ccbe668c,2,Business Administration,300,97.7,4.5,3.01,31.1,31.1,75.9,63.4,-12.4,declining,B,0
729c5116-e1f1-482c-8e19-c1b8f69ff634,1,Sociology,300,85.0,11.4,1.47,27.2,45.1,,64.0,0.0,stable,B,0
729c5116-e1f1-482c-8e19-c1b8f69ff634,2,Sociology,300,92.8,14.6,4.05,32.6,22.9,64.0,56.8,-7.3,declining,C,0
e5ad3cd1-83fb-4c75-ae3f-18f11277c713,1,Economics,300,94.1,16.6,2.47,34.3,36.5,,68.3,0.0,stable,B,0
e5ad3cd1-83fb-4c75-ae3f-18f11277c713,2,Economics,300,89.3,6.0,2.28,27.3,19.0,68.3,46.7,-21.5,declining,D,0
ce7592cb-4c20-4f20-8264-c16f88730e77,1,Medicine,400,92.4,11.1,1.8,37.7,53.4,,89.1,0.0,stable,A,0
ce7592cb-4c20-4f20-8264-c16f88730e77,2,Medicine,400,67.8,14.6,4.3,26.0,30.7,89.1,58.5,-30.6,declining,C,0
94642007-735c-4e91-8a9d-b7de5a0332a2,1,Psychology,300,87.0,12.0,2.55,37.4,44.0,,79.0,0.0,stable,A,0
94642007-735c-4e91-8a9d-b7de5a0332a2,2,Psychology,300,75.7,5.2,3.55,28.8,31.5,79.0,60.2,-18.8,declining,B,0
66724aa1-ee89-404c-b9d4-d80de924ce4b,1,Business Administration,200,75.6,16.5,3.47,29.3,51.4,,81.9,0.0,stable,A,0
66724aa1-ee89-404c-b9d4-d80de924ce4b,2,Business Administration,200,68.6,11.4,2.88,31.2,35.2,81.9,65.3,-16.6,declining,B,0
386652d3-01d2-4f09-9a9e-0f7433db48fe,1,Economics,300,100.0,16.7,2.39,37.9,42.9,,81.9,0.0,stable,A,0
386652d3-01d2-4f09-9a9e-0f7433db48fe,2,Economics,300,77.1,17.9,3.28,30.1,54.8,81.9,85.6,3.7,stable,A,0
e80c26d8-909b-4d98-9a7b-d245ffe2306b,1,Law,100,76.8,13.6,2.93,30.4,34.7,,62.8,0.0,stable,B,0
e80c26d8-909b-4d98-9a7b-d245ffe2306b,2,Law,100,60.0,5.0,2.3,26.1,34.2,62.8,59.5,-3.3,stable,C,0
9057e1dd-0e2e-441f-a971-2feeed971383,1,Political Science,300,39.7,19.9,3.87,25.2,60.0,,82.2,0.0,stable,A,1
9057e1dd-0e2e-441f-a971-2feeed971383,2,Political Science,300,100.0,7.2,3.19,28.6,36.7,82.2,66.4,-15.8,declining,B,0
8d611774-ae28-4a22-9f1d-d2e5faa98214,1,Computer Engineering,300,72.7,15.6,3.08,26.9,36.6,,66.0,0.0,stable,B,0
8d611774-ae28-4a22-9f1d-d2e5faa98214,2,Computer Engineering,300,65.2,16.6,3.98,19.7,56.1,66.0,82.0,16.0,improving,A,0
61a07257-67e8-4d2c-84b0-80ecce84d1a0,1,Sociology,300,78.8,15.0,3.83,29.4,45.2,,70.6,0.0,stable,A,0
61a07257-67e8-4d2c-84b0-80ecce84d1a0,2,Sociology,300,77.1,14.5,3.41,35.7,34.4,70.6,68.6,-2.1,stable,B,0
aab761c4-b379-416f-a149-b5355cee4865,1,Biology,100,100.0,11.2,3.16,34.7,31.1,,70.7,0.0,stable,A,0
aab761c4-b379-416f-a149-b5355cee4865,2,Biology,100,67.1,6.4,2.64,18.4,28.3,70.7,43.8,-26.9,declining,F,1
f8c30391-e501-4fdc-b357-229e5cdca2d8,1,Law,400,84.3,8.6,3.71,38.8,46.4,,84.6,0.0,stable,A,0
f8c30391-e501-4fdc-b357-229e5cdca2d8,2,Law,400,77.1,4.4,2.89,26.1,40.9,84.6,74.7,-9.9,declining,A,0
1546ad95-9285-4cdf-829f-c07839123d34,1,Biochemistry,100,82.5,2.0,2.71,32.1,32.8,,62.7,0.0,stable,B,0
1546ad95-9285-4cdf-829f-c07839123d34,2,Biochemistry,100,78.7,5.8,2.24,34.0,23.5,62.7,59.0,-3.6,stable,C,0
6e4be85c-f9cd-469e-b0a5-d399114b3091,1,Law,300,54.5,20.8,2.38,24.8,47.9,,71.0,0.0,stable,A,0
6e4be85c-f9cd-469e-b0a5-d399114b3091,2,Law,300,77.2,14.9,3.77,34.4,41.4,71.0,75.4,4.4,stable,A,0
ecee9acc-86b1-434d-9b49-9e3112eb642d,1,Accounting,200,100.0,16.7,2.26,35.5,38.1,,73.2,0.0,stable,A,0
ecee9acc-86b1-434d-9b49-9e3112eb642d,2,Accounting,200,56.6,9.9,4.45,29.2,16.1,73.2,48.9,-24.3,declining,D,0
d917842f-84c5-4f39-9049-3aed7e42433b,1,Law,400,91.3,10.2,3.57,29.0,34.7,,68.2,0.0,stable,B,0
d917842f-84c5-4f39-9049-3aed7e42433b,2,Law,400,70.9,2.7,2.95,28.8,44.8,68.2,73.6,5.4,improving,A,0
33f14902-dcae-49b3-b332-997773dd882d,1,Biology,100,68.7,17.2,3.1,25.0,55.0,,80.6,0.0,stable,A,0
33f14902-dcae-49b3-b332-997773dd882d,2,Biology,100,75.0,12.9,2.14,27.4,38.5,80.6,65.3,-15.3,declining,B,0
b1058607-f417-43d5-bbfd-c636e7f811e2,1,Medicine,400,94.1,13.1,3.68,33.9,52.3,,87.3,0.0,stable,A,0
b1058607-f417-43d5-bbfd-c636e7f811e2,2,Medicine,400,75.2,11.9,2.24,32.6,37.6,87.3,68.7,-18.7,declining,B,0
6a035644-db31-42ee-a6d2-c8d75f0dd94d,1,Medicine,300,91.6,5.7,2.66,38.5,37.6,,75.9,0.0,stable,A,0
6a035644-db31-42ee-a6d2-c8d75f0dd94d,2,Medicine,300,78.8,12.9,1.79,29.0,54.0,75.9,81.0,5.1,improving,A,0
a221d7fb-beb8-41e2-a930-9e595e05ad8f,1,Medicine,200,70.2,9.3,2.93,26.1,42.4,,69.1,0.0,stable,B,0
a221d7fb-beb8-41e2-a930-9e595e05ad8f,2,Medicine,200,86.6,6.7,2.73,31.2,39.8,69.1,68.6,-0.4,stable,B,0
86bde67c-9d8f-4744-ae0a-97c570288b3e,1,Sociology,200,88.7,17.9,2.21,30.3,36.9,,75.1,0.0,stable,A,0
86bde67c-9d8f-4744-ae0a-97c570288b3e,2,Sociology,200,68.6,20.4,1.99,23.8,36.7,75.1,57.9,-17.2,declining,C,0
8a7bff47-639c-4075-8f6f-060cbd134e05,1,Computer Engineering,100,71.0,8.5,2.34,35.0,48.0,,85.8,0.0,stable,A,0
8a7bff47-639c-4075-8f6f-060cbd134e05,2,Computer Engineering,100,82.9,12.5,2.6,26.8,42.7,85.8,66.0,-19.8,declining,B,0
148a4cea-1eec-4f49-925d-a92d828ead38,1,Accounting,100,60.1,17.8,4.52,29.0,57.8,,86.0,0.0,stable,A,0
148a4cea-1eec-4f49-925d-a92d828ead38,2,Accounting,100,54.9,15.1,3.46,26.3,40.2,86.0,69.5,-16.6,declining,B,0
d835124b-a7a2-438a-8d7a-c5da331023b7,1,Computer Engineering,200,60.2,8.1,2.19,27.5,24.3,,49.7,0.0,stable,D,0
d835124b-a7a2-438a-8d7a-c5da331023b7,2,Computer Engineering,200,64.4,10.7,1.81,28.3,48.7,49.7,77.5,27.7,improving,A,0
d2b8774f-9310-4b2a-a855-b75ab3861f43,1,Computer Engineering,300,98.1,18.7,3.62,35.0,45.8,,83.1,0.0,stable,A,0
d2b8774f-9310-4b2a-a855-b75ab3861f43,2,Computer Engineering,300,69.1,2.6,3.39,23.2,24.0,83.1,47.2,-35.9,declining,D,0
12cb9bc2-de7f-47ab-8280-fc4050db1eaf,1,Biology,200,73.6,4.9,3.13,34.5,23.5,,61.9,0.0,stable,B,0
12cb9bc2-de7f-47ab-8280-fc4050db1eaf,2,Biology,200,51.6,22.6,2.67,26.0,27.6,61.9,53.4,-8.5,declining,C,0
658e1662-4ca9-45b0-b1ad-24575ab09187,1,Political Science,100,78.4,11.6,2.55,26.0,49.7,,75.7,0.0,stable,A,0
658e1662-4ca9-45b0-b1ad-24575ab09187,2,Political Science,100,98.1,9.4,2.65,38.7,20.8,75.7,55.8,-19.9,declining,C,0
976e2f89-2e4f-4ec4-bfc2-eb59cd8e76c7,1,Economics,100,91.5,6.1,1.54,40.0,18.5,,59.1,0.0,stable,C,0
976e2f89-2e4f-4ec4-bfc2-eb59cd8e76c7,2,Economics,100,76.0,0.0,2.79,32.4,34.1,59.1,69.3,10.2,improving,B,0
b14d8f9c-7ee2-4a26-9691-47cd3b0bb29c,1,Psychology,300,69.2,15.6,2.45,21.8,28.0,,45.4,0.0,stable,D,0
b14d8f9c-7ee2-4a26-9691-47cd3b0bb29c,2,Psychology,300,90.1,4.4,3.22,31.7,33.6,45.4,69.4,23.9,improving,B,0
94e28bac-7b54-43af-be5c-7a2c5a836922,1,Economics,200,68.4,15.1,3.03,27.9,60.0,,83.6,0.0,stable,A,0
94e28bac-7b54-43af-be5c-7a2c5a836922,2,Economics,200,94.3,15.3,2.62,40.0,22.7,83.6,61.1,-22.5,declining,B,0
b268aa4c-1653-46bc-9cbc-36e0cab8aacd,1,Sociology,100,56.9,14.1,2.11,28.5,37.4,,64.5,0.0,stable,B,0
b268aa4c-1653-46bc-9cbc-36e0cab8aacd,2,Sociology,100,80.8,10.7,2.13,40.0,32.0,64.5,65.3,0.8,stable,B,0
3ba1094d-c605-43f4-9a59-22010b8ca44d,1,Law,300,62.4,5.7,3.66,29.1,40.4,,68.3,0.0,stable,B,0
3ba1094d-c605-43f4-9a59-22010b8ca44d,2,Law,300,70.8,10.1,2.94,33.3,41.5,68.3,76.3,8.0,improving,A,0
88aa0637-c317-40d8-aae0-cd13779802a8,1,Accounting,300,82.5,16.4,3.23,33.3,55.1,,86.4,0.0,stable,A,0
88aa0637-c317-40d8-aae0-cd13779802a8,2,Accounting,300,62.2,6.1,3.15,18.2,40.3,86.4,58.1,-28.3,declining,C,0
db3a18cf-339b-45a7-b2ef-e76156c81261,1,Political Science,200,92.0,8.6,2.84,39.0,50.7,,87.7,0.0,stable,A,0
db3a18cf-339b-45a7-b2ef-e76156c81261,2,Political Science,200,77.7,13.5,3.3,29.2,54.0,87.7,77.6,-10.1,declining,A,0
f8a923da-8aea-4a85-b6c4-d55eaabd6bf5,1,Accounting,300,68.7,14.2,3.37,35.5,53.9,,88.5,0.0,stable,A,0
f8a923da-8aea-4a85-b6c4-d55eaabd6bf5,2,Accounting,300,94.5,8.4,3.74,40.0,50.7,88.5,91.0,2.4,stable,A,0
c6403e8a-214e-4b42-8350-fd7701eeb7cf,1,Computer Science,200,70.0,4.4,3.25,23.4,26.7,,46.5,0.0,stable,D,0
c6403e8a-214e-4b42-8350-fd7701eeb7cf,2,Computer Science,200,68.1,11.9,3.22,25.6,50.6,46.5,75.6,29.1,improving,A,0
9ad1d4f8-e159-4109-8267-51fcb03ad83c,1,Psychology,200,63.2,13.1,4.57,29.3,39.9,,64.6,0.0,stable,B,0
9ad1d4f8-e159-4109-8267-51fcb03ad83c,2,Psychology,200,71.7,13.2,2.69,21.0,31.3,64.6,56.7,-8.0,declining,C,0
e573f317-efda-4e4d-975a-a0afc66d2df6,1,Medicine,100,96.5,7.6,3.54,28.4,51.5,,80.7,0.0,stable,A,0
e573f317-efda-4e4d-975a-a0afc66d2df6,2,Medicine,100,89.2,3.4,3.54,32.8,43.0,80.7,78.6,-2.1,stable,A,0
0fda67f3-1fea-4311-bc60-8f6656a27848,1,Psychology,300,76.0,9.0,3.62,29.9,29.9,,57.1,0.0,stable,C,0
0fda67f3-1fea-4311-bc60-8f6656a27848,2,Psychology,300,52.8,9.4,3.88,26.5,34.2,57.1,63.1,6.0,improving,B,0
5e4599e2-c846-42cc-ba3a-a1b114b6f261,1,Mechanical Engineering,100,62.5,12.5,2.86,31.4,23.9,,52.7,0.0,stable,C,0
5e4599e2-c846-42cc-ba3a-a1b114b6f261,2,Mechanical Engineering,100,50.4,10.7,3.97,22.6,35.5,52.7,60.6,7.9,improving,B,0
6646490d-2012-4aae-8a05-6179318818e1,1,Sociology,200,91.0,11.6,3.55,27.8,54.1,,88.4,0.0,stable,A,0
6646490d-2012-4aae-8a05-6179318818e1,2,Sociology,200,82.8,1.6,2.55,34.6,27.0,88.4,65.5,-22.9,declining,B,0
bd0478ca-138a-4bd9-b376-c22140c67636,1,Mechanical Engineering,100,83.8,8.5,3.03,27.3,35.3,,60.9,0.0,stable,B,0
bd0478ca-138a-4bd9-b376-c22140c67636,2,Mechanical Engineering,100,92.6,22.6,1.86,23.9,42.4,60.9,61.7,0.8,stable,B,0
608e18ad-f114-4f16-bd14-750cb8d5ae4d,1,Medicine,300,75.7,15.7,4.2,31.1,42.7,,67.9,0.0,stable,B,0
608e18ad-f114-4f16-bd14-750cb8d5ae4d,2,Medicine,300,75.4,12.4,3.51,26.5,36.5,67.9,58.6,-9.3,declining,C,0
4429bce5-2737-4506-87bb-d17b7939855e,1,Computer Engineering,200,40.6,6.5,1.74,24.8,27.9,,51.1,0.0,stable,C,1
4429bce5-2737-4506-87bb-d17b7939855e,2,Computer Engineering,200,60.2,0.0,4.21,22.0,29.3,51.1,47.0,-4.1,stable,D,0
59e5c989-d64c-4b79-80b7-a6bb5629c20c,1,Psychology,100,89.6,12.7,2.34,31.0,55.5,,86.3,0.0,stable,A,0
59e5c989-d64c-4b79-80b7-a6bb5629c20c,2,Psychology,100,72.3,7.3,1.48,28.7,36.4,86.3,68.4,-17.9,declining,B,0
6c54b790-e359-40ed-abde-77aab71c599e,1,Political Science,200,41.3,6.4,2.54,23.2,33.2,,56.0,0.0,stable,C,1
6c54b790-e359-40ed-abde-77aab71c599e,2,Political Science,200,81.1,7.5,3.75,33.4,34.6,56.0,72.8,16.8,improving,A,0
ff98dbd4-27d2-401f-8bb3-b65a34138fbb,1,Accounting,300,98.3,16.7,0.59,40.0,46.0,,92.0,0.0,stable,A,0
ff98dbd4-27d2-401f-8bb3-b65a34138fbb,2,Accounting,300,93.6,19.9,3.7,40.0,60.0,92.0,100.0,8.0,improving,A,0
33339db1-62f7-4212-8720-c01b2460bae1,1,Political Science,300,51.4,10.5,3.31,25.7,26.6,,47.4,0.0,stable,D,0
33339db1-62f7-4212-8720-c01b2460bae1,2,Political Science,300,63.9,16.0,4.26,32.4,55.6,47.4,87.7,40.3,improving,A,0
4639f992-0b56-4118-8d52-47ba7d49edaa,1,Psychology,300,48.9,9.7,2.79,22.3,38.1,,61.7,0.0,stable,B,1
4639f992-0b56-4118-8d52-47ba7d49edaa,2,Psychology,300,87.8,10.6,1.48,30.1,36.0,61.7,69.8,8.1,improving,B,0
24003ff5-cdab-44a4-9194-3cc88a02343e,1,Sociology,300,66.5,14.6,3.23,28.5,51.2,,77.7,0.0,stable,A,0
24003ff5-cdab-44a4-9194-3cc88a02343e,2,Sociology,300,66.4,11.9,2.49,30.8,31.4,77.7,62.9,-14.8,declining,B,0
f56d5fe2-0c2a-4221-b82d-2d0fdf8c3d51,1,Computer Science,300,73.5,13.1,2.63,28.0,40.6,,69.2,0.0,stable,B,0
f56d5fe2-0c2a-4221-b82d-2d0fdf8c3d51,2,Computer Science,300,74.9,20.5,2.21,29.7,28.3,69.2,59.1,-10.1,declining,C,0
c053c62d-4dfe-455e-bff9-e3af565d3462,1,Biochemistry,300,58.3,10.6,2.7,28.1,32.5,,58.7,0.0,stable,C,0
c053c62d-4dfe-455e-bff9-e3af565d3462,2,Biochemistry,300,96.5,13.4,2.55,33.1,56.1,58.7,88.5,29.8,improving,A,0
22538434-033f-4867-b240-1f8dd1fe6453,1,Accounting,300,64.7,8.6,2.56,25.0,23.4,,45.0,0.0,stable,D,0
22538434-033f-4867-b240-1f8dd1fe6453,2,Accounting,300,62.6,15.0,2.7,26.5,53.8,45.0,84.1,39.1,improving,A,0
6bf1760d-836f-486b-8c92-7c8520b10318,1,Business Administration,100,70.8,8.8,2.31,32.6,33.9,,65.3,0.0,stable,B,0
6bf1760d-836f-486b-8c92-7c8520b10318,2,Business Administration,100,62.8,8.2,3.26,21.0,47.3,65.3,66.7,1.3,stable,B,0
2be5739a-542d-4e8d-821b-a0d36662e7d8,1,Electrical Engineering,200,72.8,5.3,2.99,27.9,34.3,,66.6,0.0,stable,B,0
2be5739a-542d-4e8d-821b-a0d36662e7d8,2,Electrical Engineering,200,77.7,8.0,2.43,33.5,48.6,66.6,82.9,16.3,improving,A,0
514b8a74-33d8-48d7-831b-737aab39bea1,1,Biology,200,85.3,15.0,4.14,22.3,50.7,,76.0,0.0,stable,A,0
514b8a74-33d8-48d7-831b-737aab39bea1,2,Biology,200,54.9,7.6,2.32,22.3,30.2,76.0,53.3,-22.7,declining,C,0
f032d9f9-0789-46ae-9554-36c0ce087a52,1,Biochemistry,200,88.0,17.4,2.33,28.4,55.3,,85.6,0.0,stable,A,0
f032d9f9-0789-46ae-9554-36c0ce087a52,2,Biochemistry,200,76.2,14.4,2.98,32.9,37.9,85.6,71.5,-14.0,declining,A,0
be773d8a-79cf-4f86-8957-46990c221d4d,1,Medicine,100,52.3,8.6,2.46,23.6,26.8,,48.8,0.0,stable,D,0
be773d8a-79cf-4f86-8957-46990c221d4d,2,Medicine,100,52.3,14.7,2.93,16.9,33.1,48.8,51.0,2.2,stable,C,0
27706d24-5832-4fe5-9cf6-f55cd695af8c,1,Electrical Engineering,100,66.9,8.5,2.94,30.1,22.6,,54.3,0.0,stable,C,0
27706d24-5832-4fe5-9cf6-f55cd695af8c,2,Electrical Engineering,100,63.0,11.9,2.97,25.0,29.2,54.3,53.3,-1.0,stable,C,0
37754c2a-ca06-4aea-ac0e-56ec2f4a299c,1,Psychology,300,99.4,5.2,4.35,33.6,37.8,,68.1,0.0,stable,B,0
37754c2a-ca06-4aea-ac0e-56ec2f4a299c,2,Psychology,300,63.4,9.5,2.16,26.6,32.0,68.1,64.2,-3.9,stable,B,0
4fbd23ff-4215-4749-ac7a-49d0eb08a9b0,1,Law,100,57.5,12.5,3.2,21.2,47.2,,67.2,0.0,stable,B,0
4fbd23ff-4215-4749-ac7a-49d0eb08a9b0,2,Law,100,37.6,15.3,2.11,17.3,47.0,67.2,63.3,-3.9,stable,B,1
189b0a0e-e1bd-4cca-a2ab-647829c11fca,1,Electrical Engineering,300,88.8,18.1,2.48,36.7,35.3,,78.7,0.0,stable,A,0
189b0a0e-e1bd-4cca-a2ab-647829c11fca,2,Electrical Engineering,300,64.6,17.1,3.68,29.5,37.9,78.7,66.9,-11.8,declining,B,0
dc6b3596-c52c-4d76-b5e6-650f0ce995c5,1,Sociology,100,42.7,13.1,3.28,24.2,11.2,,31.6,0.0,stable,F,1
dc6b3596-c52c-4d76-b5e6-650f0ce995c5,2,Sociology,100,63.8,13.5,3.23,26.9,47.4,31.6,71.3,39.6,improving,A,0
8e6d3629-dcb6-4e30-85d1-992e7925a9ff,1,Computer Engineering,300,84.2,14.4,3.3,30.9,60.0,,92.4,0.0,stable,A,0
8e6d3629-dcb6-4e30-85d1-992e7925a9ff,2,Computer Engineering,300,60.5,13.2,3.6,24.2,52.6,92.4,77.9,-14.5,declining,A,0
389f28b7-c899-4137-b774-384fc9e6630c,1,Economics,100,39.9,13.5,2.68,25.7,49.4,,75.7,0.0,stable,A,1
389f28b7-c899-4137-b774-384fc9e6630c,2,Economics,100,100.0,11.1,3.5,39.0,39.0,75.7,80.3,4.6,stable,A,0
798e10cb-8dbe-4432-a651-aeaa1b70058f,1,Law,400,66.1,9.9,1.95,29.4,39.2,,72.2,0.0,stable,A,0
798e10cb-8dbe-4432-a651-aeaa1b70058f,2,Law,400,86.9,10.6,2.06,34.5,47.8,72.2,84.6,12.4,improving,A,0
9f0fb869-42a4-4eec-b57c-f946e367a7de,1,Architecture,300,91.3,10.9,2.63,29.6,37.5,,66.8,0.0,stable,B,0
9f0fb869-42a4-4eec-b57c-f946e367a7de,2,Architecture,300,78.1,11.4,2.89,26.7,48.3,66.8,75.3,8.4,improving,A,0
21cb9449-7bd5-43d7-8c65-049ac6ad8fa3,1,Electrical Engineering,200,72.4,8.3,1.93,36.0,40.3,,71.5,0.0,stable,A,0
21cb9449-7bd5-43d7-8c65-049ac6ad8fa3,2,Electrical Engineering,200,86.4,16.6,3.1,40.0,45.2,71.5,81.0,9.5,improving,A,0
0be0d026-cdd5-446e-b228-f280bc7a044e,1,Business Administration,300,80.5,13.2,2.52,34.0,22.8,,59.7,0.0,stable,C,0
0be0d026-cdd5-446e-b228-f280bc7a044e,2,Business Administration,300,61.8,7.1,2.91,29.5,37.5,59.7,64.8,5.1,improving,B,0
c7448862-8d2a-4985-b634-06fdcb2ed540,1,Medicine,100,67.4,6.3,2.82,33.9,35.1,,71.6,0.0,stable,A,0
c7448862-8d2a-4985-b634-06fdcb2ed540,2,Medicine,100,96.8,9.1,2.85,40.0,51.6,71.6,86.6,15.0,improving,A,0
dcae45b0-85a5-4d73-892f-a2255e025256,1,Biochemistry,100,80.8,12.0,3.66,27.4,32.5,,57.9,0.0,stable,C,0
dcae45b0-85a5-4d73-892f-a2255e025256,2,Biochemistry,100,66.4,16.1,2.06,25.2,22.7,57.9,50.9,-7.0,declining,C,0
b0a96d91-9131-4575-b393-b744c0b8a3e7,1,Electrical Engineering,100,94.1,10.4,2.76,36.1,52.7,,90.0,0.0,stable,A,0
b0a96d91-9131-4575-b393-b744c0b8a3e7,2,Electrical Engineering,100,64.5,3.9,2.11,28.3,25.5,90.0,54.3,-35.7,declining,C,0
0f3cf6cc-2053-4210-a874-0f6ca9f92df3,1,Political Science,300,66.7,6.7,2.06,36.2,42.8,,84.1,0.0,stable,A,0
0f3cf6cc-2053-4210-a874-0f6ca9f92df3,2,Political Science,300,83.1,9.9,4.06,31.5,42.4,84.1,73.7,-10.5,declining,A,0
1f5e3848-dfab-4003-a6ce-8bd46d749468,1,Computer Science,300,30.8,20.0,3.39,22.8,45.5,,68.8,0.0,stable,B,1
1f5e3848-dfab-4003-a6ce-8bd46d749468,2,Computer Science,300,66.0,15.1,1.95,29.1,45.3,68.8,73.8,5.1,improving,A,0
c3271436-931e-4c6c-acd7-fe330897a015,1,Computer Engineering,200,80.6,7.0,2.23,32.3,41.3,,67.9,0.0,stable,B,0
c3271436-931e-4c6c-acd7-fe330897a015,2,Computer Engineering,200,82.8,9.3,2.85,24.9,28.8,67.9,56.6,-11.4,declining,C,0
66e09678-7c5d-402a-ac9c-aca0092ff1b1,1,Architecture,400,75.5,10.1,2.91,32.5,42.4,,74.7,0.0,stable,A,0
66e09678-7c5d-402a-ac9c-aca0092ff1b1,2,Architecture,400,91.4,16.9,3.33,33.6,50.3,74.7,84.8,10.0,improving,A,0
17374353-7a74-4a27-bb93-259723b6eebd,1,Architecture,400,90.9,16.5,2.19,27.8,34.1,,64.8,0.0,stable,B,0
17374353-7a74-4a27-bb93-259723b6eebd,2,Architecture,400,51.4,14.0,3.29,31.1,43.4,64.8,70.4,5.6,improving,A,0
fcc56325-5547-4b5e-aaca-b0ac2c9e3d4f,1,Law,300,60.6,6.1,2.57,26.2,22.8,,53.5,0.0,stable,C,0
fcc56325-5547-4b5e-aaca-b0ac2c9e3d4f,2,Law,300,55.1,18.7,3.95,30.5,39.3,53.5,70.9,17.4,improving,A,0
b60ef926-0057-414e-a6c0-87a13899aa46,1,Mechanical Engineering,300,55.8,16.6,2.94,24.1,30.5,,47.2,0.0,stable,D,0
b60ef926-0057-414e-a6c0-87a13899aa46,2,Mechanical Engineering,300,59.4,17.6,2.68,26.0,49.5,47.2,80.9,33.8,improving,A,0
f6dd1bb4-1ed0-4dd5-ac2e-9396dc679ae3,1,Computer Engineering,200,94.9,7.1,1.45,40.0,55.7,,96.2,0.0,stable,A,0
f6dd1bb4-1ed0-4dd5-ac2e-9396dc679ae3,2,Computer Engineering,200,55.9,16.8,2.91,25.6,51.8,96.2,78.4,-17.8,declining,A,0
11900dfe-7640-4d65-b760-28ef592781e3,1,Law,100,57.2,10.4,3.53,29.0,42.1,,73.9,0.0,stable,A,0
11900dfe-7640-4d65-b760-28ef592781e3,2,Law,100,69.6,12.9,0.3,26.7,42.4,73.9,67.9,-5.9,declining,B,0
7eb05113-9fad-4d11-bb9d-5efa5ab7ad7d,1,Business Administration,300,68.0,6.8,3.8,31.3,45.7,,71.9,0.0,stable,A,0
7eb05113-9fad-4d11-bb9d-5efa5ab7ad7d,2,Business Administration,300,72.6,10.6,2.78,26.4,34.7,71.9,63.6,-8.2,declining,B,0
37e024b6-6ef2-4ca3-8943-c727b5e38f37,1,Sociology,300,46.3,20.9,3.39,24.0,55.8,,75.5,0.0,stable,A,1
37e024b6-6ef2-4ca3-8943-c727b5e38f37,2,Sociology,300,65.0,11.4,4.09,27.8,45.8,75.5,71.8,-3.6,stable,A,0
46e171c8-61ed-406c-a64e-fc5c2fa1807a,1,Architecture,300,82.3,20.4,3.8,31.1,53.9,,86.7,0.0,stable,A,0
46e171c8-61ed-406c-a64e-fc5c2fa1807a,2,Architecture,300,82.6,17.6,3.88,30.9,51.7,86.7,81.5,-5.2,declining,A,0
6b97a97b-ed1c-4872-a1ce-ccde29be275e,1,Computer Science,100,61.2,10.7,2.94,18.9,47.1,,57.7,0.0,stable,C,0
6b97a97b-ed1c-4872-a1ce-ccde29be275e,2,Computer Science,100,100.0,19.5,2.79,35.0,47.5,57.7,80.8,23.1,improving,A,0
d44871cd-59b6-412e-b8cf-6408931399cc,1,Law,100,77.9,11.3,2.92,31.5,25.8,,57.4,0.0,stable,C,0
d44871cd-59b6-412e-b8cf-6408931399cc,2,Law,100,77.5,12.6,2.83,36.2,36.1,57.4,73.0,15.6,improving,A,0
770fbc48-5e73-48ef-91a6-9eb6c1f8f74a,1,Computer Science,100,94.5,11.6,3.17,33.4,52.0,,84.6,0.0,stable,A,0
770fbc48-5e73-48ef-91a6-9eb6c1f8f74a,2,Computer Science,100,94.3,11.5,2.31,37.2,34.8,84.6,73.9,-10.8,declining,A,0
e7d4ab12-2afa-44e8-8c4a-f9e04ee01557,1,Business Administration,100,34.1,12.0,2.63,16.5,33.3,,48.1,0.0,stable,D,1
e7d4ab12-2afa-44e8-8c4a-f9e04ee01557,2,Business Administration,100,74.3,5.2,3.25,36.7,38.0,48.1,77.1,29.0,improving,A,0
62bfb4fb-32d5-4677-9de0-d1a46ff71618,1,Political Science,100,91.4,18.2,4.5,30.8,39.8,,72.9,0.0,stable,A,0
62bfb4fb-32d5-4677-9de0-d1a46ff71618,2,Political Science,100,85.6,15.9,4.51,32.2,49.6,72.9,78.9,5.9,improving,A,0
5c7011af-3642-4ecc-9548-d03d77ba4750,1,Political Science,200,100.0,10.3,2.75,33.3,31.4,,62.5,0.0,stable,B,0
5c7011af-3642-4ecc-9548-d03d77ba4750,2,Political Science,200,67.1,5.2,2.37,38.2,40.8,62.5,81.7,19.2,improving,A,0
212c92da-69e3-4a1d-9ab2-17f87ad14428,1,Business Administration,200,92.7,21.2,1.58,27.4,35.3,,61.2,0.0,stable,B,0
212c92da-69e3-4a1d-9ab2-17f87ad14428,2,Business Administration,200,70.5,9.8,3.18,29.3,31.1,61.2,53.8,-7.4,declining,C,0
ff305ca3-79b3-4b6c-8d05-e05f2297cf0c,1,Computer Engineering,100,60.1,9.3,2.8,21.4,32.3,,50.3,0.0,stable,C,0
ff305ca3-79b3-4b6c-8d05-e05f2297cf0c,2,Computer Engineering,100,73.1,6.6,2.32,23.1,32.8,50.3,53.3,3.0,stable,C,0
ebd58095-c48d-41f9-a3cc-bc92c523851c,1,Architecture,400,88.6,14.0,2.94,28.7,44.7,,75.5,0.0,stable,A,0
ebd58095-c48d-41f9-a3cc-bc92c523851c,2,Architecture,400,77.1,20.0,3.37,35.0,47.4,75.5,84.4,8.9,improving,A,0
e67424e5-e572-4f9d-b7da-b053d45bd786,1,Electrical Engineering,100,63.0,9.7,3.28,29.3,43.6,,76.2,0.0,stable,A,0
e67424e5-e572-4f9d-b7da-b053d45bd786,2,Electrical Engineering,100,53.6,7.1,3.18,22.1,60.0,76.2,83.7,7.5,improving,A,0
681028cc-4727-4b5c-918b-8d1daf318a19,1,Law,200,73.8,9.4,2.62,29.9,38.1,,66.6,0.0,stable,B,0
681028cc-4727-4b5c-918b-8d1daf318a19,2,Law,200,70.9,18.7,4.11,30.4,33.2,66.6,65.2,-1.4,stable,B,0
39b530b4-f794-4348-a8fc-8521de9f12bc,1,Economics,300,98.3,18.8,3.59,40.0,46.2,,88.1,0.0,stable,A,0
39b530b4-f794-4348-a8fc-8521de9f12bc,2,Economics,300,64.8,13.5,4.06,25.0,34.1,88.1,59.4,-28.6,declining,C,0
2a65c91d-c44b-46c8-9f7c-bfc336522e9b,1,Accounting,300,71.6,15.2,2.64,37.9,28.3,,69.9,0.0,stable,B,0
2a65c91d-c44b-46c8-9f7c-bfc336522e9b,2,Accounting,300,63.5,3.0,3.19,26.4,22.4,69.9,43.8,-26.1,declining,F,1
fb983b13-2318-4c73-a225-742c930a892d,1,Political Science,200,74.9,16.9,3.47,30.3,48.8,,79.0,0.0,stable,A,0
fb983b13-2318-4c73-a225-742c930a892d,2,Political Science,200,53.6,4.9,2.84,24.9,42.7,79.0,69.9,-9.1,declining,B,0
a83daff8-98f1-4c29-b897-4544951b9b33,1,Computer Engineering,200,84.1,10.6,1.9,33.9,41.6,,68.3,0.0,stable,B,0
a83daff8-98f1-4c29-b897-4544951b9b33,2,Computer Engineering,200,62.5,8.5,3.09,23.5,36.9,68.3,59.8,-8.6,declining,C,0
b3b03c82-c682-452f-8264-8a6c0fcf8060,1,Accounting,300,72.6,8.4,2.49,24.1,39.8,,65.6,0.0,stable,B,0
b3b03c82-c682-452f-8264-8a6c0fcf8060,2,Accounting,300,63.4,19.6,2.75,35.3,38.1,65.6,67.3,1.7,stable,B,0
40476fa5-47bb-460b-bfe9-6a8f62a332ac,1,Computer Science,200,81.0,13.2,3.03,28.0,40.2,,66.6,0.0,stable,B,0
40476fa5-47bb-460b-bfe9-6a8f62a332ac,2,Computer Science,200,70.5,16.2,3.15,32.1,40.6,66.6,71.7,5.0,improving,A,0
acf550dd-2bd8-4f8d-be53-d5459e6e37ea,1,Computer Science,200,57.7,10.1,0.34,23.6,32.1,,57.4,0.0,stable,C,0
acf550dd-2bd8-4f8d-be53-d5459e6e37ea,2,Computer Science,200,71.0,13.7,1.26,28.9,20.5,57.4,45.8,-11.6,declining,D,0
6edf1ec8-f9c6-4462-860b-0bfe1883353c,1,Biochemistry,100,72.2,18.4,3.3,29.5,44.5,,71.9,0.0,stable,A,0
6edf1ec8-f9c6-4462-860b-0bfe1883353c,2,Biochemistry,100,66.8,14.1,1.89,31.3,35.0,71.9,68.8,-3.1,stable,B,0
b92ebfbf-3d4d-40c5-8558-c2ab49a42a23,1,Accounting,200,89.4,3.6,2.53,28.6,14.5,,40.0,0.0,stable,F,1
b92ebfbf-3d4d-40c5-8558-c2ab49a42a23,2,Accounting,200,100.0,15.0,4.53,39.1,37.4,40.0,75.4,35.4,improving,A,0
82534ea1-bd0b-462b-b873-3902293ae910,1,Psychology,200,83.8,14.2,2.54,24.2,60.0,,83.8,0.0,stable,A,0
82534ea1-bd0b-462b-b873-3902293ae910,2,Psychology,200,70.1,12.6,2.81,29.6,52.5,83.8,81.7,-2.1,stable,A,0
4b6fc1d6-b4c0-44ff-8914-ba71f198c224,1,Psychology,200,57.6,11.2,2.63,33.6,50.0,,83.9,0.0,stable,A,0
4b6fc1d6-b4c0-44ff-8914-ba71f198c224,2,Psychology,200,55.8,5.9,3.01,27.8,31.5,83.9,57.9,-26.0,declining,C,0
4642dd6d-d296-4fad-9d91-225535485899,1,Biology,300,66.1,11.9,1.09,22.7,29.4,,55.7,0.0,stable,C,0
4642dd6d-d296-4fad-9d91-225535485899,2,Biology,300,62.8,12.9,3.18,34.0,53.2,55.7,87.1,31.3,improving,A,0
e91290f4-5304-4ac9-bb1d-e81b1aece8fa,1,Law,300,67.9,8.7,2.81,26.4,42.4,,70.0,0.0,stable,A,0
e91290f4-5304-4ac9-bb1d-e81b1aece8fa,2,Law,300,83.9,18.3,4.49,32.4,58.0,70.0,89.4,19.4,improving,A,0
4e57b75d-72c6-41d0-a903-1ad04b40e2d9,1,Computer Engineering,200,92.8,17.3,3.81,34.0,38.3,,68.1,0.0,stable,B,0
4e57b75d-72c6-41d0-a903-1ad04b40e2d9,2,Computer Engineering,200,74.4,19.7,2.75,33.8,53.0,68.1,85.9,17.8,improving,A,0
81b1006d-261a-4a7d-9f54-7aa87834f744,1,Computer Science,200,94.7,0.0,2.02,29.4,20.8,,51.2,0.0,stable,C,0
81b1006d-261a-4a7d-9f54-7aa87834f744,2,Computer Science,200,79.4,14.0,3.48,26.1,29.8,51.2,57.1,5.8,improving,C,0
f63f85aa-eb43-4af4-9bac-cc8b86c40609,1,Electrical Engineering,300,65.5,4.1,3.78,35.1,51.1,,86.7,0.0,stable,A,0
f63f85aa-eb43-4af4-9bac-cc8b86c40609,2,Electrical Engineering,300,84.4,18.8,2.49,37.4,46.2,86.7,86.4,-0.4,stable,A,0
afbf9e14-2ed0-4b21-bb3e-caaeaf11bfc4,1,Architecture,300,77.8,18.5,3.18,23.1,59.1,,79.4,0.0,stable,A,0
afbf9e14-2ed0-4b21-bb3e-caaeaf11bfc4,2,Architecture,300,93.8,11.5,3.94,39.4,45.4,79.4,86.4,7.0,improving,A,0
99597c71-1615-49d6-af81-2190a23e032f,1,Computer Engineering,200,81.3,1.9,3.09,25.7,34.3,,56.5,0.0,stable,C,0
99597c71-1615-49d6-af81-2190a23e032f,2,Computer Engineering,200,57.2,20.0,3.86,26.4,48.9,56.5,74.5,18.0,improving,A,0
3a6b30f0-e57a-48f6-ae57-62f83247d499,1,Accounting,100,83.5,8.6,3.79,30.4,34.5,,65.1,0.0,stable,B,0
3a6b30f0-e57a-48f6-ae57-62f83247d499,2,Accounting,100,66.1,13.6,2.57,30.6,52.0,65.1,80.5,15.4,improving,A,0
ae9827b7-4aff-4ac1-adb8-5ded01a3b58c,1,Mechanical Engineering,200,73.0,14.3,2.65,31.9,46.1,,81.3,0.0,stable,A,0
ae9827b7-4aff-4ac1-adb8-5ded01a3b58c,2,Mechanical Engineering,200,65.9,7.3,2.75,23.3,41.4,81.3,61.2,-20.0,declining,B,0
c29a8147-d6c2-4c46-982f-da64937f3d6d,1,Psychology,200,100.0,18.5,3.01,39.3,27.9,,74.8,0.0,stable,A,0
c29a8147-d6c2-4c46-982f-da64937f3d6d,2,Psychology,200,66.1,11.4,1.52,30.7,25.1,74.8,56.1,-18.7,declining,C,0
78326a92-25ac-42a2-b5e4-0ae8e8ee1eba,1,Economics,100,66.8,6.6,2.36,29.5,21.6,,48.9,0.0,stable,D,0
78326a92-25ac-42a2-b5e4-0ae8e8ee1eba,2,Economics,100,84.9,25.0,3.38,27.4,46.0,48.9,73.5,24.6,improving,A,0
c9e6886c-1d0a-4228-8c08-1f9f38e75011,1,Law,300,69.8,16.5,3.17,33.5,40.0,,77.5,0.0,stable,A,0
c9e6886c-1d0a-4228-8c08-1f9f38e75011,2,Law,300,72.5,7.1,4.74,20.4,32.2,77.5,50.7,-26.8,declining,C,0
fc6d280f-dc4e-4065-9221-1f0cd5b7d49d,1,Biology,200,100.0,21.0,4.2,33.3,60.0,,94.5,0.0,stable,A,0
fc6d280f-dc4e-4065-9221-1f0cd5b7d49d,2,Biology,200,89.7,12.9,2.96,31.7,38.0,94.5,71.5,-22.9,declining,A,0
517765c7-55e7-4a0e-9145-3777e3d16e7c,1,Mechanical Engineering,200,80.5,11.8,4.21,16.3,47.0,,65.4,0.0,stable,B,0
517765c7-55e7-4a0e-9145-3777e3d16e7c,2,Mechanical Engineering,200,92.2,11.7,3.17,38.4,54.6,65.4,92.1,26.7,improving,A,0
a4ec4f4f-13a1-4690-90d5-602b2bb723eb,1,Political Science,100,79.0,20.4,1.3,27.4,56.8,,87.5,0.0,stable,A,0
a4ec4f4f-13a1-4690-90d5-602b2bb723eb,2,Political Science,100,82.8,9.8,2.29,28.6,52.0,87.5,78.8,-8.7,declining,A,0
b1c09518-95e2-4f89-beb9-6583520e0c1f,1,Computer Engineering,300,76.5,8.2,3.67,27.6,37.3,,59.8,0.0,stable,C,0
b1c09518-95e2-4f89-beb9-6583520e0c1f,2,Computer Engineering,300,50.8,12.0,1.94,35.7,16.9,59.8,50.1,-9.7,declining,C,0
f615bf86-660f-45d9-a119-b953499151fa,1,Sociology,100,75.3,10.2,2.12,25.3,26.6,,51.0,0.0,stable,C,0
f615bf86-660f-45d9-a119-b953499151fa,2,Sociology,100,100.0,12.4,3.95,37.5,52.9,51.0,82.0,31.0,improving,A,0
235970b8-1510-435c-bad1-fa79c7147191,1,Economics,300,70.4,18.5,2.54,37.9,58.2,,94.7,0.0,stable,A,0
235970b8-1510-435c-bad1-fa79c7147191,2,Economics,300,67.5,6.9,2.5,22.3,39.2,94.7,57.2,-37.5,declining,C,0
67b90451-e83c-4fbb-b5fc-59b20de3e6bd,1,Mechanical Engineering,200,84.1,15.1,1.67,39.6,44.3,,86.1,0.0,stable,A,0
67b90451-e83c-4fbb-b5fc-59b20de3e6bd,2,Mechanical Engineering,200,63.6,15.1,3.9,27.2,60.0,86.1,87.4,1.3,stable,A,0
0b4abaa6-4d37-4df6-83ba-9ee5da8132e7,1,Medicine,200,92.1,13.5,3.47,25.1,45.3,,68.1,0.0,stable,B,0
0b4abaa6-4d37-4df6-83ba-9ee5da8132e7,2,Medicine,200,62.3,20.7,2.83,22.4,41.9,68.1,60.4,-7.7,declining,B,0
725923b7-7fea-4ecd-9e4d-3ee458f9d45a,1,Mechanical Engineering,100,96.5,8.5,3.42,40.0,32.9,,74.5,0.0,stable,A,0
725923b7-7fea-4ecd-9e4d-3ee458f9d45a,2,Mechanical Engineering,100,59.5,24.2,3.75,25.9,42.1,74.5,67.7,-6.8,declining,B,0
ee5d624e-3d8f-4bfc-be98-bfedd50c587f,1,Electrical Engineering,200,69.9,21.8,2.02,29.7,44.4,,73.7,0.0,stable,A,0
ee5d624e-3d8f-4bfc-be98-bfedd50c587f,2,Electrical Engineering,200,73.4,11.4,3.7,32.7,44.7,73.7,68.4,-5.3,declining,B,0
a4ed2586-1cc4-4c5b-b500-1f54cf410c89,1,Mechanical Engineering,100,79.5,3.7,3.52,38.3,25.4,,62.9,0.0,stable,B,0
a4ed2586-1cc4-4c5b-b500-1f54cf410c89,2,Mechanical Engineering,100,66.0,18.2,3.08,36.8,48.3,62.9,85.8,22.9,improving,A,0
e7ea9755-bda9-4fcc-8f88-80d19653dffd,1,Psychology,100,76.0,16.1,1.61,30.6,39.0,,71.8,0.0,stable,A,0
e7ea9755-bda9-4fcc-8f88-80d19653dffd,2,Psychology,100,72.2,6.8,3.01,24.0,16.6,71.8,42.8,-29.0,declining,F,1
1a963cbd-9790-47fa-9016-6a74543d26f9,1,Political Science,300,83.7,14.3,4.04,28.4,29.0,,57.2,0.0,stable,C,0
1a963cbd-9790-47fa-9016-6a74543d26f9,2,Political Science,300,69.8,7.8,2.94,25.9,18.1,57.2,42.7,-14.6,declining,F,1
579efe5a-3d1c-43e0-9352-926d0c3aa63d,1,Computer Engineering,100,58.0,13.2,2.48,32.1,55.4,,89.6,0.0,stable,A,0
579efe5a-3d1c-43e0-9352-926d0c3aa63d,2,Computer Engineering,100,51.7,19.5,4.26,25.4,60.0,89.6,83.8,-5.8,declining,A,0
c8c3c145-6fa6-4e0f-a3de-4b3faf6e4de4,1,Political Science,300,47.0,8.2,4.38,16.9,39.6,,56.7,0.0,stable,C,1
c8c3c145-6fa6-4e0f-a3de-4b3faf6e4de4,2,Political Science,300,67.3,9.8,3.06,25.7,23.9,56.7,50.2,-6.5,declining,C,0
0bb93dec-6246-424f-883f-d8c07b6c88aa,1,Architecture,400,91.1,16.3,2.35,27.0,38.5,,70.2,0.0,stable,A,0
0bb93dec-6246-424f-883f-d8c07b6c88aa,2,Architecture,400,84.7,15.5,3.71,34.0,44.7,70.2,80.7,10.5,improving,A,0
32fc65ad-c921-44f5-a07d-0052e38cdc0b,1,Political Science,300,66.8,4.9,3.58,34.6,24.5,,61.5,0.0,stable,B,0
32fc65ad-c921-44f5-a07d-0052e38cdc0b,2,Political Science,300,100.0,12.0,2.35,35.6,32.7,61.5,66.5,5.0,improving,B,0
4f7adbf8-2385-4d1d-9206-cebfc890eae4,1,Political Science,300,81.5,4.0,1.84,31.4,31.3,,63.7,0.0,stable,B,0
4f7adbf8-2385-4d1d-9206-cebfc890eae4,2,Political Science,300,100.0,12.5,3.48,30.1,48.6,63.7,77.1,13.4,improving,A,0
029e93c7-9bbd-42d7-b032-9e03ef5c1439,1,Architecture,300,76.1,11.5,3.83,23.7,18.0,,41.0,0.0,stable,F,1
029e93c7-9bbd-42d7-b032-9e03ef5c1439,2,Architecture,300,82.0,12.8,3.99,33.6,36.4,41.0,63.1,22.0,improving,B,0
7fd319d0-af25-4e8f-813a-8e659d29fff2,1,Accounting,300,71.4,17.1,2.69,29.4,46.8,,73.2,0.0,stable,A,0
7fd319d0-af25-4e8f-813a-8e659d29fff2,2,Accounting,300,84.3,20.2,2.86,26.2,44.5,73.2,64.0,-9.2,declining,B,0
397b5f9e-40e1-478d-ab93-c441da42c3ee,1,Medicine,200,80.1,14.3,4.34,30.0,48.0,,75.4,0.0,stable,A,0
397b5f9e-40e1-478d-ab93-c441da42c3ee,2,Medicine,200,69.7,4.4,2.84,27.4,36.8,75.4,62.3,-13.1,declining,B,0
4acd3584-29d4-4c9a-b878-3d3bdec54b5e,1,Architecture,100,76.3,10.3,2.73,30.7,38.3,,71.2,0.0,stable,A,0
4acd3584-29d4-4c9a-b878-3d3bdec54b5e,2,Architecture,100,73.2,10.3,2.86,26.1,34.4,71.2,66.6,-4.6,stable,B,0
b55eb706-b9fe-48ab-ad95-63239cfac88c,1,Architecture,400,61.3,10.6,2.69,26.0,34.6,,61.5,0.0,stable,B,0
b55eb706-b9fe-48ab-ad95-63239cfac88c,2,Architecture,400,49.3,17.2,3.51,18.7,21.6,61.5,37.3,-24.2,declining,F,1
29f2f1be-d014-4ff7-b279-cd5f55cf7789,1,Sociology,200,71.4,24.9,3.43,20.2,42.8,,62.8,0.0,stable,B,0
29f2f1be-d014-4ff7-b279-cd5f55cf7789,2,Sociology,200,78.8,5.4,2.89,27.2,23.6,62.8,51.6,-11.3,declining,C,0
fb5ccf72-0795-41e5-bce9-290bc2fe450f,1,Political Science,200,86.6,16.2,3.46,29.8,50.6,,81.4,0.0,stable,A,0
fb5ccf72-0795-41e5-bce9-290bc2fe450f,2,Political Science,200,77.0,8.9,2.6,30.8,60.0,81.4,91.7,10.3,improving,A,0
86c879a2-2dfd-4b92-a050-f02ba11968c9,1,Psychology,100,65.8,7.8,2.61,39.1,31.8,,73.6,0.0,stable,A,0
86c879a2-2dfd-4b92-a050-f02ba11968c9,2,Psychology,100,69.4,13.3,3.63,26.0,35.4,73.6,66.3,-7.2,declining,B,0
33f23b9b-a3da-45c1-a8b5-d5e3a29f970c,1,Medicine,100,89.8,16.0,3.63,35.3,60.0,,95.4,0.0,stable,A,0
33f23b9b-a3da-45c1-a8b5-d5e3a29f970c,2,Medicine,100,83.7,4.7,2.34,25.7,45.8,95.4,63.9,-31.5,declining,B,0
4a36c0c8-f31b-4775-913e-ada03459656c,1,Business Administration,200,69.0,0.0,2.33,26.3,43.5,,71.0,0.0,stable,A,0
4a36c0c8-f31b-4775-913e-ada03459656c,2,Business Administration,200,62.5,17.3,3.01,27.7,31.4,71.0,56.1,-14.9,declining,C,0
146e7ed1-923e-4d6c-a7ed-ab88125a0f33,1,Architecture,100,62.6,12.2,3.06,35.2,43.7,,70.8,0.0,stable,A,0
146e7ed1-923e-4d6c-a7ed-ab88125a0f33,2,Architecture,100,78.9,4.7,2.23,26.7,26.2,70.8,48.8,-22.0,declining,D,0
6ca8524c-e397-4630-b171-0edeeb386134,1,Computer Science,200,78.1,4.9,3.29,40.0,21.8,,61.0,0.0,stable,B,0
6ca8524c-e397-4630-b171-0edeeb386134,2,Computer Science,200,37.1,10.5,3.51,26.0,40.3,61.0,69.0,8.0,improving,B,1
58bbbae2-80ed-4849-8ba2-d7a82d99f41d,1,Accounting,200,100.0,20.6,2.58,27.7,40.8,,65.7,0.0,stable,B,0
58bbbae2-80ed-4849-8ba2-d7a82d99f41d,2,Accounting,200,81.8,6.1,2.94,35.5,34.2,65.7,66.9,1.2,stable,B,0
8a508b45-3ed0-44ad-b013-d8d8fed3b22a,1,Computer Engineering,300,92.6,2.6,2.74,33.3,32.5,,66.4,0.0,stable,B,0
8a508b45-3ed0-44ad-b013-d8d8fed3b22a,2,Computer Engineering,300,84.2,11.8,2.71,29.8,32.7,66.4,64.9,-1.5,stable,B,0
4831a757-3d53-4bef-be44-34275dc1deca,1,Accounting,100,65.3,16.2,3.02,25.5,48.8,,72.1,0.0,stable,A,0
4831a757-3d53-4bef-be44-34275dc1deca,2,Accounting,100,84.6,13.1,2.52,34.6,44.8,72.1,82.9,10.8,improving,A,0
4670ce01-e6a1-4dce-bc16-776de25c0dbc,1,Psychology,300,89.5,14.5,2.1,40.0,25.5,,68.3,0.0,stable,B,0
4670ce01-e6a1-4dce-bc16-776de25c0dbc,2,Psychology,300,81.5,6.1,2.9,30.9,48.2,68.3,77.0,8.7,improving,A,0
bb543e58-fb0b-4972-bbda-f0edb35b1ff6,1,Economics,200,71.1,0.3,4.39,23.9,37.3,,60.8,0.0,stable,B,0
bb543e58-fb0b-4972-bbda-f0edb35b1ff6,2,Economics,200,73.5,16.0,4.34,31.0,51.7,60.8,83.6,22.8,improving,A,0
21923c97-e9d8-4617-8e9d-c10c13820e4f,1,Architecture,100,90.3,9.7,3.86,38.6,50.5,,87.1,0.0,stable,A,0
21923c97-e9d8-4617-8e9d-c10c13820e4f,2,Architecture,100,72.5,13.2,1.9,37.5,38.1,87.1,76.4,-10.7,declining,A,0
f66ebc2d-5a82-4e87-a4e1-f76bc33b0026,1,Architecture,200,66.3,5.4,2.52,29.4,40.6,,70.5,0.0,stable,A,0
f66ebc2d-5a82-4e87-a4e1-f76bc33b0026,2,Architecture,200,80.2,10.3,3.4,38.5,46.2,70.5,87.1,16.6,improving,A,0
d21c3e6a-8269-40ad-a5b5-ffbc1cd00f3b,1,Medicine,400,79.4,4.5,2.16,33.2,32.4,,66.9,0.0,stable,B,0
d21c3e6a-8269-40ad-a5b5-ffbc1cd00f3b,2,Medicine,400,100.0,15.6,4.01,35.5,36.1,66.9,71.4,4.5,stable,A,0
eaef6374-7c51-472f-be55-8e569ad64b43,1,Economics,100,62.9,19.8,3.63,30.2,58.8,,82.9,0.0,stable,A,0
eaef6374-7c51-472f-be55-8e569ad64b43,2,Economics,100,83.8,5.4,2.99,30.2,41.5,82.9,72.4,-10.5,declining,A,0
9c0af8f5-5b29-4cbe-b574-d17c5f03700d,1,Computer Science,200,95.2,9.0,3.57,34.8,22.2,,54.3,0.0,stable,C,0
9c0af8f5-5b29-4cbe-b574-d17c5f03700d,2,Computer Science,200,72.8,17.6,3.37,23.7,42.9,54.3,72.6,18.4,improving,A,0
9f6f9616-ceed-463c-8e3c-0f8be3fa1967,1,Computer Engineering,200,76.7,10.4,3.39,34.2,34.6,,70.3,0.0,stable,A,0
9f6f9616-ceed-463c-8e3c-0f8be3fa1967,2,Computer Engineering,200,70.1,15.6,3.14,31.4,34.8,70.3,63.8,-6.5,declining,B,0
22efa31e-b820-425d-9b29-637aedd94c25,1,Biology,100,89.2,11.6,3.23,31.3,48.7,,78.2,0.0,stable,A,0
22efa31e-b820-425d-9b29-637aedd94c25,2,Biology,100,73.0,15.9,3.94,27.0,60.0,78.2,87.9,9.7,improving,A,0
243fb7cc-6870-40ed-ab05-6c723895c40f,1,Economics,300,59.4,13.8,2.69,29.0,39.8,,69.1,0.0,stable,B,0
243fb7cc-6870-40ed-ab05-6c723895c40f,2,Economics,300,61.3,17.0,2.08,21.7,44.9,69.1,71.5,2.3,stable,A,0
9b3e0ab9-1167-46e6-b34f-c563d88b5410,1,Electrical Engineering,100,69.7,15.5,3.86,33.0,40.7,,70.4,0.0,stable,A,0
9b3e0ab9-1167-46e6-b34f-c563d88b5410,2,Electrical Engineering,100,41.9,10.7,3.94,17.8,47.5,70.4,62.4,-8.0,declining,B,1
22592566-03ed-4eba-a40a-414287a0552e,1,Mechanical Engineering,300,76.6,15.5,2.47,31.2,36.9,,70.2,0.0,stable,A,0
22592566-03ed-4eba-a40a-414287a0552e,2,Mechanical Engineering,300,78.5,12.3,4.25,34.0,35.4,70.2,69.1,-1.1,stable,B,0
e7be5b96-91ec-4d3e-a296-60cd7897b65a,1,Architecture,400,73.9,12.4,5.0,31.6,23.5,,53.5,0.0,stable,C,0
e7be5b96-91ec-4d3e-a296-60cd7897b65a,2,Architecture,400,46.0,10.4,1.41,19.8,20.0,53.5,41.0,-12.5,declining,F,1
db76f9da-f4b0-47e6-85f0-4d5f2e1dc5da,1,Economics,300,75.0,13.5,2.92,23.0,45.6,,74.4,0.0,stable,A,0
db76f9da-f4b0-47e6-85f0-4d5f2e1dc5da,2,Economics,300,81.1,9.9,1.86,26.7,40.3,74.4,70.2,-4.2,stable,A,0
cc5047dd-d133-4895-b868-4b6d06cd46a0,1,Psychology,100,78.9,16.0,3.57,33.3,37.0,,70.8,0.0,stable,A,0
cc5047dd-d133-4895-b868-4b6d06cd46a0,2,Psychology,100,62.3,12.1,3.26,35.8,27.1,70.8,64.4,-6.5,declining,B,0
c4dfefe9-9e24-4244-b663-df1fd0ea4353,1,Medicine,300,97.2,15.8,3.67,37.4,56.6,,90.7,0.0,stable,A,0
c4dfefe9-9e24-4244-b663-df1fd0ea4353,2,Medicine,300,54.2,12.0,1.27,32.0,48.3,90.7,79.0,-11.7,declining,A,0
30ba9302-d74d-46ed-aaa2-524cd18562a7,1,Biochemistry,200,69.4,11.6,3.04,29.5,45.0,,74.0,0.0,stable,A,0
30ba9302-d74d-46ed-aaa2-524cd18562a7,2,Biochemistry,200,89.1,14.2,2.51,39.5,26.6,74.0,65.8,-8.1,declining,B,0
3317c406-5ab9-4b69-9c67-ba0e06bd2351,1,Law,400,89.5,8.4,3.25,35.6,28.9,,64.3,0.0,stable,B,0
3317c406-5ab9-4b69-9c67-ba0e06bd2351,2,Law,400,72.7,9.2,4.84,25.7,51.3,64.3,75.9,11.6,improving,A,0
fba112a1-c6ae-47d7-a456-e9b2fd8d1d85,1,Political Science,200,58.7,12.5,3.52,31.3,56.6,,96.8,0.0,stable,A,0
fba112a1-c6ae-47d7-a456-e9b2fd8d1d85,2,Political Science,200,78.8,8.7,3.36,29.4,47.2,96.8,72.7,-24.1,declining,A,0
1da843a0-4f5d-46c1-84bb-c4f72e6ce0b9,1,Sociology,300,100.0,16.3,1.65,31.5,48.1,,83.1,0.0,stable,A,0
1da843a0-4f5d-46c1-84bb-c4f72e6ce0b9,2,Sociology,300,55.9,15.6,1.44,25.7,50.1,83.1,74.2,-8.9,declining,A,0
486d9efd-31cc-4cde-880b-85ce3e4748e1,1,Computer Science,300,52.4,12.7,2.52,28.6,30.3,,56.6,0.0,stable,C,0
486d9efd-31cc-4cde-880b-85ce3e4748e1,2,Computer Science,300,44.7,12.8,2.87,18.0,41.9,56.6,62.9,6.4,improving,B,1
1e9b4cac-7ef1-4c6f-8699-11f446da5a7c,1,Sociology,200,71.8,13.3,3.22,23.3,60.0,,81.9,0.0,stable,A,0
1e9b4cac-7ef1-4c6f-8699-11f446da5a7c,2,Sociology,200,84.8,15.8,2.89,35.0,44.6,81.9,75.3,-6.6,declining,A,0
c93fb323-2ae3-4bf0-814c-769747440b4c,1,Computer Engineering,200,70.0,8.9,2.63,22.5,47.9,,75.2,0.0,stable,A,0
c93fb323-2ae3-4bf0-814c-769747440b4c,2,Computer Engineering,200,89.7,18.4,2.72,29.8,35.8,75.2,67.5,-7.7,declining,B,0
779884d6-147a-4adb-aec7-714479ae2b71,1,Computer Engineering,300,78.4,11.6,4.04,32.7,33.0,,63.6,0.0,stable,B,0
779884d6-147a-4adb-aec7-714479ae2b71,2,Computer Engineering,300,85.2,17.2,3.44,40.0,60.0,63.6,100.0,36.4,improving,A,0
f175bb86-2117-406d-bbe2-338891a87a7d,1,Sociology,200,62.4,5.5,2.69,31.3,52.5,,85.0,0.0,stable,A,0
f175bb86-2117-406d-bbe2-338891a87a7d,2,Sociology,200,92.5,10.8,3.5,37.6,19.9,85.0,56.3,-28.8,declining,C,0
e501e3dd-7f5a-4802-817f-aa450849711f,1,Business Administration,200,89.2,13.4,2.04,20.7,35.0,,55.5,0.0,stable,C,0
e501e3dd-7f5a-4802-817f-aa450849711f,2,Business Administration,200,61.7,12.7,3.41,30.7,17.3,55.5,44.1,-11.4,declining,F,1
cd21e933-5a88-4646-a96f-5234942364c5,1,Biology,300,70.4,14.9,3.39,31.4,38.6,,69.0,0.0,stable,B,0
cd21e933-5a88-4646-a96f-5234942364c5,2,Biology,300,64.1,15.8,2.26,32.1,42.9,69.0,74.9,5.8,improving,A,0
4cc6cc76-c816-4286-9536-9021dea5a670,1,Biochemistry,300,65.1,5.2,2.48,26.4,10.0,,35.8,0.0,stable,F,1
4cc6cc76-c816-4286-9536-9021dea5a670,2,Biochemistry,300,88.9,14.8,2.6,33.0,35.2,35.8,68.7,32.9,improving,B,0
7e22cd2d-0d7e-4cc7-82e2-72d36193cb56,1,Accounting,100,98.1,16.8,3.42,32.2,51.4,,78.5,0.0,stable,A,0
7e22cd2d-0d7e-4cc7-82e2-72d36193cb56,2,Accounting,100,71.2,14.9,3.59,32.6,45.8,78.5,77.8,-0.7,stable,A,0
94275770-627e-4044-94c8-617eef85ccda,1,Medicine,100,83.1,7.2,2.32,31.9,36.5,,63.0,0.0,stable,B,0
94275770-627e-4044-94c8-617eef85ccda,2,Medicine,100,81.8,15.9,2.94,40.0,35.4,63.0,74.3,11.3,improving,A,0
45305cb0-8778-469c-b7bb-45f3559a0f9c,1,Psychology,300,69.1,11.6,2.74,21.8,33.3,,54.8,0.0,stable,C,0
45305cb0-8778-469c-b7bb-45f3559a0f9c,2,Psychology,300,93.4,23.0,4.07,29.8,42.6,54.8,71.9,17.2,improving,A,0
5a20e67f-a6f5-46ee-8243-d41f126f3276,1,Electrical Engineering,200,100.0,11.2,1.94,32.5,44.4,,79.0,0.0,stable,A,0
5a20e67f-a6f5-46ee-8243-d41f126f3276,2,Electrical Engineering,200,72.0,15.4,1.18,29.9,47.0,79.0,74.4,-4.6,stable,A,0
98f01848-8532-47fd-8bd1-ef78457e6437,1,Business Administration,300,62.5,2.7,4.27,23.9,37.9,,63.6,0.0,stable,B,0
98f01848-8532-47fd-8bd1-ef78457e6437,2,Business Administration,300,97.7,11.2,2.57,35.4,51.0,63.6,85.9,22.3,improving,A,0
ea7ba485-6502-4e25-b398-90caf35d72a0,1,Biology,300,60.7,4.3,2.02,31.5,28.9,,58.5,0.0,stable,C,0
ea7ba485-6502-4e25-b398-90caf35d72a0,2,Biology,300,64.3,12.4,2.81,26.5,53.0,58.5,84.1,25.5,improving,A,0
5c8756f2-6fef-4564-9270-e0237daf0f1a,1,Law,200,50.8,13.6,2.38,23.9,42.6,,65.9,0.0,stable,B,0
5c8756f2-6fef-4564-9270-e0237daf0f1a,2,Law,200,78.5,15.4,3.24,27.5,36.2,65.9,59.3,-6.6,declining,C,0
2bed775d-6190-4bd9-b3dd-ae43a145dc04,1,Psychology,300,62.2,21.8,2.37,21.5,48.5,,69.7,0.0,stable,B,0
2bed775d-6190-4bd9-b3dd-ae43a145dc04,2,Psychology,300,72.1,19.0,3.44,26.8,41.2,69.7,66.5,-3.2,stable,B,0
8164b40d-d915-4ad5-8b96-db3b1b0125d2,1,Computer Engineering,200,88.1,10.5,1.57,32.4,20.2,,59.2,0.0,stable,C,0
8164b40d-d915-4ad5-8b96-db3b1b0125d2,2,Computer Engineering,200,60.5,11.2,3.21,25.7,36.5,59.2,63.4,4.3,stable,B,0
f647bec9-7fa8-4950-9ff7-17f5bb4a0fee,1,Economics,200,97.9,15.8,4.18,29.3,47.9,,77.7,0.0,stable,A,0
f647bec9-7fa8-4950-9ff7-17f5bb4a0fee,2,Economics,200,80.3,18.9,2.82,29.0,49.5,77.7,73.2,-4.5,stable,A,0
6c8152f0-e718-4994-9cab-056c5406beb3,1,Sociology,200,71.4,11.3,2.26,34.6,27.0,,61.2,0.0,stable,B,0
6c8152f0-e718-4994-9cab-056c5406beb3,2,Sociology,200,79.4,18.8,2.99,35.6,51.4,61.2,87.3,26.2,improving,A,0
39276444-62d2-491d-93cf-09514c53c01f,1,Accounting,100,58.7,4.8,3.09,24.0,43.8,,70.1,0.0,stable,A,0
39276444-62d2-491d-93cf-09514c53c01f,2,Accounting,100,72.2,6.2,3.41,24.4,28.7,70.1,50.1,-20.0,declining,C,0
b41db9c8-089d-4188-99c6-bd1d2ffee436,1,Sociology,300,72.9,17.9,3.0,27.4,28.5,,57.5,0.0,stable,C,0
b41db9c8-089d-4188-99c6-bd1d2ffee436,2,Sociology,300,63.3,12.6,2.72,31.8,37.9,57.5,69.5,12.0,improving,B,0
f5fe5fc8-a340-4932-b841-9476fd5a43b4,1,Accounting,300,82.3,22.5,3.71,31.0,48.5,,78.0,0.0,stable,A,0
f5fe5fc8-a340-4932-b841-9476fd5a43b4,2,Accounting,300,60.8,9.2,2.38,30.4,25.6,78.0,60.1,-17.9,declining,B,0
c840af59-8cd0-44b7-8d8f-40d48cd191d1,1,Sociology,300,86.3,12.1,3.0,29.5,42.3,,75.1,0.0,stable,A,0
c840af59-8cd0-44b7-8d8f-40d48cd191d1,2,Sociology,300,64.5,4.3,3.56,29.5,24.0,75.1,51.3,-23.7,declining,C,0
cf1d8af3-1cdc-4386-95d6-a54237ace357,1,Computer Engineering,300,62.1,8.4,2.74,26.1,30.0,,53.8,0.0,stable,C,0
cf1d8af3-1cdc-4386-95d6-a54237ace357,2,Computer Engineering,300,71.6,12.8,2.75,35.1,44.7,53.8,75.1,21.3,improving,A,0
4b30c52f-d021-41de-83c0-d0bfda6c8cab,1,Sociology,200,82.9,15.0,2.65,24.1,41.1,,65.2,0.0,stable,B,0
4b30c52f-d021-41de-83c0-d0bfda6c8cab,2,Sociology,200,58.2,4.7,2.93,25.5,30.1,65.2,55.3,-9.9,declining,C,0
acae165a-3b1a-4bd8-97d8-126045b79d94,1,Economics,200,58.5,9.8,3.43,24.9,22.2,,45.7,0.0,stable,D,0
acae165a-3b1a-4bd8-97d8-126045b79d94,2,Economics,200,58.9,13.3,3.26,18.5,48.6,45.7,63.8,18.1,improving,B,0
07a96aaa-f44a-4dbb-80ac-80d8adf76c29,1,Computer Science,200,98.4,11.8,2.0,29.0,40.9,,68.7,0.0,stable,B,0
07a96aaa-f44a-4dbb-80ac-80d8adf76c29,2,Computer Science,200,73.6,20.1,2.44,30.0,58.4,68.7,89.2,20.6,improving,A,0
0015fef7-1f99-4bde-b105-702520430125,1,Business Administration,100,50.9,14.5,2.07,32.2,31.3,,72.4,0.0,stable,A,0
0015fef7-1f99-4bde-b105-702520430125,2,Business Administration,100,97.0,8.0,3.02,38.2,44.6,72.4,84.1,11.7,improving,A,0
7528e9d0-8590-48a0-88cc-339061bc903c,1,Mechanical Engineering,200,93.8,11.4,2.71,32.0,47.1,,80.2,0.0,stable,A,0
7528e9d0-8590-48a0-88cc-339061bc903c,2,Mechanical Engineering,200,79.4,16.0,1.36,32.4,41.3,80.2,78.7,-1.5,stable,A,0
a8ec39a4-c202-47fd-b45f-f3b64748c389,1,Political Science,200,52.1,19.8,3.06,27.9,60.0,,89.5,0.0,stable,A,0
a8ec39a4-c202-47fd-b45f-f3b64748c389,2,Political Science,200,81.0,13.2,2.61,31.1,32.5,89.5,63.4,-26.1,declining,B,0
a44af21d-2e58-481e-89da-09d0ca50201d,1,Mechanical Engineering,100,40.0,14.1,2.9,21.3,43.1,,60.1,0.0,stable,B,1
a44af21d-2e58-481e-89da-09d0ca50201d,2,Mechanical Engineering,100,100.0,11.5,2.88,30.2,39.2,60.1,73.5,13.4,improving,A,0
e1e392f1-5847-4508-9a73-b90a35f6d719,1,Electrical Engineering,100,90.5,16.3,3.44,31.3,29.0,,59.7,0.0,stable,C,0
e1e392f1-5847-4508-9a73-b90a35f6d719,2,Electrical Engineering,100,71.5,17.2,3.25,37.4,55.8,59.7,91.8,32.1,improving,A,0
b9ec15bf-1873-4e0a-a8ba-e7f5c004e605,1,Computer Engineering,200,48.1,18.9,4.09,17.8,60.0,,78.9,0.0,stable,A,1
b9ec15bf-1873-4e0a-a8ba-e7f5c004e605,2,Computer Engineering,200,77.4,20.1,4.08,33.7,52.2,78.9,87.8,8.9,improving,A,0
31fccf43-08a2-4d16-bd68-d6339e08232e,1,Accounting,100,69.0,11.7,2.28,27.1,34.3,,59.5,0.0,stable,C,0
31fccf43-08a2-4d16-bd68-d6339e08232e,2,Accounting,100,77.1,10.4,3.4,22.3,38.1,59.5,60.8,1.3,stable,B,0
445209ef-21e6-4069-b069-7c33172cfbd8,1,Economics,300,70.3,11.1,1.73,30.9,42.9,,75.2,0.0,stable,A,0
445209ef-21e6-4069-b069-7c33172cfbd8,2,Economics,300,90.6,13.0,3.38,33.9,47.9,75.2,77.1,1.9,stable,A,0
b444a6e3-e813-4a8a-8a96-f1c71b48e0c7,1,Accounting,300,61.6,19.9,1.03,26.6,53.0,,79.4,0.0,stable,A,0
b444a6e3-e813-4a8a-8a96-f1c71b48e0c7,2,Accounting,300,68.9,12.6,2.72,28.9,32.6,79.4,64.9,-14.5,declining,B,0
bb6ea1db-8fbb-4163-8fed-0e0353969cf3,1,Biochemistry,300,96.3,11.3,1.89,31.7,35.0,,68.2,0.0,stable,B,0
bb6ea1db-8fbb-4163-8fed-0e0353969cf3,2,Biochemistry,300,59.9,8.2,3.41,31.7,31.4,68.2,59.1,-9.1,declining,C,0
f14a8518-d1fb-43fc-a7c3-c70b5636d1cc,1,Computer Science,300,100.0,15.9,2.79,39.3,40.7,,82.6,0.0,stable,A,0
f14a8518-d1fb-43fc-a7c3-c70b5636d1cc,2,Computer Science,300,77.4,12.5,2.91,23.2,59.1,82.6,79.5,-3.1,stable,A,0
2627c1c2-b2d6-41a6-b08e-0bece991f0df,1,Medicine,200,54.6,10.9,2.23,25.7,44.2,,72.8,0.0,stable,A,0
2627c1c2-b2d6-41a6-b08e-0bece991f0df,2,Medicine,200,87.2,10.5,3.04,34.5,21.0,72.8,57.2,-15.6,declining,C,0
a3b07599-51f6-4d82-a176-cab64de21b35,1,Psychology,200,53.1,22.2,2.68,24.7,38.5,,61.3,0.0,stable,B,0
a3b07599-51f6-4d82-a176-cab64de21b35,2,Psychology,200,100.0,16.7,1.76,40.0,52.4,61.3,91.5,30.2,improving,A,0
490bb852-19ba-404d-b1f2-aabb08062eb0,1,Electrical Engineering,100,79.6,11.9,4.58,26.9,44.1,,69.8,0.0,stable,B,0
490bb852-19ba-404d-b1f2-aabb08062eb0,2,Electrical Engineering,100,53.5,23.0,2.05,26.8,28.1,69.8,53.7,-16.1,declining,C,0
94bba8f3-e6c3-4cf8-a42f-e3dc7e92f9a2,1,Electrical Engineering,300,81.3,7.9,3.47,29.9,49.2,,83.2,0.0,stable,A,0
94bba8f3-e6c3-4cf8-a42f-e3dc7e92f9a2,2,Electrical Engineering,300,66.2,12.4,3.15,31.3,40.3,83.2,72.2,-11.0,declining,A,0
31e14413-7867-4e2d-9890-a8d6dca077a5,1,Political Science,300,71.3,12.6,4.04,32.5,49.1,,83.7,0.0,stable,A,0
31e14413-7867-4e2d-9890-a8d6dca077a5,2,Political Science,300,72.7,13.6,2.13,35.9,11.1,83.7,46.8,-37.0,declining,D,0
7bccd264-155f-4323-8268-82b9fe1f3844,1,Political Science,100,92.1,5.2,3.32,30.0,31.7,,64.5,0.0,stable,B,0
7bccd264-155f-4323-8268-82b9fe1f3844,2,Political Science,100,78.0,1.8,2.22,35.5,35.2,64.5,75.9,11.4,improving,A,0
a4138887-59e1-467f-85a5-d0e6c85f853e,1,Biology,200,100.0,10.3,5.0,35.1,32.7,,65.9,0.0,stable,B,0
a4138887-59e1-467f-85a5-d0e6c85f853e,2,Biology,200,41.1,20.0,4.28,18.2,45.6,65.9,64.0,-1.9,stable,B,1
6d71f00c-8b9c-4ee7-96ba-cb49298cd003,1,Computer Science,200,60.6,3.2,2.83,25.5,29.1,,55.3,0.0,stable,C,0
6d71f00c-8b9c-4ee7-96ba-cb49298cd003,2,Computer Science,200,96.4,10.5,3.14,37.9,44.3,55.3,80.4,25.1,improving,A,0
38f97f53-541d-4e36-9632-4771c5a4a0a0,1,Medicine,200,76.4,14.7,2.1,36.6,54.0,,88.5,0.0,stable,A,0
38f97f53-541d-4e36-9632-4771c5a4a0a0,2,Medicine,200,77.9,15.2,2.56,33.0,42.6,88.5,71.2,-17.3,declining,A,0
bb8259d2-00c9-4934-a577-14d7ee21fc07,1,Architecture,300,81.9,6.5,3.75,28.0,35.5,,67.7,0.0,stable,B,0
bb8259d2-00c9-4934-a577-14d7ee21fc07,2,Architecture,300,82.4,6.6,2.19,28.5,38.0,67.7,67.6,-0.1,stable,B,0
9b26c28c-5071-41a0-8a5a-8a1d9b29e301,1,Political Science,300,62.4,6.2,3.23,26.6,57.4,,84.1,0.0,stable,A,0
9b26c28c-5071-41a0-8a5a-8a1d9b29e301,2,Political Science,300,100.0,6.1,1.74,29.4,44.8,84.1,79.4,-4.7,stable,A,0
815b6e92-4a38-4672-8643-75d6d07c9288,1,Political Science,200,63.3,9.7,2.06,18.6,43.2,,62.5,0.0,stable,B,0
815b6e92-4a38-4672-8643-75d6d07c9288,2,Political Science,200,75.2,5.0,4.31,27.5,42.5,62.5,65.7,3.2,stable,B,0
b9068607-1dd8-4e88-ba7c-063a6d92cc34,1,Mechanical Engineering,300,72.1,13.5,3.26,30.2,46.1,,72.9,0.0,stable,A,0
b9068607-1dd8-4e88-ba7c-063a6d92cc34,2,Mechanical Engineering,300,78.0,12.6,3.19,31.0,27.6,72.9,54.6,-18.3,declining,C,0
68099d50-d1eb-4a52-828e-8b4d4296b598,1,Mechanical Engineering,200,41.8,16.1,3.66,27.6,46.9,,68.1,0.0,stable,B,1
68099d50-d1eb-4a52-828e-8b4d4296b598,2,Mechanical Engineering,200,59.6,12.9,3.11,25.8,44.1,68.1,69.9,1.9,stable,B,0
edfd1d4d-7ec7-461d-8930-b281734274d7,1,Political Science,200,76.8,8.8,3.79,28.2,25.6,,51.4,0.0,stable,C,0
edfd1d4d-7ec7-461d-8930-b281734274d7,2,Political Science,200,69.8,17.0,2.97,28.0,30.6,51.4,60.9,9.5,improving,B,0
4e5c4a92-fa45-4713-863f-e9dfd98e49af,1,Biochemistry,100,65.2,11.5,4.18,30.6,25.3,,50.6,0.0,stable,C,0
4e5c4a92-fa45-4713-863f-e9dfd98e49af,2,Biochemistry,100,74.0,5.9,3.52,30.0,37.9,50.6,65.8,15.3,improving,B,0
0fd8c39f-833b-4113-afb2-7391a193fe2c,1,Medicine,400,100.0,26.2,2.78,36.8,50.3,,86.2,0.0,stable,A,0
0fd8c39f-833b-4113-afb2-7391a193fe2c,2,Medicine,400,62.5,6.6,2.09,29.5,28.7,86.2,50.5,-35.8,declining,C,0
f873bc73-78bc-488f-8e97-e07577fc2385,1,Architecture,300,81.7,11.8,4.08,33.2,26.8,,53.3,0.0,stable,C,0
f873bc73-78bc-488f-8e97-e07577fc2385,2,Architecture,300,64.2,8.9,3.75,27.8,50.2,53.3,74.0,20.7,improving,A,0
4f64d388-cd81-4a74-99c7-d6a55b704425,1,Political Science,200,89.5,15.6,1.39,39.5,39.9,,80.5,0.0,stable,A,0
4f64d388-cd81-4a74-99c7-d6a55b704425,2,Political Science,200,62.0,18.4,2.05,31.6,50.4,80.5,79.1,-1.5,stable,A,0
4636c59f-8264-4f8a-a75f-861499491285,1,Economics,300,100.0,13.2,3.52,27.4,60.0,,83.7,0.0,stable,A,0
4636c59f-8264-4f8a-a75f-861499491285,2,Economics,300,90.4,7.0,2.5,37.0,45.3,83.7,78.5,-5.2,declining,A,0
c70af469-03c5-4636-925d-369ff452427b,1,Law,200,91.4,17.2,2.25,40.0,27.2,,65.4,0.0,stable,B,0
c70af469-03c5-4636-925d-369ff452427b,2,Law,200,82.2,7.7,3.21,32.6,35.1,65.4,70.2,4.9,stable,A,0
f14bfa5e-98ca-4d10-95c0-b4ccfb37e1f3,1,Accounting,100,71.6,13.2,3.92,33.3,50.1,,79.9,0.0,stable,A,0
f14bfa5e-98ca-4d10-95c0-b4ccfb37e1f3,2,Accounting,100,82.9,7.6,1.97,31.2,25.3,79.9,58.9,-21.0,declining,C,0
918831c7-959c-4b85-a934-dab5988eef40,1,Political Science,300,87.2,2.5,2.34,25.1,26.8,,53.3,0.0,stable,C,0
918831c7-959c-4b85-a934-dab5988eef40,2,Political Science,300,71.4,9.1,4.04,17.7,51.9,53.3,68.0,14.7,improving,B,0
e842aa41-b50f-426d-9cae-38dd0b6db790,1,Electrical Engineering,200,73.8,9.4,4.23,23.6,40.3,,65.5,0.0,stable,B,0
e842aa41-b50f-426d-9cae-38dd0b6db790,2,Electrical Engineering,200,50.8,7.4,2.88,20.7,27.9,65.5,47.6,-17.9,declining,D,0
ca5edf3c-1bbd-4f24-8b2f-379ac1355edc,1,Computer Science,300,84.7,10.3,3.86,27.0,27.6,,60.3,0.0,stable,B,0
ca5edf3c-1bbd-4f24-8b2f-379ac1355edc,2,Computer Science,300,65.1,5.4,1.61,33.4,28.7,60.3,61.3,1.0,stable,B,0
c2713e4c-9504-42eb-a274-0af2eb6dcfb5,1,Architecture,300,72.6,17.1,2.86,40.0,44.2,,87.4,0.0,stable,A,0
c2713e4c-9504-42eb-a274-0af2eb6dcfb5,2,Architecture,300,87.1,11.8,2.53,34.1,43.6,87.4,76.0,-11.5,declining,A,0
02296b52-ecb9-4870-b320-f2815ff4fb7e,1,Economics,100,77.5,18.2,4.66,34.8,60.0,,92.9,0.0,stable,A,0
02296b52-ecb9-4870-b320-f2815ff4fb7e,2,Economics,100,85.5,18.7,2.28,29.7,60.0,92.9,86.8,-6.1,declining,A,0
e65cfd64-bb32-425d-b801-7f52beb17429,1,Biology,300,54.9,19.6,3.96,28.1,46.5,,73.3,0.0,stable,A,0
e65cfd64-bb32-425d-b801-7f52beb17429,2,Biology,300,79.2,19.9,3.19,40.0,36.6,73.3,76.6,3.2,stable,A,0
2d6835a4-5550-4d13-82a0-cacaff7599c5,1,Accounting,100,69.4,6.6,2.88,31.0,40.7,,78.2,0.0,stable,A,0
2d6835a4-5550-4d13-82a0-cacaff7599c5,2,Accounting,100,82.0,17.8,3.05,39.8,60.0,78.2,100.0,21.8,improving,A,0
50891446-3e16-4def-bc2b-a6b00f4d3b5b,1,Business Administration,100,60.1,9.3,3.23,29.3,45.0,,75.7,0.0,stable,A,0
50891446-3e16-4def-bc2b-a6b00f4d3b5b,2,Business Administration,100,75.1,8.8,3.32,39.3,48.1,75.7,89.0,13.3,improving,A,0
53cb036d-0624-433a-91d9-2aac45e1f45c,1,Political Science,100,90.4,10.1,2.59,29.3,36.2,,64.3,0.0,stable,B,0
53cb036d-0624-433a-91d9-2aac45e1f45c,2,Political Science,100,93.1,9.6,2.36,40.0,32.1,64.3,72.5,8.3,improving,A,0
bb9b5b6e-6a19-444a-ba50-8fddc772bb27,1,Business Administration,200,81.8,6.3,3.99,34.5,53.1,,85.6,0.0,stable,A,0
bb9b5b6e-6a19-444a-ba50-8fddc772bb27,2,Business Administration,200,76.5,12.2,3.21,23.0,41.2,85.6,60.0,-25.6,declining,C,0
e99c0350-f4b4-4054-a807-b0a9525f0ba2,1,Biochemistry,300,80.4,1.4,1.52,35.2,23.5,,55.7,0.0,stable,C,0
e99c0350-f4b4-4054-a807-b0a9525f0ba2,2,Biochemistry,300,94.1,13.6,3.7,33.0,60.0,55.7,91.2,35.4,improving,A,0
5034eb38-5a00-44e6-aea0-ff74b1ed5ab3,1,Electrical Engineering,200,100.0,11.7,1.68,37.4,39.9,,74.1,0.0,stable,A,0
5034eb38-5a00-44e6-aea0-ff74b1ed5ab3,2,Electrical Engineering,200,61.2,11.9,3.28,14.9,50.6,74.1,64.0,-10.1,declining,B,0
8143978a-18bd-44ba-bf3e-c5185e350c2c,1,Computer Engineering,100,55.0,16.7,2.98,32.1,47.3,,79.4,0.0,stable,A,0
8143978a-18bd-44ba-bf3e-c5185e350c2c,2,Computer Engineering,100,72.7,14.4,2.67,25.3,46.7,79.4,71.6,-7.8,declining,A,0
88c9be88-05a0-4f9b-ad2c-e3c8cec2addf,1,Accounting,200,75.5,17.4,2.91,30.2,37.3,,68.8,0.0,stable,B,0
88c9be88-05a0-4f9b-ad2c-e3c8cec2addf,2,Accounting,200,80.2,16.5,2.54,28.8,49.8,68.8,79.3,10.5,improving,A,0
dcfd1637-9a43-4cca-b838-dbdb9b8c06de,1,Biochemistry,200,61.4,18.5,1.64,31.2,28.9,,65.7,0.0,stable,B,0
dcfd1637-9a43-4cca-b838-dbdb9b8c06de,2,Biochemistry,200,51.8,17.8,2.93,23.5,45.4,65.7,70.8,5.1,improving,A,0
b9da3660-fea1-42a7-8824-5b8de0f67c52,1,Biochemistry,100,61.4,7.9,3.52,18.8,31.9,,59.7,0.0,stable,C,0
b9da3660-fea1-42a7-8824-5b8de0f67c52,2,Biochemistry,100,60.5,17.7,2.53,29.6,49.3,59.7,82.3,22.6,improving,A,0
0ebcd0bf-9317-424c-9113-5259b79c7de4,1,Law,100,72.0,21.9,2.53,30.6,48.2,,75.4,0.0,stable,A,0
0ebcd0bf-9317-424c-9113-5259b79c7de4,2,Law,100,70.7,12.8,2.65,40.0,31.1,75.4,74.6,-0.8,stable,A,0
f0b015d9-5732-445b-8baa-cfea7bfe9820,1,Law,300,87.8,11.9,2.31,28.7,33.0,,56.3,0.0,stable,C,0
f0b015d9-5732-445b-8baa-cfea7bfe9820,2,Law,300,59.9,4.6,4.08,30.1,44.3,56.3,76.1,19.8,improving,A,0
5bbceb8f-2f5d-44e0-ba05-2a1db82bdac8,1,Mechanical Engineering,200,77.5,19.3,2.51,31.0,51.3,,78.4,0.0,stable,A,0
5bbceb8f-2f5d-44e0-ba05-2a1db82bdac8,2,Mechanical Engineering,200,100.0,12.1,3.11,40.0,49.1,78.4,89.2,10.8,improving,A,0
f9894fcd-31c8-4503-b675-da942524fb69,1,Computer Engineering,200,77.0,4.5,2.55,33.0,37.7,,74.4,0.0,stable,A,0
f9894fcd-31c8-4503-b675-da942524fb69,2,Computer Engineering,200,73.2,5.1,3.85,36.8,45.3,74.4,81.6,7.2,improving,A,0
252e8070-7d92-40b1-98e9-8373cd14bca7,1,Mechanical Engineering,100,90.7,29.1,3.09,26.6,46.1,,74.6,0.0,stable,A,0
252e8070-7d92-40b1-98e9-8373cd14bca7,2,Mechanical Engineering,100,50.9,12.8,3.3,32.9,53.9,74.6,89.3,14.8,improving,A,0
4e749f3f-403e-4eb5-8789-2fbf028338b8,1,Medicine,100,42.6,16.6,3.56,24.8,26.7,,49.1,0.0,stable,D,1
4e749f3f-403e-4eb5-8789-2fbf028338b8,2,Medicine,100,57.5,1.9,3.0,22.5,58.6,49.1,80.6,31.5,improving,A,0
8a1f01f4-bddb-43bd-95d0-e210ca777ce5,1,Accounting,300,94.4,4.2,2.58,34.4,24.0,,57.1,0.0,stable,C,0
8a1f01f4-bddb-43bd-95d0-e210ca777ce5,2,Accounting,300,71.7,10.8,4.48,31.2,46.5,57.1,79.4,22.2,improving,A,0
7cd8fadc-e7f9-45ef-b49c-7b8495635701,1,Sociology,200,84.2,11.6,2.74,32.7,50.3,,86.4,0.0,stable,A,0
7cd8fadc-e7f9-45ef-b49c-7b8495635701,2,Sociology,200,71.4,15.8,2.84,29.4,37.3,86.4,66.2,-20.2,declining,B,0
40e4e00a-002e-4375-96cd-3976e738e431,1,Political Science,100,95.1,12.5,3.11,26.8,37.0,,63.1,0.0,stable,B,0
40e4e00a-002e-4375-96cd-3976e738e431,2,Political Science,100,62.6,12.1,2.66,27.9,40.2,63.1,65.2,2.1,stable,B,0
2a58ba0c-4972-46a9-950e-f894c337b7d0,1,Electrical Engineering,100,69.0,12.4,3.95,30.1,35.1,,66.4,0.0,stable,B,0
2a58ba0c-4972-46a9-950e-f894c337b7d0,2,Electrical Engineering,100,100.0,16.6,3.44,38.6,58.1,66.4,100.0,33.6,improving,A,0
fb5ed701-ba70-47b0-94c0-bef66f2b0852,1,Business Administration,200,83.5,17.3,2.13,24.2,43.2,,67.6,0.0,stable,B,0
fb5ed701-ba70-47b0-94c0-bef66f2b0852,2,Business Administration,200,66.8,16.1,1.51,25.7,34.7,67.6,55.5,-12.1,declining,C,0
81dd2236-95b3-46e4-8151-77ecd39adf7f,1,Biology,100,97.4,5.2,2.53,39.0,40.2,,75.9,0.0,stable,A,0
81dd2236-95b3-46e4-8151-77ecd39adf7f,2,Biology,100,85.2,13.4,4.87,34.1,42.9,75.9,74.4,-1.5,stable,A,0
6901c981-3251-41b3-b7fc-920727386208,1,Political Science,300,63.8,7.9,4.1,27.9,44.5,,76.9,0.0,stable,A,0
6901c981-3251-41b3-b7fc-920727386208,2,Political Science,300,39.6,18.4,3.04,25.1,35.9,76.9,58.8,-18.1,declining,C,1
cfc34b43-883e-4199-a1cb-5885c23e9027,1,Architecture,400,82.3,23.9,3.8,37.8,47.8,,83.8,0.0,stable,A,0
cfc34b43-883e-4199-a1cb-5885c23e9027,2,Architecture,400,63.3,9.6,1.36,24.0,28.9,83.8,52.4,-31.3,declining,C,0
360a737b-c590-4565-a5de-4b7b6d4395bb,1,Psychology,100,77.0,13.8,2.99,27.5,21.2,,47.0,0.0,stable,D,0
360a737b-c590-4565-a5de-4b7b6d4395bb,2,Psychology,100,60.4,14.3,3.73,31.8,50.3,47.0,81.6,34.7,improving,A,0
57873ac7-722e-436a-badc-69c852651ebf,1,Biochemistry,100,67.2,8.3,1.79,33.4,32.7,,62.4,0.0,stable,B,0
57873ac7-722e-436a-badc-69c852651ebf,2,Biochemistry,100,62.6,7.7,3.03,32.9,33.1,62.4,59.2,-3.2,stable,C,0
8d6c38d3-0ed6-408b-a498-fc2c7ff84779,1,Computer Science,200,72.2,11.2,2.82,26.3,40.8,,67.3,0.0,stable,B,0
8d6c38d3-0ed6-408b-a498-fc2c7ff84779,2,Computer Science,200,74.6,14.1,2.66,27.5,54.2,67.3,83.3,16.0,improving,A,0
4c4e63af-bb2a-4c1f-b6d5-cf10492f6ccb,1,Mechanical Engineering,100,87.4,18.1,3.42,37.1,29.0,,66.7,0.0,stable,B,0
4c4e63af-bb2a-4c1f-b6d5-cf10492f6ccb,2,Mechanical Engineering,100,72.3,20.4,3.74,26.3,50.8,66.7,77.6,10.8,improving,A,0
b3f23b9f-6113-459a-b810-bb1f9203c562,1,Economics,300,81.8,6.9,3.29,30.2,39.3,,67.4,0.0,stable,B,0
b3f23b9f-6113-459a-b810-bb1f9203c562,2,Economics,300,66.2,17.9,2.16,23.4,41.6,67.4,62.6,-4.8,stable,B,0
24c3cac9-4c5a-4e3c-ad10-01abe21350f1,1,Psychology,300,61.7,12.5,1.8,22.3,58.1,,81.8,0.0,stable,A,0
24c3cac9-4c5a-4e3c-ad10-01abe21350f1,2,Psychology,300,63.8,14.1,3.45,32.7,40.7,81.8,76.4,-5.4,declining,A,0
9f1ef643-5490-463b-89f4-b1533e469e17,1,Law,100,44.4,6.7,3.13,25.5,26.9,,53.3,0.0,stable,C,1
9f1ef643-5490-463b-89f4-b1533e469e17,2,Law,100,65.6,10.6,3.82,32.7,30.3,53.3,59.8,6.5,improving,C,0
d85f6cda-dd25-4169-b236-5b0fe865d7dc,1,Political Science,200,68.8,11.9,2.47,34.0,41.9,,77.1,0.0,stable,A,0
d85f6cda-dd25-4169-b236-5b0fe865d7dc,2,Political Science,200,56.0,17.8,0.74,30.4,48.6,77.1,77.6,0.6,stable,A,0
42e3172e-e38e-47d2-8f81-6d788650aec3,1,Mechanical Engineering,200,94.1,11.7,3.05,35.5,60.0,,99.5,0.0,stable,A,0
42e3172e-e38e-47d2-8f81-6d788650aec3,2,Mechanical Engineering,200,85.5,7.4,3.11,28.0,44.8,99.5,73.2,-26.3,declining,A,0
fa1919c8-3bda-46cb-9810-e5bb61bef6c7,1,Computer Engineering,100,58.1,12.4,2.32,27.4,29.9,,57.4,0.0,stable,C,0
fa1919c8-3bda-46cb-9810-e5bb61bef6c7,2,Computer Engineering,100,86.3,11.7,2.69,33.3,45.7,57.4,75.7,18.3,improving,A,0
c84c7ab7-55b0-4b15-b738-af251a2f6723,1,Mechanical Engineering,200,78.9,18.6,3.46,31.1,51.6,,84.0,0.0,stable,A,0
c84c7ab7-55b0-4b15-b738-af251a2f6723,2,Mechanical Engineering,200,86.3,1.9,1.76,37.3,14.8,84.0,53.3,-30.7,declining,C,0
c07e9c8f-a400-48a9-82f0-121e4cfeed4c,1,Sociology,300,69.7,7.0,3.28,29.9,57.7,,85.8,0.0,stable,A,0
c07e9c8f-a400-48a9-82f0-121e4cfeed4c,2,Sociology,300,96.6,13.8,2.47,38.3,45.4,85.8,83.9,-1.9,stable,A,0
bacde65b-acc9-418a-b96d-63eb338ae401,1,Architecture,100,79.0,9.0,2.34,34.6,33.9,,68.2,0.0,stable,B,0
bacde65b-acc9-418a-b96d-63eb338ae401,2,Architecture,100,79.2,13.3,1.86,37.3,39.4,68.2,76.1,7.9,improving,A,0
47185902-3bb4-4f49-921a-bb49878bea1e,1,Computer Engineering,200,81.5,13.2,3.61,34.0,48.8,,86.9,0.0,stable,A,0
47185902-3bb4-4f49-921a-bb49878bea1e,2,Computer Engineering,200,88.3,11.2,2.1,40.0,34.8,86.9,73.4,-13.5,declining,A,0
4ac2692c-451a-460c-a7d8-cd9588744feb,1,Psychology,300,48.9,13.7,3.12,17.2,45.6,,61.3,0.0,stable,B,1
4ac2692c-451a-460c-a7d8-cd9588744feb,2,Psychology,300,100.0,9.2,2.65,30.6,49.6,61.3,79.1,17.9,improving,A,0
aae99a3e-cec5-4746-87a5-7740d70bc130,1,Computer Science,300,64.1,15.5,1.9,31.0,57.7,,90.4,0.0,stable,A,0
aae99a3e-cec5-4746-87a5-7740d70bc130,2,Computer Science,300,84.6,16.4,4.37,38.0,49.8,90.4,90.5,0.1,stable,A,0
2090feb9-ea88-4541-b1c1-675d46bb3d95,1,Economics,300,61.7,15.9,2.2,25.5,9.9,,36.6,0.0,stable,F,1
2090feb9-ea88-4541-b1c1-675d46bb3d95,2,Economics,300,65.3,17.6,3.31,33.7,33.3,36.6,70.1,33.5,improving,A,0
3ca34902-7efd-41c4-9e07-67cfb48d0ef8,1,Mechanical Engineering,300,100.0,15.8,3.63,35.8,38.3,,76.5,0.0,stable,A,0
3ca34902-7efd-41c4-9e07-67cfb48d0ef8,2,Mechanical Engineering,300,52.4,9.9,1.58,22.0,41.7,76.5,65.1,-11.3,declining,B,0
37612096-b48a-4e9a-86d7-bda3b289d310,1,Electrical Engineering,200,75.8,12.9,1.49,28.3,30.3,,56.7,0.0,stable,C,0
37612096-b48a-4e9a-86d7-bda3b289d310,2,Electrical Engineering,200,84.0,7.7,2.52,21.4,32.6,56.7,50.7,-6.0,declining,C,0
ba825686-0e66-46a5-baf2-59c0549c00e2,1,Law,100,76.2,7.2,3.08,29.5,53.1,,84.1,0.0,stable,A,0
ba825686-0e66-46a5-baf2-59c0549c00e2,2,Law,100,47.4,5.7,3.04,19.8,5.5,84.1,29.3,-54.7,declining,F,1
cd2b9ab8-effe-41f2-93bb-a1b18809a6d6,1,Psychology,200,85.8,14.6,2.51,34.3,33.4,,68.3,0.0,stable,B,0
cd2b9ab8-effe-41f2-93bb-a1b18809a6d6,2,Psychology,200,61.2,19.6,1.74,33.4,42.9,68.3,74.8,6.5,improving,A,0
61e31c7f-e588-4a35-a184-dd914e50be02,1,Mechanical Engineering,300,77.5,15.7,4.09,32.1,35.5,,67.7,0.0,stable,B,0
61e31c7f-e588-4a35-a184-dd914e50be02,2,Mechanical Engineering,300,100.0,18.7,3.73,39.0,52.8,67.7,95.3,27.6,improving,A,0
ee08c510-2384-4375-addd-20ee9f610c93,1,Law,200,68.2,5.2,3.06,24.5,24.3,,46.7,0.0,stable,D,0
ee08c510-2384-4375-addd-20ee9f610c93,2,Law,200,100.0,12.7,3.29,28.9,22.2,46.7,48.6,2.0,stable,D,0
5755b15d-0c78-4d99-a959-a2798d4951fe,1,Sociology,300,96.6,13.7,3.48,38.0,35.8,,78.0,0.0,stable,A,0
5755b15d-0c78-4d99-a959-a2798d4951fe,2,Sociology,300,65.5,19.0,3.35,19.2,37.8,78.0,51.6,-26.4,declining,C,0
ef51beb2-5cb6-4ffb-8cd4-a7d43a511fbb,1,Computer Engineering,300,92.4,11.9,1.22,35.4,30.5,,61.5,0.0,stable,B,0
ef51beb2-5cb6-4ffb-8cd4-a7d43a511fbb,2,Computer Engineering,300,100.0,12.5,2.77,33.0,24.4,61.5,53.4,-8.0,declining,C,0
8a5b3de5-2a24-4975-83e7-66d2b84a1df9,1,Medicine,100,94.3,9.6,3.02,23.6,24.7,,50.2,0.0,stable,C,0
8a5b3de5-2a24-4975-83e7-66d2b84a1df9,2,Medicine,100,80.7,20.8,4.07,30.0,52.7,50.2,81.7,31.5,improving,A,0
9f135c34-85f6-47c7-8fd0-7a03bda030e9,1,Economics,300,100.0,17.7,3.14,36.0,58.4,,96.1,0.0,stable,A,0
9f135c34-85f6-47c7-8fd0-7a03bda030e9,2,Economics,300,98.4,1.0,3.37,32.1,50.0,96.1,86.8,-9.4,declining,A,0
8bdd5be3-8b5d-429c-8711-b8052abbec04,1,Economics,300,75.5,19.7,4.43,30.5,60.0,,90.4,0.0,stable,A,0
8bdd5be3-8b5d-429c-8711-b8052abbec04,2,Economics,300,71.8,16.3,2.72,29.8,56.2,90.4,86.0,-4.3,stable,A,0
99bfe171-afea-4fdf-891c-a86053817e61,1,Economics,100,49.6,13.8,2.44,29.2,46.7,,80.4,0.0,stable,A,1
99bfe171-afea-4fdf-891c-a86053817e61,2,Economics,100,88.6,17.5,2.46,36.7,60.0,80.4,94.7,14.3,improving,A,0
fc560774-832b-43ab-8eeb-8e0dbb0b209b,1,Law,400,100.0,9.3,2.32,36.5,43.4,,82.6,0.0,stable,A,0
fc560774-832b-43ab-8eeb-8e0dbb0b209b,2,Law,400,60.6,14.2,2.45,19.7,30.7,82.6,48.2,-34.5,declining,D,0
ec02d3a1-2920-4bec-96de-64b10c81f533,1,Computer Science,300,82.8,17.8,1.82,33.3,29.6,,64.8,0.0,stable,B,0
ec02d3a1-2920-4bec-96de-64b10c81f533,2,Computer Science,300,65.7,6.7,3.64,25.2,33.9,64.8,52.5,-12.3,declining,C,0
0499d91a-0be0-43cb-ab3c-5d334f715413,1,Law,300,89.2,16.1,3.0,25.2,54.6,,77.8,0.0,stable,A,0
0499d91a-0be0-43cb-ab3c-5d334f715413,2,Law,300,68.2,23.6,2.44,32.4,52.3,77.8,85.8,8.0,improving,A,0
6cf1481f-4f73-4c96-8310-c532379dfaf8,1,Business Administration,300,79.2,13.9,3.22,30.6,56.5,,83.1,0.0,stable,A,0
6cf1481f-4f73-4c96-8310-c532379dfaf8,2,Business Administration,300,90.3,16.1,3.56,38.6,42.7,83.1,75.7,-7.4,declining,A,0
d23eee8e-66c9-471a-b063-b6ca9ce58ddb,1,Computer Science,200,73.9,7.0,2.41,23.6,30.1,,51.9,0.0,stable,C,0
d23eee8e-66c9-471a-b063-b6ca9ce58ddb,2,Computer Science,200,39.3,15.5,4.78,25.9,43.6,51.9,69.3,17.5,improving,B,1
baf81003-e2a4-408f-aee7-0a8edb3eaf58,1,Political Science,100,68.7,12.5,2.97,24.5,56.7,,76.7,0.0,stable,A,0
baf81003-e2a4-408f-aee7-0a8edb3eaf58,2,Political Science,100,85.8,11.5,4.52,33.9,38.7,76.7,71.8,-5.0,stable,A,0
07899bbc-bcc6-4fb3-9dfb-801faa95bb68,1,Medicine,200,75.6,6.3,2.39,21.2,25.0,,46.5,0.0,stable,D,0
07899bbc-bcc6-4fb3-9dfb-801faa95bb68,2,Medicine,200,79.5,2.1,2.89,33.7,30.7,46.5,62.5,16.0,improving,B,0
dd449574-64c5-4e79-83b4-ba1c472fb3b5,1,Biology,300,68.8,9.3,2.49,29.6,59.7,,87.1,0.0,stable,A,0
dd449574-64c5-4e79-83b4-ba1c472fb3b5,2,Biology,300,70.2,11.7,2.45,34.5,14.6,87.1,47.5,-39.6,declining,D,0
f1f95189-fd0b-4a83-8932-f704a2456edf,1,Sociology,100,87.3,10.5,2.34,34.7,46.3,,81.6,0.0,stable,A,0
f1f95189-fd0b-4a83-8932-f704a2456edf,2,Sociology,100,63.0,14.3,2.68,31.3,55.4,81.6,78.9,-2.7,stable,A,0
0d9f7df9-0fb0-40dc-abcd-ff9a77dfa18e,1,Political Science,300,76.7,3.3,4.95,28.0,44.7,,72.6,0.0,stable,A,0
0d9f7df9-0fb0-40dc-abcd-ff9a77dfa18e,2,Political Science,300,63.0,7.4,4.27,32.4,58.3,72.6,90.8,18.2,improving,A,0
d199cfb8-720e-4541-a1e1-968433e7a32e,1,Biology,200,79.3,10.7,2.77,25.7,39.0,,62.3,0.0,stable,B,0
d199cfb8-720e-4541-a1e1-968433e7a32e,2,Biology,200,81.6,12.9,3.23,39.7,40.3,62.3,82.2,19.9,improving,A,0
19dbe8d4-14c8-43da-800c-b47ddf7236b4,1,Electrical Engineering,100,100.0,18.5,3.92,33.5,48.4,,77.9,0.0,stable,A,0
19dbe8d4-14c8-43da-800c-b47ddf7236b4,2,Electrical Engineering,100,82.5,13.4,3.02,36.6,28.5,77.9,70.0,-7.8,declining,A,0
903ee67c-3c6e-4a1c-b6db-ec1a20d9cedf,1,Medicine,300,88.5,11.6,2.88,35.1,54.3,,89.7,0.0,stable,A,0
903ee67c-3c6e-4a1c-b6db-ec1a20d9cedf,2,Medicine,300,77.2,12.1,4.43,28.6,42.2,89.7,75.2,-14.5,declining,A,0
1b312085-0b71-46a9-963b-d95422d828a5,1,Accounting,300,77.2,17.7,2.27,29.4,57.0,,84.4,0.0,stable,A,0
1b312085-0b71-46a9-963b-d95422d828a5,2,Accounting,300,72.7,13.3,2.21,27.5,40.0,84.4,67.6,-16.8,declining,B,0
773db29e-d761-479a-b6ba-a4d539a1549a,1,Electrical Engineering,300,94.2,19.7,2.32,34.4,50.4,,89.4,0.0,stable,A,0
773db29e-d761-479a-b6ba-a4d539a1549a,2,Electrical Engineering,300,85.8,13.5,3.53,35.5,32.4,89.4,68.5,-20.9,declining,B,0
da046047-50c5-4e75-8d1d-d2b992f9a41c,1,Architecture,400,96.9,11.0,3.1,33.2,15.9,,49.1,0.0,stable,D,0
da046047-50c5-4e75-8d1d-d2b992f9a41c,2,Architecture,400,79.5,9.4,2.08,26.5,43.5,49.1,76.0,26.8,improving,A,0
549baab6-24f9-4d9d-83cb-0200865548fd,1,Sociology,100,95.7,5.3,3.68,30.8,30.3,,59.8,0.0,stable,C,0
549baab6-24f9-4d9d-83cb-0200865548fd,2,Sociology,100,85.6,16.8,2.92,31.7,47.5,59.8,80.9,21.1,improving,A,0
28aed361-da18-406c-8a70-a0a6f8f99eff,1,Political Science,100,92.6,5.6,3.02,28.2,34.5,,62.0,0.0,stable,B,0
28aed361-da18-406c-8a70-a0a6f8f99eff,2,Political Science,100,74.3,8.0,1.81,19.4,33.0,62.0,51.1,-10.9,declining,C,0
25b2438e-7e7a-4ec4-9f9d-24b3a80f2e89,1,Computer Engineering,300,64.9,18.6,2.31,35.1,59.2,,88.4,0.0,stable,A,0
25b2438e-7e7a-4ec4-9f9d-24b3a80f2e89,2,Computer Engineering,300,76.4,10.0,0.67,23.1,41.2,88.4,70.3,-18.0,declining,A,0
cf7f5472-6283-4472-a6b1-ca27d203e618,1,Political Science,200,88.5,13.6,2.98,40.0,60.0,,98.2,0.0,stable,A,0
cf7f5472-6283-4472-a6b1-ca27d203e618,2,Political Science,200,45.0,1.5,4.06,23.8,36.0,98.2,54.4,-43.8,declining,C,1
f983bc25-1e75-4e98-aa8b-02d4a795a8d2,1,Computer Science,200,63.7,10.5,3.17,25.7,28.5,,51.9,0.0,stable,C,0
f983bc25-1e75-4e98-aa8b-02d4a795a8d2,2,Computer Science,200,93.1,13.2,3.49,29.1,11.9,51.9,39.4,-12.4,declining,F,1
41a4c338-66af-4c4a-b5a6-31b3c1313ea3,1,Mechanical Engineering,100,62.0,13.7,5.0,30.9,60.0,,92.6,0.0,stable,A,0
41a4c338-66af-4c4a-b5a6-31b3c1313ea3,2,Mechanical Engineering,100,65.6,13.7,4.42,37.3,37.9,92.6,75.9,-16.7,declining,A,0
ec9ae12a-3d3e-456c-98c7-ad5b41d59f11,1,Political Science,100,53.6,16.1,4.24,25.9,38.3,,65.3,0.0,stable,B,0
ec9ae12a-3d3e-456c-98c7-ad5b41d59f11,2,Political Science,100,81.3,12.4,3.14,30.4,50.1,65.3,82.7,17.4,improving,A,0
124a2d17-bd4a-4578-8775-9b47ac3e3816,1,Biochemistry,100,60.3,6.9,2.8,30.7,37.0,,65.8,0.0,stable,B,0
124a2d17-bd4a-4578-8775-9b47ac3e3816,2,Biochemistry,100,78.9,10.3,3.7,32.4,36.6,65.8,69.8,3.9,stable,B,0
48099f5d-6587-4bb2-9cdc-ef611760ecd2,1,Medicine,300,94.7,9.2,3.32,33.6,42.5,,74.1,0.0,stable,A,0
48099f5d-6587-4bb2-9cdc-ef611760ecd2,2,Medicine,300,76.7,17.5,2.25,23.7,29.1,74.1,49.3,-24.8,declining,D,0
190e6840-a39f-4600-8b23-5c6364940baa,1,Economics,200,83.9,5.0,2.76,34.9,38.2,,72.0,0.0,stable,A,0
190e6840-a39f-4600-8b23-5c6364940baa,2,Economics,200,77.9,12.5,2.82,29.5,60.0,72.0,91.9,20.0,improving,A,0
565a78b2-fc71-4ca3-9624-937f0ca20197,1,Accounting,300,100.0,9.5,2.93,28.3,29.6,,63.6,0.0,stable,B,0
565a78b2-fc71-4ca3-9624-937f0ca20197,2,Accounting,300,67.2,21.6,2.01,23.2,41.0,63.6,64.0,0.4,stable,B,0
1ae6e21d-8971-4fa5-88a4-6d89dd80d8c3,1,Architecture,300,88.8,14.3,2.67,32.1,37.3,,66.7,0.0,stable,B,0
1ae6e21d-8971-4fa5-88a4-6d89dd80d8c3,2,Architecture,300,61.7,17.1,1.54,35.4,36.9,66.7,70.0,3.3,stable,B,0
102b26f8-b94d-4171-adc1-a0977a826922,1,Computer Science,300,86.1,19.4,3.89,34.7,57.5,,87.1,0.0,stable,A,0
102b26f8-b94d-4171-adc1-a0977a826922,2,Computer Science,300,67.2,7.4,3.98,26.5,46.7,87.1,74.9,-12.3,declining,A,0
c4a0241c-3ef4-4d54-adea-376e15384d50,1,Mechanical Engineering,200,62.1,9.1,4.04,23.5,40.8,,62.0,0.0,stable,B,0
c4a0241c-3ef4-4d54-adea-376e15384d50,2,Mechanical Engineering,200,70.3,11.8,2.37,24.3,41.0,62.0,62.7,0.8,stable,B,0
42c35c79-e7b4-497f-814a-4432d3ad6596,1,Medicine,100,62.8,7.3,2.94,32.3,51.2,,81.3,0.0,stable,A,0
42c35c79-e7b4-497f-814a-4432d3ad6596,2,Medicine,100,100.0,7.0,3.87,31.4,29.0,81.3,58.2,-23.1,declining,C,0
a869d3d4-1c8d-4fb1-805a-e8856685b48f,1,Accounting,300,74.2,14.9,3.54,25.1,32.8,,55.2,0.0,stable,C,0
a869d3d4-1c8d-4fb1-805a-e8856685b48f,2,Accounting,300,73.3,10.9,2.24,31.0,59.9,55.2,89.4,34.2,improving,A,0
73f8b2da-b464-4ed3-8f8b-4386043132c1,1,Medicine,300,68.5,14.8,2.55,32.0,33.5,,71.0,0.0,stable,A,0
73f8b2da-b464-4ed3-8f8b-4386043132c1,2,Medicine,300,80.2,8.9,2.53,28.5,50.1,71.0,74.8,3.8,stable,A,0
e7016033-936b-43ae-9d2e-f618404606ca,1,Computer Engineering,200,65.0,9.2,2.99,26.6,22.6,,48.1,0.0,stable,D,0
e7016033-936b-43ae-9d2e-f618404606ca,2,Computer Engineering,200,73.5,8.9,3.55,34.3,37.6,48.1,72.6,24.6,improving,A,0
447ed5ee-4dd4-402d-ac2c-b8dc45554a83,1,Law,400,42.6,9.9,3.8,21.4,32.3,,60.5,0.0,stable,B,1
447ed5ee-4dd4-402d-ac2c-b8dc45554a83,2,Law,400,100.0,14.3,3.91,23.9,35.2,60.5,57.6,-2.9,stable,C,0
45235df3-9c34-488e-a05b-3e767d9861a6,1,Biology,200,71.5,9.6,0.96,31.2,39.2,,75.2,0.0,stable,A,0
45235df3-9c34-488e-a05b-3e767d9861a6,2,Biology,200,63.2,7.6,0.86,26.2,41.2,75.2,65.5,-9.7,declining,B,0
7a05198b-9b1f-4e15-b5ec-29b6e6079eda,1,Biochemistry,200,100.0,10.7,3.12,28.2,41.8,,64.0,0.0,stable,B,0
7a05198b-9b1f-4e15-b5ec-29b6e6079eda,2,Biochemistry,200,85.4,15.6,4.09,27.0,45.9,64.0,74.6,10.6,improving,A,0
690e230f-7e66-4abe-b933-a0f63559e34d,1,Medicine,200,81.6,7.7,1.09,33.1,31.1,,62.5,0.0,stable,B,0
690e230f-7e66-4abe-b933-a0f63559e34d,2,Medicine,200,86.5,11.8,1.94,22.6,26.0,62.5,55.8,-6.7,declining,C,0
a7a974f2-8f96-4645-91cd-a74d7baaad54,1,Architecture,400,85.8,12.9,2.85,30.9,51.6,,81.1,0.0,stable,A,0
a7a974f2-8f96-4645-91cd-a74d7baaad54,2,Architecture,400,83.7,10.3,4.55,35.4,53.9,81.1,87.6,6.5,improving,A,0
8a38b88b-c711-4513-9c18-9b40ba07036a,1,Medicine,300,90.9,10.4,3.09,40.0,28.2,,68.8,0.0,stable,B,0
8a38b88b-c711-4513-9c18-9b40ba07036a,2,Medicine,300,81.6,14.6,2.64,40.0,27.8,68.8,72.1,3.3,stable,A,0
fc3f3001-cafb-4c14-bdce-3d2b20e6ccb7,1,Political Science,100,93.2,21.5,1.73,29.3,58.7,,82.4,0.0,stable,A,0
fc3f3001-cafb-4c14-bdce-3d2b20e6ccb7,2,Political Science,100,50.9,9.6,3.15,33.1,36.3,82.4,67.6,-14.8,declining,B,0
9752bbba-c306-42f3-acdd-221cf88f5da4,1,Biology,200,79.7,14.3,3.35,30.0,22.4,,49.7,0.0,stable,D,0
9752bbba-c306-42f3-acdd-221cf88f5da4,2,Biology,200,96.3,12.9,2.74,39.9,28.4,49.7,67.6,17.9,improving,B,0
c578c707-e22f-4f30-b6a1-7f0c818a01dc,1,Computer Engineering,200,77.1,9.8,3.08,29.5,24.2,,54.2,0.0,stable,C,0
c578c707-e22f-4f30-b6a1-7f0c818a01dc,2,Computer Engineering,200,55.1,12.8,4.1,24.6,30.6,54.2,54.9,0.7,stable,C,0
d9852e24-84c8-4c7d-a3dc-3cbeb392b589,1,Psychology,100,62.5,15.0,2.88,36.1,53.1,,88.7,0.0,stable,A,0
d9852e24-84c8-4c7d-a3dc-3cbeb392b589,2,Psychology,100,85.7,10.0,3.03,30.3,45.9,88.7,80.5,-8.2,declining,A,0
f8511597-f05a-4ad7-88e9-c9263835dc46,1,Economics,200,87.0,16.6,3.74,35.2,32.9,,73.2,0.0,stable,A,0
f8511597-f05a-4ad7-88e9-c9263835dc46,2,Economics,200,100.0,10.8,2.7,38.1,43.7,73.2,81.1,7.9,improving,A,0
7c876ca9-c61b-4d80-910a-4c7c660102ef,1,Medicine,100,56.2,13.5,3.44,29.9,45.0,,74.1,0.0,stable,A,0
7c876ca9-c61b-4d80-910a-4c7c660102ef,2,Medicine,100,89.9,12.3,2.63,32.1,21.6,74.1,53.1,-21.0,declining,C,0
f3e75428-374b-4d1a-ad83-4fc0bffbcee2,1,Computer Engineering,200,85.3,13.7,4.22,30.8,48.1,,81.2,0.0,stable,A,0
f3e75428-374b-4d1a-ad83-4fc0bffbcee2,2,Computer Engineering,200,100.0,12.7,2.16,39.2,57.1,81.2,95.3,14.1,improving,A,0
e67842de-7af9-45ee-9213-faccb8c25844,1,Sociology,200,87.6,18.1,3.81,33.2,38.6,,71.5,0.0,stable,A,0
e67842de-7af9-45ee-9213-faccb8c25844,2,Sociology,200,81.9,16.5,3.27,29.5,48.9,71.5,81.0,9.5,improving,A,0
c337fa84-d13a-44f9-9224-89889de20418,1,Business Administration,200,80.7,7.8,2.85,35.9,22.5,,52.1,0.0,stable,C,0
c337fa84-d13a-44f9-9224-89889de20418,2,Business Administration,200,97.6,14.6,3.49,29.1,49.7,52.1,79.7,27.6,improving,A,0
8043422c-ec1c-402f-a9e3-81884cfea2e5,1,Psychology,300,51.2,19.1,3.13,23.3,41.1,,58.4,0.0,stable,C,0
8043422c-ec1c-402f-a9e3-81884cfea2e5,2,Psychology,300,83.9,13.3,2.84,38.2,26.4,58.4,62.7,4.4,stable,B,0
13b831eb-bf34-46eb-b223-3cc0f6f20a21,1,Law,200,62.2,10.6,3.05,29.6,35.2,,62.2,0.0,stable,B,0
13b831eb-bf34-46eb-b223-3cc0f6f20a21,2,Law,200,100.0,24.1,3.11,31.2,60.0,62.2,86.9,24.7,improving,A,0
9e64f333-ddd9-412a-a8b7-ef9fde232cb1,1,Biology,200,70.0,8.5,2.07,27.6,26.6,,54.2,0.0,stable,C,0
9e64f333-ddd9-412a-a8b7-ef9fde232cb1,2,Biology,200,75.4,8.9,2.7,28.9,44.9,54.2,73.3,19.1,improving,A,0
2d406e92-2c15-4724-8a3e-0a13884557ba,1,Medicine,400,87.4,14.9,3.46,39.4,31.4,,69.4,0.0,stable,B,0
2d406e92-2c15-4724-8a3e-0a13884557ba,2,Medicine,400,100.0,10.7,0.75,34.0,35.5,69.4,61.6,-7.7,declining,B,0
0b0dcf3f-c3a0-47f2-910e-dfbbdf01443d,1,Computer Science,300,95.0,8.4,3.26,32.9,24.7,,54.3,0.0,stable,C,0
0b0dcf3f-c3a0-47f2-910e-dfbbdf01443d,2,Computer Science,300,61.0,17.4,2.88,24.6,33.9,54.3,62.0,7.7,improving,B,0
860b81ff-e255-40ee-9ba2-253378d486fe,1,Accounting,200,97.0,17.9,3.39,35.8,32.4,,67.5,0.0,stable,B,0
860b81ff-e255-40ee-9ba2-253378d486fe,2,Accounting,200,64.7,2.9,3.85,24.5,46.7,67.5,73.8,6.3,improving,A,0
7efcce6f-8c48-444f-86e8-5d69d65997ad,1,Psychology,200,83.4,15.1,2.51,40.0,41.2,,82.1,0.0,stable,A,0
7efcce6f-8c48-444f-86e8-5d69d65997ad,2,Psychology,200,65.3,7.3,3.38,29.1,29.1,82.1,53.9,-28.2,declining,C,0
56756568-64ce-4a2c-be8d-1da0132ddb1c,1,Business Administration,300,56.0,18.0,2.51,24.5,57.4,,78.5,0.0,stable,A,0
56756568-64ce-4a2c-be8d-1da0132ddb1c,2,Business Administration,300,64.1,8.2,4.29,37.8,46.9,78.5,87.1,8.6,improving,A,0
5173b921-0b7d-442b-95f5-337381b56505,1,Political Science,100,66.3,21.7,3.21,32.5,45.9,,77.6,0.0,stable,A,0
5173b921-0b7d-442b-95f5-337381b56505,2,Political Science,100,99.9,14.7,4.16,36.3,35.3,77.6,69.9,-7.8,declining,B,0
b902a709-c786-4189-82e4-8d478d87f750,1,Computer Engineering,300,76.5,8.9,2.11,36.3,30.1,,66.8,0.0,stable,B,0
b902a709-c786-4189-82e4-8d478d87f750,2,Computer Engineering,300,79.4,9.1,4.16,25.3,42.4,66.8,68.4,1.6,stable,B,0
6da8eaf9-ceec-44da-b766-f5b6db94d00c,1,Sociology,200,74.2,5.5,3.7,33.6,29.6,,65.3,0.0,stable,B,0
6da8eaf9-ceec-44da-b766-f5b6db94d00c,2,Sociology,200,80.6,5.6,2.32,36.8,36.7,65.3,71.8,6.6,improving,A,0
03ef1a4a-428b-46bf-9ad8-97121b6c0345,1,Medicine,200,62.1,9.4,2.64,23.2,19.6,,46.2,0.0,stable,D,0
03ef1a4a-428b-46bf-9ad8-97121b6c0345,2,Medicine,200,89.6,5.6,3.11,28.4,32.6,46.2,60.0,13.8,improving,C,0
54406670-4fdf-4369-ac9d-7e01f4d0a6a6,1,Computer Science,100,68.6,22.0,2.65,24.7,38.4,,66.2,0.0,stable,B,0
54406670-4fdf-4369-ac9d-7e01f4d0a6a6,2,Computer Science,100,50.2,8.2,4.16,26.3,41.1,66.2,73.7,7.5,improving,A,0
53a3fc40-063a-43c3-885f-cc602ec6983c,1,Accounting,300,78.7,8.5,2.77,25.1,49.2,,75.9,0.0,stable,A,0
53a3fc40-063a-43c3-885f-cc602ec6983c,2,Accounting,300,91.9,18.1,2.67,28.6,42.7,75.9,68.8,-7.2,declining,B,0
8faa54ca-ca3e-4969-bf34-9eb7059531d6,1,Sociology,200,77.5,17.7,2.87,31.2,42.4,,76.1,0.0,stable,A,0
8faa54ca-ca3e-4969-bf34-9eb7059531d6,2,Sociology,200,65.0,1.0,3.38,32.9,36.9,76.1,68.0,-8.1,declining,B,0
a5eed5e0-1d10-4a49-b4e2-f8005a93a3ba,1,Computer Science,100,58.0,14.5,3.11,26.0,59.8,,82.9,0.0,stable,A,0
a5eed5e0-1d10-4a49-b4e2-f8005a93a3ba,2,Computer Science,100,100.0,12.2,1.53,34.1,46.3,82.9,79.4,-3.6,stable,A,0
601d7565-ff94-402e-9db3-3e91747210e3,1,Computer Engineering,100,52.9,11.2,2.31,28.0,45.3,,70.2,0.0,stable,A,0
601d7565-ff94-402e-9db3-3e91747210e3,2,Computer Engineering,100,64.4,15.8,2.31,22.5,29.1,70.2,52.6,-17.6,declining,C,0
f7ebd23d-2887-4fb6-acaa-7fb74ae9d173,1,Political Science,300,79.6,8.6,3.0,38.6,27.4,,60.1,0.0,stable,B,0
f7ebd23d-2887-4fb6-acaa-7fb74ae9d173,2,Political Science,300,81.8,11.4,2.43,34.6,46.4,60.1,74.4,14.3,improving,A,0
0d5a0cce-2ea6-47f9-bbe1-f10e503c2760,1,Medicine,300,65.2,23.6,3.47,31.4,60.0,,91.5,0.0,stable,A,0
0d5a0cce-2ea6-47f9-bbe1-f10e503c2760,2,Medicine,300,87.0,15.6,3.43,30.8,44.7,91.5,73.7,-17.7,declining,A,0
8e51b88a-d6f1-4b6e-908f-39c6e6c3b4c1,1,Law,100,75.2,6.2,2.37,28.6,24.7,,51.8,0.0,stable,C,0
8e51b88a-d6f1-4b6e-908f-39c6e6c3b4c1,2,Law,100,72.5,14.0,3.76,27.2,55.9,51.8,85.9,34.1,improving,A,0
e99c5340-f197-4825-8193-c14f6c5c7322,1,Psychology,100,82.6,12.8,3.26,37.4,52.9,,94.3,0.0,stable,A,0
e99c5340-f197-4825-8193-c14f6c5c7322,2,Psychology,100,75.6,14.8,4.07,27.0,40.5,94.3,67.6,-26.7,declining,B,0
9a383a20-77fd-422b-a794-13daed982007,1,Sociology,200,88.5,16.6,2.82,25.2,44.9,,67.3,0.0,stable,B,0
9a383a20-77fd-422b-a794-13daed982007,2,Sociology,200,52.7,5.7,3.26,32.3,36.0,67.3,68.9,1.6,stable,B,0
1dd1e858-5a6e-464a-a98d-cc069d64c9ac,1,Medicine,300,92.7,4.3,3.42,33.5,40.5,,72.6,0.0,stable,A,0
1dd1e858-5a6e-464a-a98d-cc069d64c9ac,2,Medicine,300,62.7,12.7,4.32,31.9,37.6,72.6,65.5,-7.1,declining,B,0
ad46026d-1045-4f31-a282-78c9edde8f25,1,Architecture,100,49.8,18.6,2.24,23.3,56.0,,74.4,0.0,stable,A,1
ad46026d-1045-4f31-a282-78c9edde8f25,2,Architecture,100,97.4,10.7,2.08,33.2,29.6,74.4,64.2,-10.3,declining,B,0
b50f3a43-3fc6-42d6-aca9-28707c8a7fa5,1,Psychology,100,65.3,2.4,2.82,21.3,34.4,,52.1,0.0,stable,C,0
b50f3a43-3fc6-42d6-aca9-28707c8a7fa5,2,Psychology,100,67.7,12.9,2.83,29.8,46.7,52.1,73.0,20.9,improving,A,0
0f433738-a5c3-40c5-b155-25144dd6400b,1,Economics,200,74.0,0.0,3.2,28.3,21.6,,50.8,0.0,stable,C,0
0f433738-a5c3-40c5-b155-25144dd6400b,2,Economics,200,92.6,9.6,2.24,34.3,23.0,50.8,55.4,4.6,stable,C,0
6d0c39c3-cba0-48b0-a4e6-72c07b66ea6b,1,Law,300,93.3,12.3,1.5,24.7,38.4,,65.7,0.0,stable,B,0
6d0c39c3-cba0-48b0-a4e6-72c07b66ea6b,2,Law,300,50.7,14.2,4.06,34.6,46.6,65.7,82.7,17.0,improving,A,0
018f8be3-c53a-47e7-ac83-bf82d345bf34,1,Sociology,200,43.0,22.5,2.54,18.9,43.6,,67.1,0.0,stable,B,1
018f8be3-c53a-47e7-ac83-bf82d345bf34,2,Sociology,200,100.0,12.6,3.8,35.2,31.2,67.1,70.9,3.8,stable,A,0
788df6eb-5cdd-4f25-8cac-3b112d6ad835,1,Mechanical Engineering,100,65.7,19.7,4.04,31.2,60.0,,97.9,0.0,stable,A,0
788df6eb-5cdd-4f25-8cac-3b112d6ad835,2,Mechanical Engineering,100,72.4,8.0,1.51,40.0,29.3,97.9,72.7,-25.2,declining,A,0
4636b25b-8eaa-4ba4-b07b-e01b1b847a3c,1,Computer Science,300,63.9,19.7,2.44,21.8,41.9,,62.1,0.0,stable,B,0
4636b25b-8eaa-4ba4-b07b-e01b1b847a3c,2,Computer Science,300,83.9,11.7,3.5,30.3,33.7,62.1,62.3,0.2,stable,B,0
3b941cbf-9bac-4e45-948b-7c0d84ba6805,1,Electrical Engineering,200,100.0,13.1,1.41,32.4,38.2,,76.1,0.0,stable,A,0
3b941cbf-9bac-4e45-948b-7c0d84ba6805,2,Electrical Engineering,200,90.4,7.4,4.93,32.9,52.6,76.1,82.1,6.0,improving,A,0
8fc55c1c-5057-4e91-9577-e7ae6237550c,1,Economics,200,39.0,5.0,0.4,33.4,31.5,,62.1,0.0,stable,B,1
8fc55c1c-5057-4e91-9577-e7ae6237550c,2,Economics,200,81.8,12.9,3.5,37.4,38.3,62.1,73.1,11.0,improving,A,0
177380a2-bf6b-49d0-be87-dfc0bda917d7,1,Biochemistry,300,87.4,16.0,3.08,40.0,38.2,,75.5,0.0,stable,A,0
177380a2-bf6b-49d0-be87-dfc0bda917d7,2,Biochemistry,300,81.3,8.6,3.4,27.1,34.0,75.5,66.7,-8.8,declining,B,0
0d711c87-132f-439a-834e-84f87125643d,1,Computer Engineering,200,68.9,8.0,3.94,23.5,31.7,,56.9,0.0,stable,C,0
0d711c87-132f-439a-834e-84f87125643d,2,Computer Engineering,200,89.1,18.1,2.4,35.8,38.1,56.9,72.1,15.1,improving,A,0
71589629-541f-42f4-93cd-cce4751be8ef,1,Political Science,200,93.0,9.3,3.22,34.4,27.3,,64.6,0.0,stable,B,0
71589629-541f-42f4-93cd-cce4751be8ef,2,Political Science,200,83.4,2.1,3.22,27.8,43.9,64.6,67.4,2.7,stable,B,0
1f9c3ed6-e4e2-45b2-83b3-39edc322c2a3,1,Biology,200,69.7,13.8,3.04,32.7,25.8,,63.5,0.0,stable,B,0
1f9c3ed6-e4e2-45b2-83b3-39edc322c2a3,2,Biology,200,82.9,18.8,3.7,31.5,33.0,63.5,62.8,-0.7,stable,B,0
024b3e23-c1fb-4920-912d-37395a219fe9,1,Mechanical Engineering,300,98.8,18.9,2.5,20.7,41.4,,61.2,0.0,stable,B,0
024b3e23-c1fb-4920-912d-37395a219fe9,2,Mechanical Engineering,300,71.3,14.6,3.7,34.2,47.3,61.2,76.1,14.9,improving,A,0
e3780d2c-0ad1-45f2-befe-a6f10047469d,1,Business Administration,300,69.9,23.5,3.3,30.8,52.0,,84.1,0.0,stable,A,0
e3780d2c-0ad1-45f2-befe-a6f10047469d,2,Business Administration,300,39.3,10.8,2.97,29.3,39.1,84.1,63.5,-20.6,declining,B,1
3ee028d6-4523-45a4-b585-878bc570f6ce,1,Biochemistry,200,81.5,8.0,2.03,27.1,40.2,,71.1,0.0,stable,A,0
3ee028d6-4523-45a4-b585-878bc570f6ce,2,Biochemistry,200,82.2,15.2,3.38,32.0,49.6,71.1,74.3,3.2,stable,A,0
ea18e673-8685-4c9e-a337-ddf64b3c24b4,1,Mechanical Engineering,100,76.7,6.8,3.93,29.6,38.0,,63.1,0.0,stable,B,0
ea18e673-8685-4c9e-a337-ddf64b3c24b4,2,Mechanical Engineering,100,90.3,15.1,3.45,29.0,35.0,63.1,64.6,1.5,stable,B,0
7e362e01-5072-4ea0-831c-3d18f335a178,1,Electrical Engineering,100,64.6,14.2,1.27,25.5,55.6,,82.4,0.0,stable,A,0
7e362e01-5072-4ea0-831c-3d18f335a178,2,Electrical Engineering,100,77.5,21.9,1.13,26.4,38.9,82.4,67.9,-14.5,declining,B,0
72194aeb-d843-4d25-99ed-edbfa12defb7,1,Architecture,200,88.1,7.7,3.8,30.6,50.2,,77.7,0.0,stable,A,0
72194aeb-d843-4d25-99ed-edbfa12defb7,2,Architecture,200,73.2,9.5,3.84,27.0,39.1,77.7,67.6,-10.1,declining,B,0
fed8cae2-772c-452a-b327-4c5b61b1b714,1,Biochemistry,300,83.2,16.4,3.17,29.5,39.6,,69.2,0.0,stable,B,0
fed8cae2-772c-452a-b327-4c5b61b1b714,2,Biochemistry,300,78.7,11.3,3.02,23.2,45.8,69.2,69.5,0.3,stable,B,0
1965bc0a-5081-4c61-a320-1dc08793a669,1,Architecture,100,90.0,12.0,1.61,31.2,34.8,,68.2,0.0,stable,B,0
1965bc0a-5081-4c61-a320-1dc08793a669,2,Architecture,100,43.9,12.2,3.41,20.5,41.3,68.2,59.9,-8.3,declining,C,1
2cce3a3c-5d36-4f83-8efe-0b2cadce9893,1,Political Science,300,64.1,10.0,2.43,31.2,29.6,,58.1,0.0,stable,C,0
2cce3a3c-5d36-4f83-8efe-0b2cadce9893,2,Political Science,300,100.0,16.8,1.51,31.2,42.4,58.1,74.6,16.4,improving,A,0
4c50d400-b195-4b0c-beaf-28f10b5ba133,1,Accounting,200,52.6,17.8,3.66,27.9,58.6,,87.9,0.0,stable,A,0
4c50d400-b195-4b0c-beaf-28f10b5ba133,2,Accounting,200,81.7,19.8,3.88,27.1,53.2,87.9,78.4,-9.5,declining,A,0
5e24ebc1-0bd7-4f60-8ca1-db7f82f40325,1,Sociology,200,82.6,14.4,1.89,30.9,41.7,,71.3,0.0,stable,A,0
5e24ebc1-0bd7-4f60-8ca1-db7f82f40325,2,Sociology,200,79.7,16.0,2.98,32.1,56.2,71.3,89.7,18.4,improving,A,0
1912bf26-b4f2-4191-8c1e-67fa0208df59,1,Biology,100,78.0,7.2,3.54,32.3,50.1,,82.5,0.0,stable,A,0
1912bf26-b4f2-4191-8c1e-67fa0208df59,2,Biology,100,47.8,3.5,3.59,21.7,39.0,82.5,61.1,-21.4,declining,B,1
a240bdd1-3d1c-4ec4-8de0-cb927ba59eea,1,Economics,300,72.5,11.5,2.31,29.4,32.0,,60.3,0.0,stable,B,0
a240bdd1-3d1c-4ec4-8de0-cb927ba59eea,2,Economics,300,70.1,10.9,3.74,28.4,50.5,60.3,83.5,23.2,improving,A,0
11655551-856d-41fe-9d4a-12bd52cf18ec,1,Business Administration,200,87.8,14.7,3.26,36.9,42.9,,82.7,0.0,stable,A,0
11655551-856d-41fe-9d4a-12bd52cf18ec,2,Business Administration,200,84.2,10.2,3.72,32.3,38.7,82.7,69.5,-13.2,declining,B,0
063cda97-0ccb-46a9-b225-3e1668894cf3,1,Accounting,100,77.5,17.0,3.71,32.3,50.5,,86.6,0.0,stable,A,0
063cda97-0ccb-46a9-b225-3e1668894cf3,2,Accounting,100,72.8,6.4,4.04,26.9,30.8,86.6,52.3,-34.4,declining,C,0
f6ea633f-afde-4675-9981-abbfd3392015,1,Biology,300,83.6,3.9,2.4,34.7,39.8,,72.5,0.0,stable,A,0
f6ea633f-afde-4675-9981-abbfd3392015,2,Biology,300,73.0,7.6,2.56,30.9,30.6,72.5,60.8,-11.7,declining,B,0
4c453bb2-7950-43bb-bdd8-4f47fbce2bf3,1,Biochemistry,300,53.0,17.7,3.41,29.6,57.3,,84.4,0.0,stable,A,0
4c453bb2-7950-43bb-bdd8-4f47fbce2bf3,2,Biochemistry,300,69.6,2.5,5.0,28.2,47.2,84.4,71.7,-12.8,declining,A,0
34fabaca-aa11-40bc-807d-b9b96326761a,1,Sociology,100,89.9,21.3,2.95,27.9,44.7,,66.0,0.0,stable,B,0
34fabaca-aa11-40bc-807d-b9b96326761a,2,Sociology,100,74.4,16.1,2.97,28.5,47.7,66.0,78.0,12.0,improving,A,0
4ad5d12c-39bf-4f79-a6c5-9eaf67443571,1,Political Science,200,50.1,12.4,4.95,18.3,42.9,,67.1,0.0,stable,B,0
4ad5d12c-39bf-4f79-a6c5-9eaf67443571,2,Political Science,200,91.6,9.4,3.16,33.3,30.6,67.1,63.7,-3.4,stable,B,0
c8959c23-a8d3-41b7-8aa3-fa2bc9f63c29,1,Economics,100,70.8,12.6,2.4,22.8,38.4,,66.3,0.0,stable,B,0
c8959c23-a8d3-41b7-8aa3-fa2bc9f63c29,2,Economics,100,76.2,10.3,3.6,29.5,58.3,66.3,87.7,21.4,improving,A,0
3add15ef-7882-445d-83ad-1ca6d35a35f1,1,Computer Engineering,100,85.5,8.2,3.4,33.5,37.1,,69.1,0.0,stable,B,0
3add15ef-7882-445d-83ad-1ca6d35a35f1,2,Computer Engineering,100,65.4,13.4,3.5,27.5,44.5,69.1,71.8,2.7,stable,A,0
19e0538e-6ee0-4ef3-aa3c-623ade334726,1,Political Science,100,76.5,11.0,3.01,40.0,42.0,,83.9,0.0,stable,A,0
19e0538e-6ee0-4ef3-aa3c-623ade334726,2,Political Science,100,81.6,10.7,4.04,29.9,51.3,83.9,80.1,-3.8,stable,A,0
4bf56a1e-a54d-4264-8d43-2cb9e2c9c521,1,Mechanical Engineering,200,60.6,13.8,2.12,29.8,27.2,,56.0,0.0,stable,C,0
4bf56a1e-a54d-4264-8d43-2cb9e2c9c521,2,Mechanical Engineering,200,53.5,26.1,1.68,25.8,58.4,56.0,87.3,31.3,improving,A,0
af23bc43-2549-4e27-bbeb-a58a0c7373ff,1,Computer Science,200,87.8,10.4,4.08,37.1,42.7,,80.6,0.0,stable,A,0
af23bc43-2549-4e27-bbeb-a58a0c7373ff,2,Computer Science,200,70.4,7.5,3.99,35.6,29.5,80.6,64.6,-15.9,declining,B,0
6c75efb1-1082-43ec-8fba-8afdff00a207,1,Economics,300,72.8,11.8,3.05,34.3,32.1,,63.9,0.0,stable,B,0
6c75efb1-1082-43ec-8fba-8afdff00a207,2,Economics,300,93.5,9.7,1.99,31.3,32.6,63.9,68.5,4.7,stable,B,0
e9396d89-c5fd-4c44-96b3-4d77bac8d69e,1,Medicine,400,88.9,17.7,3.66,37.5,38.1,,75.0,0.0,stable,A,0
e9396d89-c5fd-4c44-96b3-4d77bac8d69e,2,Medicine,400,60.2,10.9,3.55,27.7,53.0,75.0,77.3,2.3,stable,A,0
76e024bf-5b48-465e-8a98-109487d7f6b5,1,Political Science,300,82.5,5.8,3.08,35.2,33.1,,70.0,0.0,stable,B,0
76e024bf-5b48-465e-8a98-109487d7f6b5,2,Political Science,300,60.6,3.7,3.45,35.8,24.6,70.0,64.1,-5.9,declining,B,0
6a3ec0c9-5f91-4ef5-b6a1-a5f9b5fb4782,1,Electrical Engineering,300,75.7,5.3,2.09,30.2,28.9,,55.2,0.0,stable,C,0
6a3ec0c9-5f91-4ef5-b6a1-a5f9b5fb4782,2,Electrical Engineering,300,49.6,7.8,3.16,24.9,31.8,55.2,57.3,2.1,stable,C,1
8390e4eb-2be1-4887-afff-0596563894ec,1,Biochemistry,100,90.6,14.0,2.9,37.8,31.2,,68.3,0.0,stable,B,0
8390e4eb-2be1-4887-afff-0596563894ec,2,Biochemistry,100,72.0,5.8,2.66,19.0,53.6,68.3,69.8,1.5,stable,B,0
4ed4a5e4-aea3-41d0-a461-158fe3e59060,1,Computer Engineering,200,98.8,12.2,3.45,32.3,42.7,,77.0,0.0,stable,A,0
4ed4a5e4-aea3-41d0-a461-158fe3e59060,2,Computer Engineering,200,85.0,15.9,2.71,29.6,25.8,77.0,57.0,-20.0,declining,C,0
136bc7d8-e5b2-4663-b348-7e2dd4e98ad0,1,Law,400,91.2,20.1,3.24,29.4,28.9,,61.4,0.0,stable,B,0
136bc7d8-e5b2-4663-b348-7e2dd4e98ad0,2,Law,400,48.1,10.3,2.82,24.3,38.4,61.4,63.0,1.6,stable,B,1
5994c4b5-8092-4e54-a51a-90a3e246011c,1,Economics,200,38.8,12.1,1.22,26.4,30.5,,50.4,0.0,stable,C,1
5994c4b5-8092-4e54-a51a-90a3e246011c,2,Economics,200,62.8,9.1,3.95,28.5,42.9,50.4,75.0,24.5,improving,A,0
6fbbca33-2882-48d6-a25f-4ac90c65189b,1,Political Science,200,73.6,15.8,3.55,23.3,58.1,,77.1,0.0,stable,A,0
6fbbca33-2882-48d6-a25f-4ac90c65189b,2,Political Science,200,88.8,4.4,3.48,40.0,33.0,77.1,72.2,-4.9,stable,A,0
10a3e4e0-1725-4375-ac9c-7ecb3d60cfdf,1,Accounting,300,84.2,10.4,4.45,32.8,38.1,,69.3,0.0,stable,B,0
10a3e4e0-1725-4375-ac9c-7ecb3d60cfdf,2,Accounting,300,61.0,8.9,2.72,24.8,30.2,69.3,61.2,-8.0,declining,B,0
8ab5ca57-ab2f-4bdb-ab6f-1fe6821ec828,1,Computer Engineering,100,59.5,12.7,3.47,30.1,40.5,,69.8,0.0,stable,B,0
8ab5ca57-ab2f-4bdb-ab6f-1fe6821ec828,2,Computer Engineering,100,81.8,13.3,2.79,23.5,35.4,69.8,55.5,-14.3,declining,C,0
5bbacfbe-3dc6-4d13-a33e-09d4b5431650,1,Medicine,100,65.0,12.2,3.29,36.9,34.9,,74.1,0.0,stable,A,0
5bbacfbe-3dc6-4d13-a33e-09d4b5431650,2,Medicine,100,79.6,18.5,3.46,25.9,27.9,74.1,54.7,-19.4,declining,C,0
0771d2f0-7cc7-4ced-b4d7-49833c4e7aeb,1,Architecture,400,67.1,7.1,1.99,29.2,49.1,,77.1,0.0,stable,A,0
0771d2f0-7cc7-4ced-b4d7-49833c4e7aeb,2,Architecture,400,83.9,11.5,1.97,35.4,26.2,77.1,61.7,-15.4,declining,B,0
00b0c2fe-3bdf-42b6-8039-cb3ef9549eb0,1,Sociology,300,69.9,16.5,2.15,30.9,32.7,,62.1,0.0,stable,B,0
00b0c2fe-3bdf-42b6-8039-cb3ef9549eb0,2,Sociology,300,20.5,22.5,3.44,15.3,36.7,62.1,50.4,-11.6,declining,C,1
3c3200e0-61ad-4fdd-967a-b7b64f908e40,1,Medicine,200,85.8,2.5,2.89,40.0,21.2,,61.5,0.0,stable,B,0
3c3200e0-61ad-4fdd-967a-b7b64f908e40,2,Medicine,200,100.0,15.2,3.1,37.5,38.0,61.5,79.5,18.0,improving,A,0
7ba39180-9724-4a5a-98e0-79e4dbfad07d,1,Biochemistry,300,69.0,2.2,2.69,24.0,29.1,,52.3,0.0,stable,C,0
7ba39180-9724-4a5a-98e0-79e4dbfad07d,2,Biochemistry,300,93.0,15.5,3.21,33.6,31.9,52.3,58.9,6.6,improving,C,0
b0c27c17-4129-46d1-afb7-332e68b3ed02,1,Sociology,300,76.7,16.0,2.91,27.7,46.9,,74.3,0.0,stable,A,0
b0c27c17-4129-46d1-afb7-332e68b3ed02,2,Sociology,300,100.0,18.2,3.77,38.8,32.6,74.3,73.4,-0.9,stable,A,0
b039e257-521a-42d5-b086-7ccf1d34ded2,1,Electrical Engineering,100,80.6,15.0,3.39,33.4,60.0,,93.2,0.0,stable,A,0
b039e257-521a-42d5-b086-7ccf1d34ded2,2,Electrical Engineering,100,89.0,9.6,3.63,37.5,42.8,93.2,85.3,-7.9,declining,A,0
d597b9d1-f23d-4397-bbef-0e062391e6cc,1,Law,100,61.7,9.6,3.17,31.8,40.0,,75.6,0.0,stable,A,0
d597b9d1-f23d-4397-bbef-0e062391e6cc,2,Law,100,65.1,6.3,3.25,27.6,41.4,75.6,69.0,-6.6,declining,B,0
bdb1beca-e362-47b4-ad50-fe15432c5731,1,Accounting,100,69.9,11.6,3.02,27.5,37.3,,63.6,0.0,stable,B,0
bdb1beca-e362-47b4-ad50-fe15432c5731,2,Accounting,100,87.8,13.0,4.81,33.4,38.4,63.6,79.8,16.2,improving,A,0
32498a34-6e9a-4420-b119-e2b9f776982f,1,Economics,100,81.2,17.0,3.47,34.4,49.4,,80.5,0.0,stable,A,0
32498a34-6e9a-4420-b119-e2b9f776982f,2,Economics,100,80.5,5.4,2.86,27.5,38.1,80.5,66.6,-13.8,declining,B,0
a9fda05d-aec0-469e-9c29-45e2e4bdf3b9,1,Business Administration,100,82.2,13.4,2.51,30.1,48.8,,82.2,0.0,stable,A,0
a9fda05d-aec0-469e-9c29-45e2e4bdf3b9,2,Business Administration,100,57.8,4.3,2.42,31.8,45.1,82.2,74.1,-8.1,declining,A,0
80733011-054e-4475-b383-80aee00f12a1,1,Electrical Engineering,200,79.6,21.2,3.33,38.0,56.8,,92.1,0.0,stable,A,0
80733011-054e-4475-b383-80aee00f12a1,2,Electrical Engineering,200,72.2,12.2,3.08,34.0,43.9,92.1,69.2,-22.9,declining,B,0
332d2489-0f15-4cec-9105-9dc824283d2c,1,Biochemistry,300,55.3,1.1,3.14,27.3,34.9,,59.3,0.0,stable,C,0
332d2489-0f15-4cec-9105-9dc824283d2c,2,Biochemistry,300,85.1,15.6,2.0,24.7,40.1,59.3,70.2,10.9,improving,A,0
7885d6ac-87e9-44f6-a826-86816c6dcdf1,1,Mechanical Engineering,200,100.0,14.8,2.42,39.4,35.9,,73.0,0.0,stable,A,0
7885d6ac-87e9-44f6-a826-86816c6dcdf1,2,Mechanical Engineering,200,42.8,12.5,2.5,24.1,15.9,73.0,40.5,-32.5,declining,F,1
703183f8-dc9e-4940-9aab-94e79aad6148,1,Economics,200,38.5,17.4,3.42,21.3,49.9,,68.3,0.0,stable,B,1
703183f8-dc9e-4940-9aab-94e79aad6148,2,Economics,200,76.1,16.0,0.52,28.0,37.2,68.3,64.6,-3.7,stable,B,0
ed448273-0e1f-4ac7-a388-65772a5d1fe8,1,Accounting,100,96.9,6.4,2.5,24.8,49.7,,73.7,0.0,stable,A,0
ed448273-0e1f-4ac7-a388-65772a5d1fe8,2,Accounting,100,68.4,11.7,3.51,30.4,60.0,73.7,91.8,18.1,improving,A,0
59a46dc3-cec1-4012-a85d-6c53db2e0f4c,1,Business Administration,100,68.0,9.2,2.69,21.1,37.3,,60.8,0.0,stable,B,0
59a46dc3-cec1-4012-a85d-6c53db2e0f4c,2,Business Administration,100,65.8,8.0,4.21,21.0,18.4,60.8,36.0,-24.8,declining,F,1
f2573401-a2b3-41da-b7bf-2cefc39ff94f,1,Sociology,300,51.9,13.9,2.71,24.3,51.9,,74.1,0.0,stable,A,0
f2573401-a2b3-41da-b7bf-2cefc39ff94f,2,Sociology,300,86.6,19.6,2.64,36.0,41.8,74.1,80.6,6.5,improving,A,0
b106b428-f406-46a3-b3e9-9770282365cb,1,Business Administration,100,51.4,3.8,2.69,20.8,27.9,,48.1,0.0,stable,D,0
b106b428-f406-46a3-b3e9-9770282365cb,2,Business Administration,100,85.8,10.0,2.34,30.4,29.1,48.1,56.7,8.6,improving,C,0
8c669f21-8407-4e6c-a73c-94f7a6c57420,1,Sociology,200,50.8,12.3,2.55,30.0,24.4,,52.8,0.0,stable,C,0
8c669f21-8407-4e6c-a73c-94f7a6c57420,2,Sociology,200,100.0,7.3,2.81,28.9,22.4,52.8,55.9,3.1,stable,C,0
2246e63e-51c8-4c62-99e3-d867af9cbf96,1,Psychology,300,77.6,12.7,1.64,32.3,48.9,,84.7,0.0,stable,A,0
2246e63e-51c8-4c62-99e3-d867af9cbf96,2,Psychology,300,85.0,6.4,3.25,35.3,18.1,84.7,50.1,-34.6,declining,C,0
4bd7acc4-a781-4139-85b8-87257880af97,1,Computer Engineering,300,88.3,16.4,1.76,36.6,41.2,,80.2,0.0,stable,A,0
4bd7acc4-a781-4139-85b8-87257880af97,2,Computer Engineering,300,65.5,15.2,3.68,26.3,43.4,80.2,67.8,-12.4,declining,B,0
743e45f9-f2d0-4cc1-9ed4-51a9e91c1c2b,1,Sociology,100,99.8,11.4,2.26,31.4,38.9,,72.6,0.0,stable,A,0
743e45f9-f2d0-4cc1-9ed4-51a9e91c1c2b,2,Sociology,100,55.0,21.2,3.25,28.3,45.7,72.6,74.1,1.5,stable,A,0
43e76090-0f71-4adb-aca9-6bf145ccb735,1,Psychology,300,72.8,17.1,2.99,33.4,38.9,,72.8,0.0,stable,A,0
43e76090-0f71-4adb-aca9-6bf145ccb735,2,Psychology,300,62.9,18.1,2.33,26.0,39.4,72.8,64.3,-8.5,declining,B,0
383a9032-713a-48fe-89c6-cf0386663b5d,1,Electrical Engineering,100,85.8,10.4,4.12,28.1,42.4,,68.1,0.0,stable,B,0
383a9032-713a-48fe-89c6-cf0386663b5d,2,Electrical Engineering,100,81.3,11.9,2.88,37.2,32.7,68.1,71.7,3.6,stable,A,0
b6e1dcd8-ce52-4a01-a994-9ff72f8b0bd7,1,Sociology,300,63.5,12.6,2.04,24.4,37.2,,67.1,0.0,stable,B,0
b6e1dcd8-ce52-4a01-a994-9ff72f8b0bd7,2,Sociology,300,76.5,20.3,3.18,28.4,60.0,67.1,89.7,22.6,improving,A,0
f38cd1a9-611e-4048-9b0c-63b7a679fab5,1,Biology,300,65.4,14.4,2.77,18.1,50.1,,71.6,0.0,stable,A,0
f38cd1a9-611e-4048-9b0c-63b7a679fab5,2,Biology,300,100.0,14.1,2.8,39.2,49.2,71.6,93.3,21.7,improving,A,0
9d583f31-5012-4ce2-b0cf-f2edf4cc8847,1,Medicine,100,74.3,11.2,2.43,32.6,22.4,,57.2,0.0,stable,C,0
9d583f31-5012-4ce2-b0cf-f2edf4cc8847,2,Medicine,100,83.8,14.9,3.11,39.4,50.6,57.2,88.2,31.0,improving,A,0
c113a387-ab18-474f-8545-08f07760aace,1,Accounting,100,66.2,7.6,3.44,23.2,48.1,,75.3,0.0,stable,A,0
c113a387-ab18-474f-8545-08f07760aace,2,Accounting,100,61.8,11.1,3.01,31.8,55.0,75.3,81.8,6.4,improving,A,0
365dfe14-88b3-4f18-8c30-d523ac203f25,1,Computer Engineering,100,70.2,10.7,1.88,26.6,40.7,,66.4,0.0,stable,B,0
365dfe14-88b3-4f18-8c30-d523ac203f25,2,Computer Engineering,100,51.8,26.4,3.21,25.9,39.3,66.4,66.0,-0.5,stable,B,0
6e1e1acf-fe1a-4b6a-9140-fad2d0ee293e,1,Sociology,300,72.5,2.6,2.14,33.5,50.6,,85.1,0.0,stable,A,0
6e1e1acf-fe1a-4b6a-9140-fad2d0ee293e,2,Sociology,300,91.5,11.2,2.93,38.8,55.5,85.1,98.2,13.0,improving,A,0
e91d6378-2e6b-441d-9b38-f443a680ec98,1,Business Administration,300,59.0,11.7,3.22,25.5,43.7,,71.6,0.0,stable,A,0
e91d6378-2e6b-441d-9b38-f443a680ec98,2,Business Administration,300,90.0,20.4,2.74,26.2,48.6,71.6,80.5,8.9,improving,A,0
4c87fabf-8940-4e28-a423-1507f9435d74,1,Mechanical Engineering,300,67.8,15.4,3.56,29.5,43.2,,70.0,0.0,stable,B,0
4c87fabf-8940-4e28-a423-1507f9435d74,2,Mechanical Engineering,300,40.8,6.4,2.69,28.6,33.9,70.0,61.0,-8.9,declining,B,1
f0bd2adb-c21c-4004-9b91-57f22057ec7c,1,Law,100,61.6,15.3,4.09,32.6,50.2,,78.4,0.0,stable,A,0
f0bd2adb-c21c-4004-9b91-57f22057ec7c,2,Law,100,69.7,21.7,3.9,21.3,47.8,78.4,70.1,-8.3,declining,A,0
653a02f0-6d69-4a9f-ba1a-d76643413bd4,1,Architecture,300,63.6,0.5,3.08,23.8,23.6,,46.4,0.0,stable,D,0
653a02f0-6d69-4a9f-ba1a-d76643413bd4,2,Architecture,300,73.0,12.0,2.29,28.5,20.6,46.4,50.0,3.6,stable,D,0
f54e5c30-056c-4720-a5d8-f4224fa4063b,1,Sociology,200,32.2,10.6,3.74,16.1,47.2,,66.8,0.0,stable,B,1
f54e5c30-056c-4720-a5d8-f4224fa4063b,2,Sociology,200,25.4,11.2,0.7,19.5,34.4,66.8,46.4,-20.4,declining,D,1
6f5d3f8f-4573-47c1-8fa2-490680f82ecf,1,Architecture,200,100.0,13.4,2.32,40.0,21.3,,57.6,0.0,stable,C,0
6f5d3f8f-4573-47c1-8fa2-490680f82ecf,2,Architecture,200,40.5,21.0,3.27,26.4,49.5,57.6,77.7,20.1,improving,A,1
d773cca6-c93f-414a-81fd-fabbd5da183e,1,Political Science,300,76.2,13.4,3.09,27.2,40.2,,68.3,0.0,stable,B,0
d773cca6-c93f-414a-81fd-fabbd5da183e,2,Political Science,300,76.7,4.6,1.92,35.7,29.1,68.3,66.6,-1.7,stable,B,0
354d4541-23a5-4f29-9b21-b016fe793f53,1,Law,300,58.6,4.6,2.33,25.6,26.3,,55.8,0.0,stable,C,0
354d4541-23a5-4f29-9b21-b016fe793f53,2,Law,300,77.7,21.2,3.32,18.5,57.4,55.8,71.3,15.5,improving,A,0
d57627a5-3ad5-4722-b11b-3ec5b57bad37,1,Architecture,100,78.5,8.1,4.71,37.9,32.8,,70.3,0.0,stable,A,0
d57627a5-3ad5-4722-b11b-3ec5b57bad37,2,Architecture,100,78.7,16.3,3.02,25.6,35.5,70.3,61.1,-9.2,declining,B,0
3495d770-a9f4-436f-b377-37c67a05f8f8,1,Biology,100,93.5,14.1,2.38,36.9,36.0,,75.6,0.0,stable,A,0
3495d770-a9f4-436f-b377-37c67a05f8f8,2,Biology,100,100.0,10.2,3.64,31.3,38.4,75.6,69.8,-5.8,declining,B,0
d18cc5e7-d61d-4def-b91f-2ce5f7207fb2,1,Electrical Engineering,200,72.1,24.3,2.75,32.4,28.6,,62.2,0.0,stable,B,0
d18cc5e7-d61d-4def-b91f-2ce5f7207fb2,2,Electrical Engineering,200,92.1,9.4,0.99,33.2,33.8,62.2,69.2,7.0,improving,B,0
8e2d37d4-bfea-4843-aab7-721ef6433e77,1,Law,400,100.0,10.1,2.31,29.2,38.8,,69.4,0.0,stable,B,0
8e2d37d4-bfea-4843-aab7-721ef6433e77,2,Law,400,66.8,15.9,3.37,28.6,34.1,69.4,61.2,-8.2,declining,B,0
00e51f0f-6164-4eda-a5bf-eae291a7c6ca,1,Architecture,200,38.6,13.2,3.02,23.7,45.5,,70.3,0.0,stable,A,1
00e51f0f-6164-4eda-a5bf-eae291a7c6ca,2,Architecture,200,73.3,12.2,1.88,26.8,38.0,70.3,62.5,-7.8,declining,B,0
44243f0a-e9fe-4f2b-ab7a-d525d5acfe03,1,Medicine,200,87.9,8.7,3.17,33.2,45.0,,80.9,0.0,stable,A,0
44243f0a-e9fe-4f2b-ab7a-d525d5acfe03,2,Medicine,200,85.4,1.5,3.96,39.7,29.1,80.9,69.6,-11.3,declining,B,0
498176d4-9fbc-4c25-85bd-6fc296d5cf91,1,Medicine,300,61.6,2.3,2.41,24.6,27.9,,49.6,0.0,stable,D,0
498176d4-9fbc-4c25-85bd-6fc296d5cf91,2,Medicine,300,64.0,11.9,2.38,30.5,45.1,49.6,82.8,33.1,improving,A,0
e5bc39f7-b766-4b10-9b65-d01a5ebb949a,1,Biology,200,91.9,13.2,2.5,34.8,42.7,,76.0,0.0,stable,A,0
e5bc39f7-b766-4b10-9b65-d01a5ebb949a,2,Biology,200,86.8,5.0,2.8,35.1,31.3,76.0,65.8,-10.2,declining,B,0
c9635e19-c438-409c-a34d-7c66d7613d2f,1,Law,200,72.9,7.8,3.94,24.5,41.6,,67.4,0.0,stable,B,0
c9635e19-c438-409c-a34d-7c66d7613d2f,2,Law,200,60.8,12.4,2.27,34.1,27.0,67.4,59.1,-8.2,declining,C,0
dabd8189-373d-4019-ab64-4e17d63c21e2,1,Political Science,200,56.6,5.2,4.27,29.0,38.7,,65.7,0.0,stable,B,0
dabd8189-373d-4019-ab64-4e17d63c21e2,2,Political Science,200,88.6,7.9,3.63,28.4,31.5,65.7,62.1,-3.7,stable,B,0
810a7cb9-0d3c-4a01-8b59-fea9b0f970d2,1,Economics,300,88.0,15.0,2.16,30.4,41.6,,69.4,0.0,stable,B,0
810a7cb9-0d3c-4a01-8b59-fea9b0f970d2,2,Economics,300,95.6,0.0,2.38,31.6,1.3,69.4,28.7,-40.7,declining,F,1
cfddcde0-bb65-40db-be4c-18acb6a53690,1,Computer Engineering,200,84.4,12.2,4.26,39.6,46.5,,87.1,0.0,stable,A,0
cfddcde0-bb65-40db-be4c-18acb6a53690,2,Computer Engineering,200,76.0,0.0,1.88,30.7,34.9,87.1,66.5,-20.6,declining,B,0
9249efcd-614c-45cd-8c78-3fd760cae02d,1,Mechanical Engineering,200,61.6,16.7,4.19,32.0,55.2,,85.5,0.0,stable,A,0
9249efcd-614c-45cd-8c78-3fd760cae02d,2,Mechanical Engineering,200,91.1,12.7,3.41,35.1,39.7,85.5,72.2,-13.4,declining,A,0
f5d41fac-fce1-44c9-a5d1-16905799e82d,1,Computer Engineering,200,73.8,16.9,2.65,34.2,49.8,,83.1,0.0,stable,A,0
f5d41fac-fce1-44c9-a5d1-16905799e82d,2,Computer Engineering,200,95.8,10.2,4.21,36.3,40.6,83.1,74.2,-8.9,declining,A,0
b922ef28-84ea-4a8a-9c43-8a7d8e631970,1,Architecture,200,73.7,11.0,1.99,28.6,28.8,,59.2,0.0,stable,C,0
b922ef28-84ea-4a8a-9c43-8a7d8e631970,2,Architecture,200,94.6,5.9,4.37,33.3,28.2,59.2,63.7,4.5,stable,B,0
ecfee185-b8a5-487d-9c7a-dc61a98d2f84,1,Electrical Engineering,100,68.3,11.6,2.68,24.6,45.9,,69.6,0.0,stable,B,0
ecfee185-b8a5-487d-9c7a-dc61a98d2f84,2,Electrical Engineering,100,53.5,14.8,2.04,19.9,51.5,69.6,67.9,-1.7,stable,B,0
dc84e0b6-f230-45eb-a687-ea9e8a3ab514,1,Computer Science,200,40.3,15.1,2.76,22.0,38.2,,60.8,0.0,stable,B,1
dc84e0b6-f230-45eb-a687-ea9e8a3ab514,2,Computer Science,200,63.7,19.4,1.82,30.0,48.9,60.8,76.6,15.8,improving,A,0
607620e5-d84d-4ab9-9ba5-a4260d12f37a,1,Law,400,59.6,17.1,2.21,23.9,50.5,,74.5,0.0,stable,A,0
607620e5-d84d-4ab9-9ba5-a4260d12f37a,2,Law,400,48.0,20.7,2.58,22.6,47.5,74.5,72.0,-2.5,stable,A,1
d2c824e7-7401-49d1-9966-599de712226c,1,Mechanical Engineering,100,100.0,3.7,3.66,38.7,33.6,,74.7,0.0,stable,A,0
d2c824e7-7401-49d1-9966-599de712226c,2,Mechanical Engineering,100,89.0,5.1,4.4,25.0,26.1,74.7,50.3,-24.4,declining,C,0
14220dec-6887-47c2-a4b3-34a5f2465ded,1,Accounting,200,100.0,10.5,2.97,40.0,35.4,,71.9,0.0,stable,A,0
14220dec-6887-47c2-a4b3-34a5f2465ded,2,Accounting,200,68.7,18.9,3.06,38.4,52.0,71.9,88.4,16.5,improving,A,0
a93e1a47-1dcf-4e4c-a26c-7ee6abfed2de,1,Biochemistry,300,75.8,7.7,2.47,40.0,45.6,,88.2,0.0,stable,A,0
a93e1a47-1dcf-4e4c-a26c-7ee6abfed2de,2,Biochemistry,300,65.7,19.8,3.88,37.5,60.0,88.2,93.1,4.9,stable,A,0
22a4aa84-9a5d-4f49-8fb4-8b842271013a,1,Biology,200,58.4,7.0,2.24,28.3,28.8,,63.3,0.0,stable,B,0
22a4aa84-9a5d-4f49-8fb4-8b842271013a,2,Biology,200,100.0,12.0,4.56,40.0,38.2,63.3,72.1,8.8,improving,A,0
dd92eb44-0337-4ee9-88bb-207c6d066c5b,1,Mechanical Engineering,100,71.7,8.8,3.17,29.8,38.2,,69.6,0.0,stable,B,0
dd92eb44-0337-4ee9-88bb-207c6d066c5b,2,Mechanical Engineering,100,56.8,14.1,2.65,27.4,49.9,69.6,73.6,4.0,stable,A,0
66c77883-0e0a-4e55-9314-dc27bb1dd80a,1,Architecture,400,70.8,11.4,2.59,33.7,31.1,,63.1,0.0,stable,B,0
66c77883-0e0a-4e55-9314-dc27bb1dd80a,2,Architecture,400,64.4,17.5,2.61,30.2,60.0,63.1,89.9,26.8,improving,A,0
edfc5714-7d2d-483b-ba33-2fc184834ad9,1,Architecture,300,91.7,20.4,3.82,33.3,53.6,,83.0,0.0,stable,A,0
edfc5714-7d2d-483b-ba33-2fc184834ad9,2,Architecture,300,63.3,9.0,4.79,23.6,32.7,83.0,53.2,-29.8,declining,C,0
9a1846a0-90c3-44ff-9ca4-5f3f8e71f2d6,1,Architecture,100,83.4,12.7,3.87,35.0,28.0,,60.6,0.0,stable,B,0
9a1846a0-90c3-44ff-9ca4-5f3f8e71f2d6,2,Architecture,100,95.5,11.0,3.95,33.3,31.1,60.6,63.5,2.9,stable,B,0
6b79af69-c319-4bd9-a471-48b203528cb7,1,Computer Engineering,200,60.5,9.2,3.16,29.7,22.0,,51.6,0.0,stable,C,0
6b79af69-c319-4bd9-a471-48b203528cb7,2,Computer Engineering,200,66.2,8.8,3.11,25.5,51.3,51.6,80.3,28.8,improving,A,0
36041bc5-cbf2-47d6-b1b4-46694a74b0e4,1,Economics,200,92.7,9.5,2.23,34.0,34.8,,66.9,0.0,stable,B,0
36041bc5-cbf2-47d6-b1b4-46694a74b0e4,2,Economics,200,57.4,11.8,2.68,29.9,45.4,66.9,78.6,11.8,improving,A,0
d4496dc0-7a82-47c2-ae60-571b78ce9b9b,1,Mechanical Engineering,100,56.1,14.0,2.42,20.1,35.6,,58.9,0.0,stable,C,0
d4496dc0-7a82-47c2-ae60-571b78ce9b9b,2,Mechanical Engineering,100,69.4,19.8,3.44,26.9,57.6,58.9,85.9,27.0,improving,A,0
dad4a63c-7d14-4835-8449-d65d496ddaea,1,Psychology,200,61.0,21.3,3.21,27.3,38.1,,68.9,0.0,stable,B,0
dad4a63c-7d14-4835-8449-d65d496ddaea,2,Psychology,200,82.8,15.1,2.59,35.7,50.1,68.9,83.8,14.9,improving,A,0
51753918-091b-46d9-b233-83ff7f9d72b8,1,Computer Science,100,53.7,14.9,1.74,26.5,34.7,,64.8,0.0,stable,B,0
51753918-091b-46d9-b233-83ff7f9d72b8,2,Computer Science,100,69.1,17.5,2.59,33.8,60.0,64.8,90.6,25.8,improving,A,0
cc67ad2d-3ed3-4253-8229-3b5b50bc88be,1,Business Administration,200,79.4,25.7,3.05,31.2,57.4,,88.7,0.0,stable,A,0
cc67ad2d-3ed3-4253-8229-3b5b50bc88be,2,Business Administration,200,49.4,17.7,1.4,22.8,52.5,88.7,74.2,-14.5,declining,A,1
e42402ba-3f67-48c3-ad6c-1ab6a0ebdb71,1,Psychology,300,64.6,16.4,2.32,21.8,44.1,,65.4,0.0,stable,B,0
e42402ba-3f67-48c3-ad6c-1ab6a0ebdb71,2,Psychology,300,56.3,15.2,3.37,24.5,39.7,65.4,65.6,0.2,stable,B,0
06b43b8f-6efe-469d-83f1-165fa409d470,1,Sociology,200,92.9,10.6,3.52,36.4,48.4,,84.9,0.0,stable,A,0
06b43b8f-6efe-469d-83f1-165fa409d470,2,Sociology,200,61.3,9.7,3.27,36.4,33.6,84.9,72.4,-12.5,declining,A,0
6bf77bea-18e0-4e3a-9f18-ba9797c6872f,1,Business Administration,300,70.1,12.6,4.21,32.8,30.0,,61.1,0.0,stable,B,0
6bf77bea-18e0-4e3a-9f18-ba9797c6872f,2,Business Administration,300,93.8,12.7,2.08,29.7,45.3,61.1,77.9,16.8,improving,A,0
ad7b72b3-ccad-4ce2-bb7b-a8f7b494cf27,1,Computer Science,100,75.3,24.4,3.66,28.8,41.6,,67.5,0.0,stable,B,0
ad7b72b3-ccad-4ce2-bb7b-a8f7b494cf27,2,Computer Science,100,80.0,9.6,4.34,38.3,46.8,67.5,81.6,14.2,improving,A,0
b53379ce-3d54-4e6d-9f8c-947e410e210d,1,Law,200,64.9,18.3,2.55,33.6,47.9,,81.7,0.0,stable,A,0
b53379ce-3d54-4e6d-9f8c-947e410e210d,2,Law,200,64.5,11.5,3.15,33.1,30.7,81.7,62.9,-18.7,declining,B,0
69bc5f6c-2fa7-4f99-ac9e-e7fa2d6235d9,1,Biochemistry,200,75.7,15.3,2.27,23.6,47.2,,66.2,0.0,stable,B,0
69bc5f6c-2fa7-4f99-ac9e-e7fa2d6235d9,2,Biochemistry,200,94.3,11.2,1.76,31.5,40.3,66.2,70.2,4.0,stable,A,0
2acba976-63cc-4ad4-a96e-6161e9f9784f,1,Biology,200,75.3,15.7,2.84,25.4,38.9,,68.5,0.0,stable,B,0
2acba976-63cc-4ad4-a96e-6161e9f9784f,2,Biology,200,100.0,1.9,3.87,36.3,43.3,68.5,77.9,9.4,improving,A,0
9a029a28-6560-4c0a-889c-a89f1f9b46eb,1,Political Science,200,48.5,14.9,2.25,17.8,27.0,,46.5,0.0,stable,D,1
9a029a28-6560-4c0a-889c-a89f1f9b46eb,2,Political Science,200,77.1,15.9,3.54,28.3,42.7,46.5,69.5,23.0,improving,B,0
3e377475-8d4e-47c0-8039-004e659511a8,1,Medicine,100,71.8,7.2,3.31,34.7,28.6,,67.2,0.0,stable,B,0
3e377475-8d4e-47c0-8039-004e659511a8,2,Medicine,100,76.7,13.2,1.64,21.3,39.2,67.2,62.8,-4.3,stable,B,0
ace326e9-986b-41e5-8085-4ff8e07a26bc,1,Law,100,64.9,20.4,3.59,23.4,47.0,,77.9,0.0,stable,A,0
ace326e9-986b-41e5-8085-4ff8e07a26bc,2,Law,100,56.4,14.6,2.74,29.8,53.6,77.9,82.3,4.4,stable,A,0
ad38b25b-30cf-4157-bb53-8c763a41bdcc,1,Psychology,300,91.8,23.1,3.05,37.3,41.7,,79.0,0.0,stable,A,0
ad38b25b-30cf-4157-bb53-8c763a41bdcc,2,Psychology,300,72.3,16.0,3.96,28.9,59.7,79.0,93.2,14.1,improving,A,0
0219492e-8030-4f71-b52d-cd82887c91c0,1,Mechanical Engineering,200,87.7,9.4,2.51,28.5,46.2,,71.1,0.0,stable,A,0
0219492e-8030-4f71-b52d-cd82887c91c0,2,Mechanical Engineering,200,85.2,6.6,3.66,32.1,50.4,71.1,85.9,14.8,improving,A,0
3c5673af-9d57-4536-9ad8-680dc72d7524,1,Economics,200,96.5,19.3,3.11,28.5,34.5,,56.7,0.0,stable,C,0
3c5673af-9d57-4536-9ad8-680dc72d7524,2,Economics,200,58.7,12.3,2.55,25.8,43.8,56.7,68.8,12.0,improving,B,0
68faff1e-12b7-422a-97aa-f5394ca9ce90,1,Computer Engineering,200,58.2,11.7,2.28,25.3,51.4,,75.8,0.0,stable,A,0
68faff1e-12b7-422a-97aa-f5394ca9ce90,2,Computer Engineering,200,100.0,19.2,2.54,29.4,43.2,75.8,76.1,0.3,stable,A,0
35501fdc-ba6f-40be-bb03-1caf68ea65a7,1,Economics,200,67.6,16.5,3.97,24.7,38.0,,64.8,0.0,stable,B,0
35501fdc-ba6f-40be-bb03-1caf68ea65a7,2,Economics,200,77.3,8.6,2.72,30.1,20.9,64.8,53.3,-11.5,declining,C,0
f186b810-be2c-44ba-a84d-68cc9ac44245,1,Political Science,300,67.8,0.0,2.98,24.9,47.9,,70.9,0.0,stable,A,0
f186b810-be2c-44ba-a84d-68cc9ac44245,2,Political Science,300,58.5,14.5,2.47,22.8,45.4,70.9,65.1,-5.8,declining,B,0
4a8b88b6-4d3c-452a-9d68-7672b6daefbb,1,Business Administration,300,53.1,20.6,3.46,24.3,46.6,,72.5,0.0,stable,A,0
4a8b88b6-4d3c-452a-9d68-7672b6daefbb,2,Business Administration,300,89.6,8.2,3.29,30.4,35.6,72.5,66.4,-6.0,declining,B,0
00f6108c-a168-4cdd-881b-294877045a4f,1,Sociology,300,74.9,15.7,3.39,22.4,29.4,,50.7,0.0,stable,C,0
00f6108c-a168-4cdd-881b-294877045a4f,2,Sociology,300,100.0,7.7,2.83,32.3,30.7,50.7,63.5,12.8,improving,B,0
a2d88f50-d6f4-418d-9ed2-80a6f94cd7dd,1,Computer Engineering,100,96.0,14.3,2.36,40.0,40.7,,79.0,0.0,stable,A,0
a2d88f50-d6f4-418d-9ed2-80a6f94cd7dd,2,Computer Engineering,100,96.2,9.7,4.33,29.9,54.9,79.0,85.3,6.4,improving,A,0
d51a6517-097c-4160-bce6-553d3345100c,1,Computer Engineering,200,94.4,21.5,2.09,40.0,30.5,,67.3,0.0,stable,B,0
d51a6517-097c-4160-bce6-553d3345100c,2,Computer Engineering,200,62.9,14.5,3.03,26.8,42.9,67.3,71.4,4.1,stable,A,0
18861abc-df98-4702-8e10-40bb0a8894ab,1,Medicine,300,85.0,17.5,4.46,31.9,41.2,,74.9,0.0,stable,A,0
18861abc-df98-4702-8e10-40bb0a8894ab,2,Medicine,300,57.8,8.6,3.8,25.9,26.7,74.9,48.1,-26.8,declining,D,0
7dbf8c98-7ffb-4b4d-aad8-a4dd7f93d184,1,Economics,200,75.7,17.7,3.9,30.7,60.0,,90.4,0.0,stable,A,0
7dbf8c98-7ffb-4b4d-aad8-a4dd7f93d184,2,Economics,200,72.9,0.0,2.64,33.8,45.9,90.4,77.3,-13.1,declining,A,0
45e9b73c-c309-4efb-b906-7dfba3ec49f6,1,Political Science,100,81.9,17.2,3.01,20.0,45.8,,68.1,0.0,stable,B,0
45e9b73c-c309-4efb-b906-7dfba3ec49f6,2,Political Science,100,60.8,10.7,2.08,14.3,47.1,68.1,61.4,-6.7,declining,B,0
b895ca75-340b-4249-84b0-9d095ed89221,1,Mechanical Engineering,300,99.0,16.3,2.72,34.4,47.7,,85.0,0.0,stable,A,0
b895ca75-340b-4249-84b0-9d095ed89221,2,Mechanical Engineering,300,79.8,17.5,2.76,26.0,42.4,85.0,69.0,-16.0,declining,B,0
7aef1bce-f84e-4652-89fc-45a8c22450f2,1,Economics,200,57.0,5.3,3.36,24.4,33.9,,57.1,0.0,stable,C,0
7aef1bce-f84e-4652-89fc-45a8c22450f2,2,Economics,200,97.8,18.3,2.01,31.9,50.6,57.1,84.3,27.2,improving,A,0
e5c3ce17-d7d6-4a07-a7ea-e3d992ebe3c5,1,Economics,100,74.4,6.3,2.45,27.3,37.2,,69.6,0.0,stable,B,0
e5c3ce17-d7d6-4a07-a7ea-e3d992ebe3c5,2,Economics,100,64.7,6.9,2.91,33.1,21.3,69.6,58.7,-10.9,declining,C,0
d9f4219f-b0c7-4491-bfac-c0abcb0aca57,1,Computer Science,100,72.4,8.3,1.72,33.0,32.7,,66.2,0.0,stable,B,0
d9f4219f-b0c7-4491-bfac-c0abcb0aca57,2,Computer Science,100,61.5,10.4,2.61,26.8,31.0,66.2,53.1,-13.1,declining,C,0
eb67389b-306b-4ede-a72b-e2f7f9456b31,1,Electrical Engineering,300,100.0,5.2,3.15,26.1,15.0,,41.5,0.0,stable,F,1
eb67389b-306b-4ede-a72b-e2f7f9456b31,2,Electrical Engineering,300,77.6,18.3,3.32,29.8,35.2,41.5,69.5,28.0,improving,B,0
aa4135c3-19dc-4e74-858d-ed4512832e40,1,Medicine,400,88.9,5.8,3.03,33.5,31.7,,67.5,0.0,stable,B,0
aa4135c3-19dc-4e74-858d-ed4512832e40,2,Medicine,400,87.5,11.0,2.78,40.0,47.8,67.5,88.0,20.4,improving,A,0
29e6a15c-09e7-4783-9d01-fee7247db20c,1,Economics,200,50.6,13.7,3.56,11.3,44.4,,54.5,0.0,stable,C,0
29e6a15c-09e7-4783-9d01-fee7247db20c,2,Economics,200,71.7,7.5,2.88,36.3,31.6,54.5,70.8,16.3,improving,A,0
aedd74b0-6344-4d5b-8be4-9c9493616f95,1,Electrical Engineering,300,62.9,15.8,3.0,29.3,42.4,,73.6,0.0,stable,A,0
aedd74b0-6344-4d5b-8be4-9c9493616f95,2,Electrical Engineering,300,36.5,4.9,3.33,12.1,29.9,73.6,41.8,-31.8,declining,F,1
5a37b0a0-7b6d-4735-90a4-2f323b3bcf3f,1,Biochemistry,300,62.6,8.5,3.22,32.6,28.0,,58.8,0.0,stable,C,0
5a37b0a0-7b6d-4735-90a4-2f323b3bcf3f,2,Biochemistry,300,64.0,0.0,3.11,32.5,41.4,58.8,71.3,12.5,improving,A,0
0ae31ee9-da0c-4519-a837-9105d2c6de13,1,Electrical Engineering,200,56.2,12.1,3.66,27.0,43.9,,74.3,0.0,stable,A,0
0ae31ee9-da0c-4519-a837-9105d2c6de13,2,Electrical Engineering,200,63.9,10.9,4.31,26.8,28.7,74.3,53.5,-20.8,declining,C,0
4ba97767-b5f6-4f69-b84d-761eccfd7979,1,Biochemistry,300,60.9,13.8,2.28,28.5,32.1,,54.2,0.0,stable,C,0
4ba97767-b5f6-4f69-b84d-761eccfd7979,2,Biochemistry,300,79.6,12.7,3.41,27.6,33.1,54.2,61.9,7.7,improving,B,0
a022d025-f168-453f-a600-d8f6de5c21ea,1,Medicine,200,97.8,12.1,3.34,32.9,24.9,,60.7,0.0,stable,B,0
a022d025-f168-453f-a600-d8f6de5c21ea,2,Medicine,200,88.6,15.6,2.85,35.7,50.8,60.7,91.3,30.6,improving,A,0
e7d97a52-d90e-40d9-88b1-75c49831716b,1,Law,300,89.8,12.3,1.95,33.7,40.3,,76.1,0.0,stable,A,0
e7d97a52-d90e-40d9-88b1-75c49831716b,2,Law,300,95.3,11.5,4.68,25.3,46.8,76.1,69.7,-6.5,declining,B,0
802f3fe4-db33-460b-893d-b21ced63f596,1,Psychology,200,46.4,11.0,1.83,23.5,36.9,,63.7,0.0,stable,B,1
802f3fe4-db33-460b-893d-b21ced63f596,2,Psychology,200,52.4,16.5,3.08,30.6,38.7,63.7,65.3,1.6,stable,B,0
43769ac7-d97f-45e0-9adf-00b48d7fc5b8,1,Economics,300,56.7,5.5,3.38,33.7,30.1,,65.7,0.0,stable,B,0
43769ac7-d97f-45e0-9adf-00b48d7fc5b8,2,Economics,300,52.1,12.9,3.53,18.2,39.2,65.7,59.6,-6.1,declining,C,0
6872fd75-098d-440d-b56b-59d3fe704555,1,Economics,200,31.0,18.7,3.28,24.8,40.8,,60.4,0.0,stable,B,1
6872fd75-098d-440d-b56b-59d3fe704555,2,Economics,200,83.0,11.6,3.03,37.0,46.9,60.4,89.8,29.4,improving,A,0
c930ba47-7515-415e-b504-072485278eae,1,Biology,300,77.3,8.5,2.85,32.5,47.0,,75.1,0.0,stable,A,0
c930ba47-7515-415e-b504-072485278eae,2,Biology,300,75.1,20.0,2.81,34.7,49.9,75.1,87.4,12.3,improving,A,0
ab66e16b-f224-4598-9223-5ae803285d12,1,Business Administration,200,62.9,8.0,3.02,19.9,34.0,,54.7,0.0,stable,C,0
ab66e16b-f224-4598-9223-5ae803285d12,2,Business Administration,200,100.0,14.0,3.5,40.0,32.4,54.7,71.9,17.2,improving,A,0
66538080-b999-418b-8fb5-80151140306b,1,Accounting,100,100.0,11.6,3.89,39.8,26.3,,67.0,0.0,stable,B,0
66538080-b999-418b-8fb5-80151140306b,2,Accounting,100,77.2,13.6,2.4,24.9,34.8,67.0,59.3,-7.7,declining,C,0
9d4555e7-a8b6-4d5e-ba0c-567b5ec5d690,1,Medicine,300,92.8,21.1,4.12,37.9,38.3,,74.9,0.0,stable,A,0
9d4555e7-a8b6-4d5e-ba0c-567b5ec5d690,2,Medicine,300,78.1,8.8,3.46,34.2,43.6,74.9,80.9,6.0,improving,A,0
c0d59d90-399f-4ea1-8942-b892436231eb,1,Sociology,100,61.4,16.7,2.44,22.6,47.1,,73.3,0.0,stable,A,0
c0d59d90-399f-4ea1-8942-b892436231eb,2,Sociology,100,82.3,12.1,3.25,32.1,28.9,73.3,57.3,-16.0,declining,C,0
d42209b5-5f73-4bfb-933e-e1e940629e1c,1,Law,300,73.8,12.4,3.01,33.1,37.7,,72.6,0.0,stable,A,0
d42209b5-5f73-4bfb-933e-e1e940629e1c,2,Law,300,72.8,21.1,3.06,40.0,49.7,72.6,89.1,16.5,improving,A,0
bdbefd22-8ada-4549-a43d-55bf04d88c40,1,Political Science,300,61.5,4.8,2.21,22.9,36.8,,58.1,0.0,stable,C,0
bdbefd22-8ada-4549-a43d-55bf04d88c40,2,Political Science,300,77.8,18.4,2.93,40.0,32.3,58.1,71.8,13.7,improving,A,0
2976459a-38db-411c-8730-353fa92ebd5a,1,Accounting,300,66.9,16.7,1.21,21.2,38.3,,64.1,0.0,stable,B,0
2976459a-38db-411c-8730-353fa92ebd5a,2,Accounting,300,78.4,5.2,2.04,39.0,26.6,64.1,62.8,-1.2,stable,B,0
f5410b66-8339-46c6-aef7-deb0f7da021c,1,Sociology,100,97.2,17.1,4.02,29.7,30.0,,60.1,0.0,stable,B,0
f5410b66-8339-46c6-aef7-deb0f7da021c,2,Sociology,100,80.0,13.8,4.18,22.3,51.8,60.1,70.9,10.8,improving,A,0
89ef87d3-482f-4957-8b5a-76d65b6799f9,1,Psychology,200,87.8,9.6,2.35,29.5,22.1,,51.8,0.0,stable,C,0
89ef87d3-482f-4957-8b5a-76d65b6799f9,2,Psychology,200,63.4,15.9,3.51,36.1,47.1,51.8,84.8,33.0,improving,A,0
8da2bbe4-0097-49be-84a8-c77fccd5df51,1,Business Administration,300,96.0,8.9,1.81,35.2,20.7,,63.3,0.0,stable,B,0
8da2bbe4-0097-49be-84a8-c77fccd5df51,2,Business Administration,300,96.8,22.8,3.05,37.1,42.8,63.3,82.6,19.3,improving,A,0
f10ce836-379a-4c02-96ae-5baf89e5eab1,1,Political Science,300,56.8,0.0,2.37,19.1,44.5,,69.0,0.0,stable,B,0
f10ce836-379a-4c02-96ae-5baf89e5eab1,2,Political Science,300,54.0,18.5,3.76,17.9,41.8,69.0,58.0,-11.0,declining,C,0
2616d961-bcd2-402f-a150-756eae4ce714,1,Psychology,100,86.2,5.9,2.92,28.8,39.8,,67.9,0.0,stable,B,0
2616d961-bcd2-402f-a150-756eae4ce714,2,Psychology,100,67.0,10.9,4.63,26.3,31.7,67.9,59.7,-8.2,declining,C,0
f867a6fb-13f1-4edf-a4d6-c84b4aaa47f2,1,Biology,100,72.8,4.9,4.79,27.8,34.3,,62.6,0.0,stable,B,0
f867a6fb-13f1-4edf-a4d6-c84b4aaa47f2,2,Biology,100,100.0,3.6,3.22,40.0,35.3,62.6,71.6,9.0,improving,A,0
051b2a15-7bbf-48a2-ba3d-02c8978d6157,1,Psychology,200,65.7,13.0,4.06,26.4,50.7,,72.8,0.0,stable,A,0
051b2a15-7bbf-48a2-ba3d-02c8978d6157,2,Psychology,200,53.3,9.6,4.15,26.0,43.0,72.8,69.9,-3.0,stable,B,0
9ba4c88b-c7f6-4fc8-80bd-eff26a1aa5d4,1,Electrical Engineering,300,91.6,8.9,3.55,29.2,58.3,,85.1,0.0,stable,A,0
9ba4c88b-c7f6-4fc8-80bd-eff26a1aa5d4,2,Electrical Engineering,300,61.8,14.7,3.06,29.0,43.9,85.1,69.7,-15.4,declining,B,0
0efae95f-1d63-43e0-8a4a-b9a8d5e13d7e,1,Sociology,300,99.2,16.5,4.09,32.2,49.1,,81.9,0.0,stable,A,0
0efae95f-1d63-43e0-8a4a-b9a8d5e13d7e,2,Sociology,300,91.9,17.8,3.15,25.8,60.0,81.9,87.5,5.6,improving,A,0
9b9fd8d6-361a-4566-850e-086a8f047fae,1,Psychology,200,65.9,14.0,1.79,33.5,23.9,,56.7,0.0,stable,C,0
9b9fd8d6-361a-4566-850e-086a8f047fae,2,Psychology,200,78.7,17.2,3.09,33.9,43.2,56.7,77.0,20.3,improving,A,0
589bf10d-78ca-4057-99e2-949f56f1e1c8,1,Electrical Engineering,300,76.3,11.1,1.65,26.4,38.6,,64.3,0.0,stable,B,0
589bf10d-78ca-4057-99e2-949f56f1e1c8,2,Electrical Engineering,300,72.7,10.4,2.31,27.1,34.0,64.3,61.0,-3.3,stable,B,0
e875dd87-ded4-450a-997f-1be70f0dd5c1,1,Mechanical Engineering,100,80.9,11.1,2.18,24.2,60.0,,80.8,0.0,stable,A,0
e875dd87-ded4-450a-997f-1be70f0dd5c1,2,Mechanical Engineering,100,67.2,14.6,3.29,31.0,37.6,80.8,69.3,-11.5,declining,B,0
dc7fad25-d45d-4be2-945d-3214fbf92f3a,1,Psychology,300,75.9,10.4,3.2,35.5,38.6,,74.0,0.0,stable,A,0
dc7fad25-d45d-4be2-945d-3214fbf92f3a,2,Psychology,300,91.0,16.8,4.27,24.4,54.6,74.0,80.8,6.8,improving,A,0
0f61160a-6f3a-4abd-abbd-4da01a100eeb,1,Computer Engineering,100,61.7,13.3,3.84,23.2,46.6,,72.4,0.0,stable,A,0
0f61160a-6f3a-4abd-abbd-4da01a100eeb,2,Computer Engineering,100,58.9,11.3,3.24,22.8,30.8,72.4,53.2,-19.2,declining,C,0
a17a3e51-01c6-4163-a046-2301f851ef21,1,Computer Science,200,87.0,15.2,2.31,35.7,32.1,,63.0,0.0,stable,B,0
a17a3e51-01c6-4163-a046-2301f851ef21,2,Computer Science,200,69.5,17.6,3.52,28.9,40.5,63.0,68.2,5.2,improving,B,0
143684ec-9788-4346-8883-531375672009,1,Medicine,400,76.6,6.7,2.72,29.2,21.7,,48.4,0.0,stable,D,0
143684ec-9788-4346-8883-531375672009,2,Medicine,400,81.2,12.0,2.75,26.7,54.9,48.4,79.0,30.6,improving,A,0
1823423a-f3c9-4fbd-b19c-5323e524d8ed,1,Electrical Engineering,200,78.8,9.6,3.03,33.0,24.2,,57.2,0.0,stable,C,0
1823423a-f3c9-4fbd-b19c-5323e524d8ed,2,Electrical Engineering,200,92.9,20.8,2.9,33.8,60.0,57.2,97.2,40.0,improving,A,0
d4813c2e-c0f4-4e64-81f9-5e8127b9759c,1,Biology,100,65.7,8.9,3.77,23.1,49.8,,73.9,0.0,stable,A,0
d4813c2e-c0f4-4e64-81f9-5e8127b9759c,2,Biology,100,82.8,10.7,2.5,38.9,35.2,73.9,72.8,-1.1,stable,A,0
645e716c-91fd-4ae4-814d-984aa7d798eb,1,Law,400,73.8,13.0,2.18,26.9,32.4,,61.9,0.0,stable,B,0
645e716c-91fd-4ae4-814d-984aa7d798eb,2,Law,400,61.7,3.2,1.43,20.0,43.8,61.9,63.8,1.9,stable,B,0
0ce7ee14-18fc-4e5f-9786-e22276a1497d,1,Accounting,300,82.5,14.7,3.04,31.1,52.0,,83.6,0.0,stable,A,0
0ce7ee14-18fc-4e5f-9786-e22276a1497d,2,Accounting,300,96.0,15.1,2.51,31.7,33.5,83.6,68.9,-14.7,declining,B,0
0b10afc2-a137-4687-903e-34f700fec6ee,1,Biology,100,68.9,8.0,3.26,28.3,40.2,,74.1,0.0,stable,A,0
0b10afc2-a137-4687-903e-34f700fec6ee,2,Biology,100,88.7,12.1,1.87,30.2,44.5,74.1,71.3,-2.9,stable,A,0
a5e95885-e92f-48b5-bafd-e80baf1690d3,1,Biology,100,100.0,12.1,3.04,31.7,44.7,,72.9,0.0,stable,A,0
a5e95885-e92f-48b5-bafd-e80baf1690d3,2,Biology,100,100.0,18.6,3.79,28.0,47.9,72.9,79.6,6.7,improving,A,0
8cba6312-0fbf-4558-ae08-dc0f62c8e3b7,1,Economics,100,83.9,7.0,2.48,29.5,28.9,,63.0,0.0,stable,B,0
8cba6312-0fbf-4558-ae08-dc0f62c8e3b7,2,Economics,100,46.2,15.3,1.97,19.4,19.7,63.0,37.5,-25.5,declining,F,1
1cec93e1-2b50-4218-82db-23d81e111c16,1,Economics,200,97.7,13.3,2.04,39.6,50.9,,90.8,0.0,stable,A,0
1cec93e1-2b50-4218-82db-23d81e111c16,2,Economics,200,100.0,16.1,3.55,31.0,49.9,90.8,81.5,-9.3,declining,A,0
3853d41d-a49c-4397-8637-2577dec7af05,1,Sociology,200,82.8,8.6,3.1,27.5,15.9,,46.3,0.0,stable,D,0
3853d41d-a49c-4397-8637-2577dec7af05,2,Sociology,200,52.5,12.5,3.27,27.1,37.7,46.3,65.6,19.3,improving,B,0
186b2046-71c6-4bce-afb9-03f594561327,1,Economics,200,82.1,15.7,4.39,32.6,45.6,,75.5,0.0,stable,A,0
186b2046-71c6-4bce-afb9-03f594561327,2,Economics,200,81.5,15.3,2.85,34.0,38.7,75.5,74.8,-0.7,stable,A,0
c117423f-bcdb-4ddb-90ca-1df40a6ccc60,1,Medicine,200,88.7,16.5,3.09,27.5,36.9,,66.2,0.0,stable,B,0
c117423f-bcdb-4ddb-90ca-1df40a6ccc60,2,Medicine,200,100.0,10.3,3.36,32.2,29.3,66.2,59.5,-6.6,declining,C,0
a51437f7-6e92-4ee7-8f83-f9a04878da91,1,Architecture,300,43.8,18.8,1.22,22.4,29.1,,48.8,0.0,stable,D,1
a51437f7-6e92-4ee7-8f83-f9a04878da91,2,Architecture,300,95.6,13.0,2.23,31.2,31.1,48.8,62.1,13.3,improving,B,0
52c4d318-f301-4c10-bc6b-40402ed37fd9,1,Economics,200,77.6,21.5,1.47,30.3,40.1,,73.3,0.0,stable,A,0
52c4d318-f301-4c10-bc6b-40402ed37fd9,2,Economics,200,80.3,15.0,3.28,26.4,54.3,73.3,83.1,9.8,improving,A,0
d1fb8f36-e33a-4f63-8ab6-8995a3591f92,1,Sociology,300,88.7,18.3,3.33,40.0,48.5,,87.9,0.0,stable,A,0
d1fb8f36-e33a-4f63-8ab6-8995a3591f92,2,Sociology,300,74.9,11.9,2.58,38.1,41.6,87.9,80.0,-7.8,declining,A,0
84f2622c-d8f6-46ae-b2e2-dccb2ce713b7,1,Sociology,300,80.8,26.9,2.09,26.9,34.6,,60.8,0.0,stable,B,0
84f2622c-d8f6-46ae-b2e2-dccb2ce713b7,2,Sociology,300,78.7,9.7,2.57,31.4,32.0,60.8,64.4,3.6,stable,B,0
4f3f3b9b-eee5-4f55-8a3d-e5f1a14ac6e1,1,Political Science,300,91.7,15.4,3.7,38.8,46.2,,84.5,0.0,stable,A,0
4f3f3b9b-eee5-4f55-8a3d-e5f1a14ac6e1,2,Political Science,300,63.4,10.0,2.58,31.3,40.8,84.5,74.2,-10.3,declining,A,0
43354e06-3634-467f-b410-703f2256d269,1,Business Administration,300,57.6,19.2,2.66,21.0,39.6,,68.1,0.0,stable,B,0
43354e06-3634-467f-b410-703f2256d269,2,Business Administration,300,69.2,10.4,2.85,28.1,30.3,68.1,58.8,-9.3,declining,C,0
e86ccab8-38c9-411d-80c2-24df867a3a2e,1,Architecture,200,91.1,13.6,2.11,31.5,33.4,,65.1,0.0,stable,B,0
e86ccab8-38c9-411d-80c2-24df867a3a2e,2,Architecture,200,95.0,11.3,2.93,40.0,47.7,65.1,89.4,24.3,improving,A,0
53e67e19-f28d-45e8-a813-78557f90fc50,1,Mechanical Engineering,200,100.0,14.4,1.41,39.2,22.2,,62.7,0.0,stable,B,0
53e67e19-f28d-45e8-a813-78557f90fc50,2,Mechanical Engineering,200,49.3,9.7,2.71,21.0,33.8,62.7,57.9,-4.8,stable,C,1
f4d8b4ce-e1a8-439b-b4e3-d6c121462770,1,Economics,200,64.3,14.7,2.23,26.9,43.2,,67.1,0.0,stable,B,0
f4d8b4ce-e1a8-439b-b4e3-d6c121462770,2,Economics,200,55.3,14.5,3.9,25.7,38.6,67.1,64.7,-2.4,stable,B,0
ecb1f1f6-846f-46fc-990d-deb8c7ed5099,1,Mechanical Engineering,200,75.8,13.2,0.98,24.8,27.9,,53.2,0.0,stable,C,0
ecb1f1f6-846f-46fc-990d-deb8c7ed5099,2,Mechanical Engineering,200,77.8,15.2,3.21,24.1,56.7,53.2,84.6,31.4,improving,A,0
3b55f5e0-ac60-4508-8132-b02003371162,1,Political Science,200,56.1,13.7,2.52,26.9,50.3,,83.7,0.0,stable,A,0
3b55f5e0-ac60-4508-8132-b02003371162,2,Political Science,200,86.3,13.5,2.73,33.2,53.7,83.7,86.7,3.1,stable,A,0
6491dd8f-0f39-425e-b149-aab092a698b3,1,Biology,100,61.7,3.9,3.41,28.6,28.1,,59.8,0.0,stable,C,0
6491dd8f-0f39-425e-b149-aab092a698b3,2,Biology,100,68.7,11.3,2.99,27.0,41.4,59.8,71.9,12.1,improving,A,0
b643b08e-abcb-4f7e-b4b7-340b129b73ec,1,Biology,300,57.9,14.4,3.14,27.3,50.3,,77.8,0.0,stable,A,0
b643b08e-abcb-4f7e-b4b7-340b129b73ec,2,Biology,300,82.2,15.6,2.6,32.9,38.8,77.8,71.4,-6.4,declining,A,0
10403492-19ee-4895-86ab-d8bae5856fc7,1,Architecture,300,70.2,14.4,3.07,31.0,41.2,,67.4,0.0,stable,B,0
10403492-19ee-4895-86ab-d8bae5856fc7,2,Architecture,300,75.5,12.3,3.19,27.1,28.2,67.4,57.2,-10.2,declining,C,0
1a3ad9f5-df24-4482-985d-f51efa673e82,1,Architecture,300,70.9,12.9,2.77,29.1,35.2,,61.5,0.0,stable,B,0
1a3ad9f5-df24-4482-985d-f51efa673e82,2,Architecture,300,82.1,9.0,3.13,33.5,31.8,61.5,61.7,0.2,stable,B,0
24bf00d3-d40e-466c-94f0-f8d4e45929ef,1,Economics,300,100.0,9.4,3.5,40.0,46.6,,85.7,0.0,stable,A,0
24bf00d3-d40e-466c-94f0-f8d4e45929ef,2,Economics,300,74.0,7.8,3.71,32.6,32.9,85.7,62.4,-23.3,declining,B,0
3d513af4-cf9a-44e0-bd40-6aa7cbd29606,1,Business Administration,200,55.2,16.9,3.1,27.1,35.1,,57.8,0.0,stable,C,0
3d513af4-cf9a-44e0-bd40-6aa7cbd29606,2,Business Administration,200,89.4,12.2,3.73,31.0,38.8,57.8,71.9,14.1,improving,A,0
137db68c-eb82-419c-b24b-31f2ba650403,1,Computer Engineering,300,86.0,16.0,2.76,35.3,53.0,,88.0,0.0,stable,A,0
137db68c-eb82-419c-b24b-31f2ba650403,2,Computer Engineering,300,67.3,18.7,2.48,31.6,42.7,88.0,68.8,-19.2,declining,B,0
9246916e-1c62-4bfd-a9a1-c0fd9fb8e6c5,1,Sociology,300,91.9,0.0,1.41,36.0,33.1,,67.2,0.0,stable,B,0
9246916e-1c62-4bfd-a9a1-c0fd9fb8e6c5,2,Sociology,300,77.2,0.0,3.57,31.7,31.7,67.2,63.4,-3.8,stable,B,0
bebbf825-2b8c-45e6-aa7c-e1d4425d6a86,1,Law,400,82.4,11.9,1.5,40.0,48.5,,84.6,0.0,stable,A,0
bebbf825-2b8c-45e6-aa7c-e1d4425d6a86,2,Law,400,69.8,10.8,3.86,18.2,35.5,84.6,48.4,-36.3,declining,D,0
526669f4-e3a4-4a61-8f06-27cd3dad443d,1,Accounting,200,70.7,9.6,3.06,26.1,30.5,,58.5,0.0,stable,C,0
526669f4-e3a4-4a61-8f06-27cd3dad443d,2,Accounting,200,81.8,14.8,2.86,28.5,40.1,58.5,70.1,11.6,improving,A,0
060b45d3-7f70-4a62-9bce-d7b6b8c42451,1,Political Science,100,42.3,14.0,3.25,23.8,40.0,,56.1,0.0,stable,C,1
060b45d3-7f70-4a62-9bce-d7b6b8c42451,2,Political Science,100,68.4,20.9,3.01,27.1,46.2,56.1,74.4,18.3,improving,A,0
d9f9780a-7190-4517-b8df-363068fd4129,1,Business Administration,100,84.9,10.9,3.34,40.0,49.5,,96.5,0.0,stable,A,0
d9f9780a-7190-4517-b8df-363068fd4129,2,Business Administration,100,65.1,20.4,2.37,29.8,51.6,96.5,79.9,-16.6,declining,A,0
44472867-06bc-4b1d-96a2-7ba0c8354ec9,1,Business Administration,300,76.3,16.6,2.43,38.6,27.8,,72.3,0.0,stable,A,0
44472867-06bc-4b1d-96a2-7ba0c8354ec9,2,Business Administration,300,90.0,11.6,2.68,30.5,37.2,72.3,67.6,-4.7,stable,B,0
6651b1b2-defb-4c1c-b396-fb29486f7277,1,Computer Engineering,200,93.8,21.8,3.16,29.5,41.5,,70.5,0.0,stable,A,0
6651b1b2-defb-4c1c-b396-fb29486f7277,2,Computer Engineering,200,59.5,6.1,4.68,28.4,30.4,70.5,61.3,-9.2,declining,B,0
9fb18258-edde-44c0-ac0d-c3a21ff17ccd,1,Biochemistry,200,57.3,6.5,2.36,34.7,31.8,,59.3,0.0,stable,C,0
9fb18258-edde-44c0-ac0d-c3a21ff17ccd,2,Biochemistry,200,93.2,10.5,1.52,32.0,40.7,59.3,74.0,14.7,improving,A,0
5cc8a5d0-309f-41ac-91f7-229bf32d4b7a,1,Sociology,200,100.0,7.7,3.04,31.5,21.2,,55.3,0.0,stable,C,0
5cc8a5d0-309f-41ac-91f7-229bf32d4b7a,2,Sociology,200,81.9,13.4,3.34,28.0,31.2,55.3,59.3,3.9,stable,C,0
0bc06b17-e3b8-45d4-b33f-d94ddb35b69c,1,Biology,200,92.4,20.0,3.64,33.6,49.3,,82.9,0.0,stable,A,0
0bc06b17-e3b8-45d4-b33f-d94ddb35b69c,2,Biology,200,59.6,12.1,1.93,26.3,53.9,82.9,82.7,-0.3,stable,A,0
2a05d42f-d3cc-4203-b0c4-e686b95167fd,1,Mechanical Engineering,100,61.2,11.6,2.33,26.9,48.4,,77.3,0.0,stable,A,0
2a05d42f-d3cc-4203-b0c4-e686b95167fd,2,Mechanical Engineering,100,100.0,18.0,3.16,38.4,42.1,77.3,77.1,-0.1,stable,A,0
dfa75182-9f30-4d36-bb21-4a1637681d4f,1,Accounting,300,94.6,17.0,2.81,35.3,55.2,,93.0,0.0,stable,A,0
dfa75182-9f30-4d36-bb21-4a1637681d4f,2,Accounting,300,53.1,13.2,2.87,31.2,50.5,93.0,85.6,-7.4,declining,A,0
3cb4bc6c-8bee-466b-b64d-6833ff3e0522,1,Business Administration,300,58.2,8.1,3.89,23.7,23.3,,48.6,0.0,stable,D,0
3cb4bc6c-8bee-466b-b64d-6833ff3e0522,2,Business Administration,300,66.8,20.9,3.24,29.2,42.7,48.6,76.7,28.1,improving,A,0
af5c98e3-ec4d-4d99-8628-480373d45a63,1,Biology,200,80.4,10.0,2.36,30.7,27.1,,60.9,0.0,stable,B,0
af5c98e3-ec4d-4d99-8628-480373d45a63,2,Biology,200,47.9,11.3,3.49,26.3,32.9,60.9,61.1,0.3,stable,B,1
7f2e977e-e3e8-4c01-8965-940b302c7205,1,Electrical Engineering,100,61.7,11.9,3.52,29.7,33.8,,67.0,0.0,stable,B,0
7f2e977e-e3e8-4c01-8965-940b302c7205,2,Electrical Engineering,100,76.3,15.7,4.22,35.8,55.9,67.0,92.3,25.3,improving,A,0
30b9695e-6f6b-43ee-a612-bf53f1e666a5,1,Psychology,300,86.9,13.1,2.03,33.9,41.0,,76.6,0.0,stable,A,0
30b9695e-6f6b-43ee-a612-bf53f1e666a5,2,Psychology,300,73.1,8.2,3.53,23.0,52.5,76.6,74.8,-1.8,stable,A,0
e15d26fe-82c1-4d7b-b074-6c81bec3cba0,1,Psychology,100,78.7,14.8,3.47,23.7,50.8,,75.4,0.0,stable,A,0
e15d26fe-82c1-4d7b-b074-6c81bec3cba0,2,Psychology,100,65.5,8.3,2.73,21.6,53.6,75.4,79.6,4.3,stable,A,0
9616592e-02f0-4176-b3cf-6811cd29c92b,1,Mechanical Engineering,100,81.8,10.9,2.84,35.1,56.0,,89.5,0.0,stable,A,0
9616592e-02f0-4176-b3cf-6811cd29c92b,2,Mechanical Engineering,100,58.2,19.7,1.57,21.6,39.8,89.5,56.7,-32.8,declining,C,0
22c77901-1e4d-4891-819e-2f7d6d3aa9c6,1,Sociology,300,91.7,16.3,2.54,39.7,56.2,,95.6,0.0,stable,A,0
22c77901-1e4d-4891-819e-2f7d6d3aa9c6,2,Sociology,300,68.2,23.3,3.58,29.9,60.0,95.6,90.8,-4.8,stable,A,0
2ace4443-ae1d-45c6-a892-6c3f13a67f0f,1,Mechanical Engineering,300,67.4,12.4,3.83,18.5,38.6,,61.3,0.0,stable,B,0
2ace4443-ae1d-45c6-a892-6c3f13a67f0f,2,Mechanical Engineering,300,67.3,19.7,4.13,28.1,41.7,61.3,68.9,7.6,improving,B,0
e135d6cc-3868-41a2-8691-f87532a52dc1,1,Mechanical Engineering,100,100.0,21.4,3.1,32.0,47.6,,80.3,0.0,stable,A,0
e135d6cc-3868-41a2-8691-f87532a52dc1,2,Mechanical Engineering,100,56.3,12.4,4.06,17.3,50.2,80.3,71.6,-8.7,declining,A,0
e32ba392-11b7-4dae-929c-83ee9dcd16e5,1,Computer Engineering,200,66.6,20.5,2.45,30.5,41.4,,71.1,0.0,stable,A,0
e32ba392-11b7-4dae-929c-83ee9dcd16e5,2,Computer Engineering,200,65.7,15.5,3.68,27.8,29.8,71.1,58.9,-12.2,declining,C,0
bcf03379-6f56-4e73-9e82-3d1846be041b,1,Medicine,400,81.3,10.9,4.49,23.4,19.6,,40.9,0.0,stable,F,1
bcf03379-6f56-4e73-9e82-3d1846be041b,2,Medicine,400,85.7,6.7,2.22,36.9,38.9,40.9,76.9,36.0,improving,A,0
c7d4b54d-8a2d-46cc-86c7-45a13257fc79,1,Computer Engineering,300,86.7,9.9,2.7,36.4,24.0,,54.0,0.0,stable,C,0
c7d4b54d-8a2d-46cc-86c7-45a13257fc79,2,Computer Engineering,300,68.5,16.7,3.2,33.0,23.1,54.0,57.1,3.1,stable,C,0
f709c35d-7611-4c2a-a127-51ede2cfa3b7,1,Political Science,100,84.8,5.2,3.69,31.4,60.0,,84.9,0.0,stable,A,0
f709c35d-7611-4c2a-a127-51ede2cfa3b7,2,Political Science,100,95.5,10.0,1.71,31.5,38.4,84.9,72.9,-11.9,declining,A,0
efad0bed-bcc1-4d46-8915-a9626b6413db,1,Computer Science,300,100.0,19.1,2.23,40.0,47.0,,85.1,0.0,stable,A,0
efad0bed-bcc1-4d46-8915-a9626b6413db,2,Computer Science,300,71.8,8.5,3.03,25.7,26.8,85.1,54.0,-31.1,declining,C,0
bd367725-475c-4f3e-9c9e-1e2c743df169,1,Biochemistry,100,84.4,11.1,4.09,30.6,38.1,,70.6,0.0,stable,A,0
bd367725-475c-4f3e-9c9e-1e2c743df169,2,Biochemistry,100,73.0,12.4,0.98,29.7,17.6,70.6,43.6,-27.0,declining,F,1
a0729561-dd8c-497a-b8f1-79526a1943a2,1,Law,400,55.0,6.8,2.56,23.6,41.6,,65.8,0.0,stable,B,0
a0729561-dd8c-497a-b8f1-79526a1943a2,2,Law,400,46.5,12.4,3.25,22.7,39.8,65.8,63.0,-2.8,stable,B,1
8b529d16-a0d1-4129-8b4e-59ce5b17ac5e,1,Architecture,200,86.5,4.1,2.8,39.8,47.7,,90.1,0.0,stable,A,0
8b529d16-a0d1-4129-8b4e-59ce5b17ac5e,2,Architecture,200,83.1,20.3,4.53,31.0,38.9,90.1,69.0,-21.1,declining,B,0
5fdf359a-c684-49d6-8852-910da56d16ee,1,Political Science,200,100.0,4.2,2.62,27.9,34.5,,58.8,0.0,stable,C,0
5fdf359a-c684-49d6-8852-910da56d16ee,2,Political Science,200,73.4,2.2,3.49,35.8,29.8,58.8,65.1,6.3,improving,B,0
ed73d8b5-8723-487c-bef7-75e9d7342db0,1,Medicine,300,72.5,12.9,2.97,33.4,52.5,,83.4,0.0,stable,A,0
ed73d8b5-8723-487c-bef7-75e9d7342db0,2,Medicine,300,70.4,16.5,1.86,19.2,42.8,83.4,63.5,-19.9,declining,B,0
8b2dd75d-897d-4596-a49c-deb17d667097,1,Sociology,100,64.2,9.1,2.39,23.5,43.2,,63.2,0.0,stable,B,0
8b2dd75d-897d-4596-a49c-deb17d667097,2,Sociology,100,71.0,7.5,1.84,33.6,28.8,63.2,62.9,-0.2,stable,B,0
6778ce0a-1dc7-4633-8b1e-a72e07bee8fd,1,Biochemistry,100,52.4,8.3,3.6,38.4,18.4,,56.2,0.0,stable,C,0
6778ce0a-1dc7-4633-8b1e-a72e07bee8fd,2,Biochemistry,100,81.2,8.9,3.68,26.9,40.3,56.2,65.6,9.4,improving,B,0
349dcffe-7498-4b66-9efe-11346869cfcc,1,Sociology,300,93.3,8.6,2.72,38.4,26.3,,64.9,0.0,stable,B,0
349dcffe-7498-4b66-9efe-11346869cfcc,2,Sociology,300,47.7,6.6,3.31,19.6,30.9,64.9,51.9,-13.0,declining,C,1
46355bd3-b95a-4f26-acab-c76c7c79504f,1,Mechanical Engineering,300,66.3,16.1,3.17,30.4,55.3,,86.7,0.0,stable,A,0
46355bd3-b95a-4f26-acab-c76c7c79504f,2,Mechanical Engineering,300,98.1,16.6,2.58,40.0,44.6,86.7,83.4,-3.2,stable,A,0
a8896626-9a1e-4726-bd49-9c98bb5d004a,1,Biology,300,79.2,17.6,3.36,39.9,55.1,,96.7,0.0,stable,A,0
a8896626-9a1e-4726-bd49-9c98bb5d004a,2,Biology,300,59.6,11.1,3.06,30.4,45.4,96.7,76.3,-20.3,declining,A,0
aa29d5fb-8f4d-41b2-92ff-2372439ad3dc,1,Accounting,100,76.8,15.6,2.31,38.8,20.3,,63.5,0.0,stable,B,0
aa29d5fb-8f4d-41b2-92ff-2372439ad3dc,2,Accounting,100,74.3,17.0,3.29,31.6,49.3,63.5,83.3,19.8,improving,A,0
30e8756f-9f0d-42b9-a49e-713118b242c8,1,Biochemistry,100,70.1,17.2,2.13,29.0,49.9,,81.9,0.0,stable,A,0
30e8756f-9f0d-42b9-a49e-713118b242c8,2,Biochemistry,100,81.9,10.0,3.72,28.0,57.1,81.9,84.9,3.0,stable,A,0
7c1d93e0-3919-4d03-9965-fa480d42f931,1,Law,200,51.9,6.0,3.03,26.1,55.1,,78.0,0.0,stable,A,0
7c1d93e0-3919-4d03-9965-fa480d42f931,2,Law,200,75.6,6.7,2.61,38.5,23.6,78.0,63.9,-14.1,declining,B,0
7cf254fd-2566-495f-8da5-09d9eb24fd7c,1,Biochemistry,100,80.9,11.9,3.42,25.4,56.9,,88.0,0.0,stable,A,0
7cf254fd-2566-495f-8da5-09d9eb24fd7c,2,Biochemistry,100,75.7,24.1,2.68,32.1,60.0,88.0,90.8,2.7,stable,A,0
a2f6c51a-9eea-4daa-98c0-332e4c025138,1,Accounting,200,54.3,3.9,4.65,23.2,35.3,,55.1,0.0,stable,C,0
a2f6c51a-9eea-4daa-98c0-332e4c025138,2,Accounting,200,89.2,8.1,2.61,34.3,25.4,55.1,59.2,4.0,stable,C,0
d33bd33a-5557-4a75-aa4b-35fb3ac3973e,1,Political Science,200,96.0,14.1,3.1,35.3,37.4,,78.7,0.0,stable,A,0
d33bd33a-5557-4a75-aa4b-35fb3ac3973e,2,Political Science,200,62.8,13.1,3.09,32.6,51.5,78.7,84.1,5.4,improving,A,0
49e8b5f4-9fd0-4fa1-8200-5969e04e5d15,1,Electrical Engineering,300,79.4,13.6,1.18,22.9,31.1,,52.3,0.0,stable,C,0
49e8b5f4-9fd0-4fa1-8200-5969e04e5d15,2,Electrical Engineering,300,57.0,15.7,3.0,25.3,29.7,52.3,54.9,2.6,stable,C,0
d55247bf-5715-4eb4-b1d2-d4804e0a083d,1,Accounting,200,35.6,11.2,3.05,23.3,23.4,,47.5,0.0,stable,D,1
d55247bf-5715-4eb4-b1d2-d4804e0a083d,2,Accounting,200,59.4,7.9,3.57,36.9,38.3,47.5,72.8,25.4,improving,A,0
81b2ea32-f776-455e-ad9c-324d81114e00,1,Biochemistry,100,77.8,16.7,3.5,40.0,36.8,,77.5,0.0,stable,A,0
81b2ea32-f776-455e-ad9c-324d81114e00,2,Biochemistry,100,98.2,19.4,1.44,34.6,56.6,77.5,99.9,22.4,improving,A,0
096dfb19-235e-4bbe-9e0c-bca230ae86fe,1,Computer Science,200,85.6,10.2,2.19,40.0,43.9,,81.4,0.0,stable,A,0
096dfb19-235e-4bbe-9e0c-bca230ae86fe,2,Computer Science,200,72.0,13.6,3.44,24.9,35.4,81.4,55.3,-26.0,declining,C,0
0928d645-02a8-47e9-abcb-0d5f7b75c279,1,Psychology,300,90.6,10.3,3.37,40.0,41.3,,81.0,0.0,stable,A,0
0928d645-02a8-47e9-abcb-0d5f7b75c279,2,Psychology,300,77.9,12.3,4.0,32.1,36.3,81.0,71.6,-9.3,declining,A,0
db459424-ad47-46d3-be4b-76265bb2f00e,1,Computer Engineering,200,93.5,5.3,4.23,35.5,40.1,,78.6,0.0,stable,A,0
db459424-ad47-46d3-be4b-76265bb2f00e,2,Computer Engineering,200,66.5,16.8,2.7,20.9,32.4,78.6,55.0,-23.6,declining,C,0
b3d4d0aa-2c10-4755-a6b9-e373747d037f,1,Business Administration,200,60.8,20.1,3.95,33.8,48.5,,83.1,0.0,stable,A,0
b3d4d0aa-2c10-4755-a6b9-e373747d037f,2,Business Administration,200,57.1,17.0,3.3,29.3,60.0,83.1,87.4,4.4,stable,A,0
1410faa7-da72-41bd-9f50-11dbea2ed351,1,Sociology,300,73.1,13.6,2.25,28.7,44.2,,71.9,0.0,stable,A,0
1410faa7-da72-41bd-9f50-11dbea2ed351,2,Sociology,300,94.6,4.4,3.9,37.2,30.3,71.9,64.7,-7.1,declining,B,0
e6f54014-4fc0-4e6b-823c-4f597e129e41,1,Economics,200,43.8,8.0,3.84,23.5,50.0,,71.7,0.0,stable,A,1
e6f54014-4fc0-4e6b-823c-4f597e129e41,2,Economics,200,85.6,8.4,2.23,31.6,28.8,71.7,55.8,-15.9,declining,C,0
b9c95e91-348d-4e58-8fdf-0a444966ed78,1,Biochemistry,100,72.3,12.5,4.01,34.1,54.2,,90.5,0.0,stable,A,0
b9c95e91-348d-4e58-8fdf-0a444966ed78,2,Biochemistry,100,80.0,5.9,3.12,34.0,50.0,90.5,86.0,-4.4,stable,A,0
73f6cbfd-afb2-4a21-8c96-a4188cbdeb74,1,Accounting,300,93.6,6.8,2.74,35.9,47.0,,82.4,0.0,stable,A,0
73f6cbfd-afb2-4a21-8c96-a4188cbdeb74,2,Accounting,300,73.8,15.4,2.1,37.8,31.4,82.4,63.5,-18.9,declining,B,0
f6954e0f-4a7f-4fea-989f-96fd125f9db5,1,Architecture,300,75.2,20.5,3.47,33.8,47.0,,80.3,0.0,stable,A,0
f6954e0f-4a7f-4fea-989f-96fd125f9db5,2,Architecture,300,51.8,0.7,3.16,31.9,35.3,80.3,69.1,-11.3,declining,B,0
2c980022-0f03-4ffa-a78a-13c3810f8c36,1,Mechanical Engineering,100,98.8,13.6,2.9,30.7,60.0,,92.2,0.0,stable,A,0
2c980022-0f03-4ffa-a78a-13c3810f8c36,2,Mechanical Engineering,100,60.8,6.1,4.0,22.0,55.9,92.2,69.6,-22.6,declining,B,0
be3d2f60-298d-4bc9-8ec0-2d01d28a34fb,1,Medicine,200,96.3,14.4,3.09,33.4,60.0,,95.5,0.0,stable,A,0
be3d2f60-298d-4bc9-8ec0-2d01d28a34fb,2,Medicine,200,61.5,3.4,3.14,27.3,18.5,95.5,45.6,-49.9,declining,D,0
5c538139-a841-4c7a-a0d2-8069dd418ebb,1,Biology,200,66.4,12.0,3.58,35.7,49.9,,83.4,0.0,stable,A,0
5c538139-a841-4c7a-a0d2-8069dd418ebb,2,Biology,200,80.5,12.3,1.93,33.1,56.2,83.4,89.4,6.0,improving,A,0
8256f1d6-e6a6-4982-ab32-33dae5d91e12,1,Sociology,200,51.1,12.2,2.03,29.5,43.0,,72.0,0.0,stable,A,0
8256f1d6-e6a6-4982-ab32-33dae5d91e12,2,Sociology,200,70.0,10.9,3.01,25.1,24.9,72.0,53.5,-18.5,declining,C,0
17705432-c9a4-4f96-b4d8-7b0c1760e3ec,1,Biology,100,69.2,12.8,3.23,30.5,28.9,,54.3,0.0,stable,C,0
17705432-c9a4-4f96-b4d8-7b0c1760e3ec,2,Biology,100,66.2,14.0,2.42,26.5,60.0,54.3,80.9,26.6,improving,A,0
1c14d297-c710-4e54-a612-0a3c741c9c85,1,Computer Science,300,63.7,21.5,2.96,24.2,58.0,,82.3,0.0,stable,A,0
1c14d297-c710-4e54-a612-0a3c741c9c85,2,Computer Science,300,69.8,13.0,2.47,23.9,38.1,82.3,58.9,-23.4,declining,C,0
1366e6dd-d096-45cb-aefc-196c5e51081d,1,Medicine,300,75.2,13.8,3.68,35.7,38.1,,75.3,0.0,stable,A,0
1366e6dd-d096-45cb-aefc-196c5e51081d,2,Medicine,300,82.4,13.6,2.62,26.3,45.0,75.3,66.2,-9.1,declining,B,0
11ec747d-6074-4962-bd6a-a1e20e2e6c60,1,Psychology,300,71.0,0.0,1.93,24.8,39.8,,66.7,0.0,stable,B,0
11ec747d-6074-4962-bd6a-a1e20e2e6c60,2,Psychology,300,66.7,15.6,3.71,27.5,29.8,66.7,56.7,-10.0,declining,C,0
16384054-3f3b-479d-8e91-58f972e09cf5,1,Political Science,100,73.5,5.8,3.29,31.1,40.2,,72.1,0.0,stable,A,0
16384054-3f3b-479d-8e91-58f972e09cf5,2,Political Science,100,85.9,11.1,3.16,30.2,33.4,72.1,67.6,-4.5,stable,B,0
a25df390-bb72-4f20-90b1-294f0562a9a5,1,Electrical Engineering,300,44.3,16.4,2.5,20.1,44.3,,60.0,0.0,stable,C,1
a25df390-bb72-4f20-90b1-294f0562a9a5,2,Electrical Engineering,300,62.8,7.8,2.82,23.5,52.2,60.0,81.1,21.1,improving,A,0
3b24ead7-4b93-4e5b-bf97-9e6121082aea,1,Accounting,300,44.7,14.7,3.69,26.6,36.3,,62.2,0.0,stable,B,1
3b24ead7-4b93-4e5b-bf97-9e6121082aea,2,Accounting,300,63.8,9.9,2.03,27.2,21.1,62.2,47.7,-14.5,declining,D,0
b6977c69-db10-4a83-8b78-5422bddcf0db,1,Biochemistry,200,56.3,13.0,2.46,27.7,50.0,,82.5,0.0,stable,A,0
b6977c69-db10-4a83-8b78-5422bddcf0db,2,Biochemistry,200,37.1,7.8,2.76,24.7,19.6,82.5,41.4,-41.1,declining,F,1
efe5800d-1355-4f32-ad93-35e46cea29d2,1,Accounting,200,77.0,12.4,3.3,32.6,43.9,,77.1,0.0,stable,A,0
efe5800d-1355-4f32-ad93-35e46cea29d2,2,Accounting,200,75.8,15.3,1.21,37.9,16.3,77.1,51.0,-26.1,declining,C,0
36137e82-eb8a-48de-ae80-77bec4bb19ee,1,Economics,200,71.6,15.4,0.6,29.2,45.1,,77.3,0.0,stable,A,0
36137e82-eb8a-48de-ae80-77bec4bb19ee,2,Economics,200,64.5,10.5,2.51,25.9,27.2,77.3,50.5,-26.8,declining,C,0
a3f25d3b-f04d-4287-a87d-b6f86d51628d,1,Computer Engineering,200,81.5,12.7,3.39,32.4,47.9,,82.9,0.0,stable,A,0
a3f25d3b-f04d-4287-a87d-b6f86d51628d,2,Computer Engineering,200,48.9,7.7,2.81,24.7,29.4,82.9,56.8,-26.0,declining,C,1
b2e10179-2bf0-45df-a0e2-b165187d5882,1,Sociology,100,100.0,12.9,3.07,39.2,21.7,,61.0,0.0,stable,B,0
b2e10179-2bf0-45df-a0e2-b165187d5882,2,Sociology,100,89.7,8.8,2.02,32.0,34.7,61.0,64.0,2.9,stable,B,0
fb7c99c0-00b6-4198-afd9-96329959cae0,1,Electrical Engineering,100,100.0,9.6,2.08,34.5,45.1,,79.7,0.0,stable,A,0
fb7c99c0-00b6-4198-afd9-96329959cae0,2,Electrical Engineering,100,82.3,7.6,4.19,34.3,49.3,79.7,84.7,5.0,stable,A,0
b8138071-441b-4a2e-90af-2aa3262c59c5,1,Architecture,300,87.4,7.6,2.61,39.2,51.3,,87.0,0.0,stable,A,0
b8138071-441b-4a2e-90af-2aa3262c59c5,2,Architecture,300,78.7,9.8,2.44,32.2,48.3,87.0,81.9,-5.2,declining,A,0
4119112c-6999-4f71-8e4f-58fdd24b396e,1,Biochemistry,100,70.2,14.6,2.71,31.1,54.8,,79.7,0.0,stable,A,0
4119112c-6999-4f71-8e4f-58fdd24b396e,2,Biochemistry,100,87.0,4.3,3.98,29.2,23.9,79.7,55.2,-24.5,declining,C,0
e6acf273-e5af-4ef6-b01b-91299b117b9e,1,Computer Science,200,80.5,7.0,2.0,30.2,22.0,,48.9,0.0,stable,D,0
e6acf273-e5af-4ef6-b01b-91299b117b9e,2,Computer Science,200,76.7,7.2,3.34,37.8,35.3,48.9,73.5,24.6,improving,A,0
152c573b-180c-464b-bf58-245176161f10,1,Law,200,100.0,6.1,3.95,40.0,45.8,,89.7,0.0,stable,A,0
152c573b-180c-464b-bf58-245176161f10,2,Law,200,79.2,9.1,3.88,36.5,50.3,89.7,86.9,-2.7,stable,A,0
7779d765-414a-4608-a5cc-bffcda5c8ed3,1,Architecture,300,64.3,13.0,3.75,33.0,37.5,,71.4,0.0,stable,A,0
7779d765-414a-4608-a5cc-bffcda5c8ed3,2,Architecture,300,55.4,16.9,2.37,30.0,30.3,71.4,63.4,-7.9,declining,B,0
e3ab5a3e-a5d7-41c3-b4bd-2674037f63cf,1,Medicine,300,79.8,8.1,3.55,28.0,45.4,,72.6,0.0,stable,A,0
e3ab5a3e-a5d7-41c3-b4bd-2674037f63cf,2,Medicine,300,49.2,7.1,2.66,31.7,44.4,72.6,80.9,8.4,improving,A,1
ae44beb0-5ff8-48be-9a2a-56600eaaa92c,1,Psychology,300,99.8,9.3,2.85,32.9,30.6,,58.0,0.0,stable,C,0
ae44beb0-5ff8-48be-9a2a-56600eaaa92c,2,Psychology,300,74.8,5.6,2.97,40.0,29.8,58.0,70.4,12.4,improving,A,0
59d660c6-ea4e-4722-a2e3-c7b1f98a831b,1,Psychology,100,88.6,13.4,3.23,30.9,38.7,,66.7,0.0,stable,B,0
59d660c6-ea4e-4722-a2e3-c7b1f98a831b,2,Psychology,100,87.7,3.3,3.78,25.5,44.5,66.7,69.0,2.2,stable,B,0
d21ffb29-a76a-4944-be43-47ceccc6cd68,1,Business Administration,300,56.5,14.9,3.74,24.1,50.3,,67.6,0.0,stable,B,0
d21ffb29-a76a-4944-be43-47ceccc6cd68,2,Business Administration,300,55.2,18.5,2.82,16.7,36.8,67.6,50.8,-16.8,declining,C,0
81b0076c-7e25-444e-8ba0-3001c23b8616,1,Medicine,200,72.5,10.1,3.14,29.2,52.1,,82.6,0.0,stable,A,0
81b0076c-7e25-444e-8ba0-3001c23b8616,2,Medicine,200,81.9,17.8,2.69,25.1,55.2,82.6,80.7,-1.9,stable,A,0
fa53c8ec-abab-415a-8f8d-408bd18a4078,1,Computer Science,300,77.1,8.8,2.51,34.7,46.2,,83.2,0.0,stable,A,0
fa53c8ec-abab-415a-8f8d-408bd18a4078,2,Computer Science,300,86.9,14.8,3.11,31.5,53.9,83.2,84.3,1.1,stable,A,0
c0354b5e-bd4b-45d2-bfa4-043e48e0c15d,1,Computer Engineering,200,80.5,8.0,2.47,29.9,27.6,,59.9,0.0,stable,C,0
c0354b5e-bd4b-45d2-bfa4-043e48e0c15d,2,Computer Engineering,200,54.8,12.5,3.11,16.9,35.7,59.9,53.4,-6.5,declining,C,0
8feb2177-5344-4e3d-87a6-f6e1853d2500,1,Business Administration,100,81.4,11.0,3.54,30.7,40.1,,71.6,0.0,stable,A,0
8feb2177-5344-4e3d-87a6-f6e1853d2500,2,Business Administration,100,88.9,8.6,2.61,29.4,33.1,71.6,66.8,-4.8,stable,B,0
ee1b2040-8828-4b9d-b341-70f1e650c498,1,Law,300,83.6,6.3,2.52,33.6,25.5,,56.9,0.0,stable,C,0
ee1b2040-8828-4b9d-b341-70f1e650c498,2,Law,300,95.2,8.9,3.76,40.0,31.6,56.9,68.9,12.0,improving,B,0
e85d80af-e2ee-46e8-9a61-6437d0eeea90,1,Biology,100,70.9,6.6,3.1,28.1,39.5,,71.8,0.0,stable,A,0
e85d80af-e2ee-46e8-9a61-6437d0eeea90,2,Biology,100,87.3,14.4,1.43,34.7,55.4,71.8,81.0,9.2,improving,A,0
e434dafa-d93b-4c64-9a36-87c7e91fc174,1,Sociology,200,85.3,11.2,2.32,36.1,54.7,,93.1,0.0,stable,A,0
e434dafa-d93b-4c64-9a36-87c7e91fc174,2,Sociology,200,69.4,7.3,3.12,33.3,32.6,93.1,64.9,-28.2,declining,B,0
4c723cec-97f2-41a8-9a85-2e1f6bfa6180,1,Medicine,200,100.0,17.4,3.92,27.7,38.2,,66.1,0.0,stable,B,0
4c723cec-97f2-41a8-9a85-2e1f6bfa6180,2,Medicine,200,60.0,20.0,4.13,24.3,60.0,66.1,84.3,18.2,improving,A,0
df21acf0-12b6-448b-b9a1-dc0f48484785,1,Mechanical Engineering,100,100.0,12.7,3.46,40.0,53.8,,95.3,0.0,stable,A,0
df21acf0-12b6-448b-b9a1-dc0f48484785,2,Mechanical Engineering,100,72.9,14.6,2.35,30.3,29.0,95.3,54.0,-41.3,declining,C,0
32b809e6-9074-4d2d-b9e2-75fc0db62697,1,Architecture,200,75.8,18.3,3.74,29.7,60.0,,88.0,0.0,stable,A,0
32b809e6-9074-4d2d-b9e2-75fc0db62697,2,Architecture,200,46.2,1.1,2.06,28.3,23.5,88.0,53.3,-34.8,declining,C,1
f2bd327a-1291-4f89-8026-71d728fc522e,1,Architecture,300,99.7,6.5,3.38,37.6,27.8,,69.5,0.0,stable,B,0
f2bd327a-1291-4f89-8026-71d728fc522e,2,Architecture,300,70.7,10.1,4.69,31.8,50.8,69.5,86.6,17.2,improving,A,0
5ea91f83-1376-4b22-8a89-5d24a5b44735,1,Law,400,65.2,18.2,2.6,25.3,40.5,,64.0,0.0,stable,B,0
5ea91f83-1376-4b22-8a89-5d24a5b44735,2,Law,400,87.3,13.3,2.61,35.8,37.0,64.0,71.8,7.9,improving,A,0
50d14b2e-fa13-4a7d-90d5-08f69713ad1a,1,Political Science,300,75.7,14.3,3.31,28.3,50.3,,78.0,0.0,stable,A,0
50d14b2e-fa13-4a7d-90d5-08f69713ad1a,2,Political Science,300,65.2,4.7,3.79,28.1,38.0,78.0,69.2,-8.7,declining,B,0
69ab7758-a6a5-4044-911a-6f35e3159c7a,1,Political Science,300,67.8,5.1,3.06,30.1,32.1,,66.7,0.0,stable,B,0
69ab7758-a6a5-4044-911a-6f35e3159c7a,2,Political Science,300,37.7,17.6,3.63,24.8,11.5,66.7,40.2,-26.5,declining,F,1
20a69652-89d3-4c82-b655-057c4d06e852,1,Accounting,100,59.6,9.5,2.86,29.0,43.9,,75.5,0.0,stable,A,0
20a69652-89d3-4c82-b655-057c4d06e852,2,Accounting,100,87.2,13.3,3.33,27.0,33.6,75.5,63.3,-12.2,declining,B,0
c36a16d5-e17e-4524-8342-911eea6d2921,1,Political Science,100,87.6,15.6,2.59,37.1,29.7,,70.0,0.0,stable,A,0
c36a16d5-e17e-4524-8342-911eea6d2921,2,Political Science,100,71.1,20.4,1.78,38.0,39.5,70.0,76.4,6.4,improving,A,0
caa77da0-26df-431a-9685-1e01e242d221,1,Sociology,300,77.9,8.5,2.94,26.9,30.0,,58.3,0.0,stable,C,0
caa77da0-26df-431a-9685-1e01e242d221,2,Sociology,300,61.5,8.2,1.9,24.8,47.7,58.3,70.0,11.7,improving,B,0
1e0676f1-602a-4cb3-a600-aa8a0e9281b7,1,Accounting,100,64.0,13.0,2.7,38.9,38.0,,78.0,0.0,stable,A,0
1e0676f1-602a-4cb3-a600-aa8a0e9281b7,2,Accounting,100,89.2,16.6,3.19,32.0,60.0,78.0,91.7,13.7,improving,A,0
5eddc23d-ca04-4536-a336-9bbdf0f1ad55,1,Economics,200,68.4,8.8,1.62,32.8,11.0,,43.8,0.0,stable,F,1
5eddc23d-ca04-4536-a336-9bbdf0f1ad55,2,Economics,200,71.9,23.2,1.53,24.9,43.3,43.8,67.6,23.8,improving,B,0
694a9dda-5877-43ce-8d85-4cef2f5ab3f5,1,Economics,300,66.8,11.6,1.99,30.1,14.1,,44.1,0.0,stable,F,1
694a9dda-5877-43ce-8d85-4cef2f5ab3f5,2,Economics,300,66.0,17.1,4.4,26.5,59.9,44.1,85.5,41.4,improving,A,0
d4c7833a-2d26-4a34-9ecb-dd540d828a23,1,Medicine,100,60.5,20.7,3.42,27.1,53.5,,81.5,0.0,stable,A,0
d4c7833a-2d26-4a34-9ecb-dd540d828a23,2,Medicine,100,74.0,5.4,2.78,32.9,33.2,81.5,68.8,-12.7,declining,B,0
cb863058-4aca-45e9-aa33-a47ff6d187e7,1,Biochemistry,300,80.8,7.6,1.94,30.4,29.1,,60.5,0.0,stable,B,0
cb863058-4aca-45e9-aa33-a47ff6d187e7,2,Biochemistry,300,64.2,8.9,3.84,28.6,32.0,60.5,60.7,0.2,stable,B,0
0849ea35-e21d-44d5-a247-6936584e7182,1,Computer Engineering,100,95.7,13.5,3.47,30.4,51.8,,89.2,0.0,stable,A,0
0849ea35-e21d-44d5-a247-6936584e7182,2,Computer Engineering,100,63.1,6.1,3.14,32.0,34.7,89.2,63.6,-25.6,declining,B,0
971f3434-2608-4fab-bc41-add04d5ead63,1,Accounting,300,73.4,15.0,2.67,32.7,52.7,,86.1,0.0,stable,A,0
971f3434-2608-4fab-bc41-add04d5ead63,2,Accounting,300,74.6,16.1,2.32,25.1,38.5,86.1,62.2,-24.0,declining,B,0
63465dd2-5c2f-46be-b2fe-8eacef40988f,1,Biochemistry,300,62.9,21.2,4.74,25.8,50.5,,75.8,0.0,stable,A,0
63465dd2-5c2f-46be-b2fe-8eacef40988f,2,Biochemistry,300,91.6,18.5,1.58,35.7,28.3,75.8,69.3,-6.5,declining,B,0
bf06f4b5-b42e-45d4-b45f-0b77eec475f7,1,Mechanical Engineering,300,81.6,7.9,2.81,29.9,41.5,,74.5,0.0,stable,A,0
bf06f4b5-b42e-45d4-b45f-0b77eec475f7,2,Mechanical Engineering,300,57.8,21.2,4.28,22.2,49.4,74.5,76.7,2.2,stable,A,0
15f3fa19-cc78-48f9-ae02-bb3b8f36c5e8,1,Economics,100,93.5,10.3,3.65,40.0,40.7,,78.8,0.0,stable,A,0
15f3fa19-cc78-48f9-ae02-bb3b8f36c5e8,2,Economics,100,77.6,13.2,2.58,32.7,27.1,78.8,57.8,-21.0,declining,C,0
b0316985-8c48-423b-841a-9ed78d6ef2a1,1,Electrical Engineering,200,86.4,3.2,3.72,22.2,17.4,,38.2,0.0,stable,F,1
b0316985-8c48-423b-841a-9ed78d6ef2a1,2,Electrical Engineering,200,79.3,18.6,3.05,29.6,50.2,38.2,77.2,39.1,improving,A,0
e382955c-64b5-496c-b2cf-e71dd9cf1892,1,Accounting,300,77.1,6.0,3.07,29.8,27.4,,57.6,0.0,stable,C,0
e382955c-64b5-496c-b2cf-e71dd9cf1892,2,Accounting,300,77.4,17.9,1.72,30.1,33.6,57.6,66.3,8.7,improving,B,0
e1abede2-0075-47ba-8549-6ac4c0492216,1,Architecture,100,86.3,14.5,2.44,36.7,25.0,,56.4,0.0,stable,C,0
e1abede2-0075-47ba-8549-6ac4c0492216,2,Architecture,100,55.9,11.8,3.54,11.3,53.8,56.4,65.4,9.0,improving,B,0
2a833037-db97-453d-b02c-9deadbfd2c48,1,Sociology,100,51.5,12.5,3.87,28.3,52.7,,76.9,0.0,stable,A,0
2a833037-db97-453d-b02c-9deadbfd2c48,2,Sociology,100,68.8,7.4,4.37,32.0,60.0,76.9,90.6,13.7,improving,A,0
6021ff2b-295a-4f9b-a738-23345a542dda,1,Biology,300,64.1,11.3,4.1,26.0,42.5,,68.8,0.0,stable,B,0
6021ff2b-295a-4f9b-a738-23345a542dda,2,Biology,300,75.6,8.7,2.89,29.2,36.9,68.8,69.0,0.2,stable,B,0
c532cc7b-3a57-4308-943f-f2a6445c1628,1,Architecture,100,100.0,7.8,2.69,30.9,37.8,,67.1,0.0,stable,B,0
c532cc7b-3a57-4308-943f-f2a6445c1628,2,Architecture,100,78.6,17.5,0.98,33.2,34.9,67.1,69.4,2.4,stable,B,0
b462e787-2e1a-417c-8840-1ab27e96e186,1,Biochemistry,300,61.6,18.0,3.73,30.2,53.2,,81.2,0.0,stable,A,0
b462e787-2e1a-417c-8840-1ab27e96e186,2,Biochemistry,300,65.7,15.8,2.39,35.4,37.8,81.2,74.7,-6.5,declining,A,0
3e719589-1084-47a7-b99c-ae6872f0f0ae,1,Architecture,100,100.0,8.5,3.06,40.0,46.7,,85.7,0.0,stable,A,0
3e719589-1084-47a7-b99c-ae6872f0f0ae,2,Architecture,100,67.2,10.8,4.16,27.1,41.8,85.7,67.6,-18.1,declining,B,0
650f6cfc-1fdb-4e7f-830a-77397a83f261,1,Architecture,200,85.6,12.8,2.2,27.3,18.5,,43.3,0.0,stable,F,1
650f6cfc-1fdb-4e7f-830a-77397a83f261,2,Architecture,200,86.9,18.6,3.55,35.2,44.1,43.3,81.6,38.3,improving,A,0
11606fc4-182a-4b5f-aa8a-655a2170f2da,1,Economics,200,79.3,21.0,2.92,37.6,54.6,,94.4,0.0,stable,A,0
11606fc4-182a-4b5f-aa8a-655a2170f2da,2,Economics,200,44.8,16.6,2.9,21.7,27.9,94.4,49.6,-44.8,declining,D,1
9088f680-bb7d-4d9f-96ca-987acbb399e6,1,Architecture,100,75.5,5.5,1.82,32.5,41.3,,74.4,0.0,stable,A,0
9088f680-bb7d-4d9f-96ca-987acbb399e6,2,Architecture,100,92.3,11.6,2.96,28.9,23.6,74.4,58.0,-16.4,declining,C,0
ecb52b5c-e673-48ad-843d-a1d5b81ad469,1,Economics,200,92.0,5.0,3.12,32.9,32.1,,63.8,0.0,stable,B,0
ecb52b5c-e673-48ad-843d-a1d5b81ad469,2,Economics,200,80.7,16.1,3.32,30.5,41.6,63.8,74.9,11.1,improving,A,0
401ec869-c1cd-4176-a2a9-aa6b13f93b70,1,Sociology,200,82.0,12.4,2.97,33.1,35.1,,70.7,0.0,stable,A,0
401ec869-c1cd-4176-a2a9-aa6b13f93b70,2,Sociology,200,58.9,9.9,3.49,21.1,23.3,70.7,44.6,-26.0,declining,F,1
55f51b30-3731-45ee-92bb-71fc72c68a83,1,Biology,100,49.6,5.5,3.61,23.9,49.0,,69.3,0.0,stable,B,1
55f51b30-3731-45ee-92bb-71fc72c68a83,2,Biology,100,73.6,14.0,2.06,34.9,44.2,69.3,74.3,5.0,improving,A,0
267d2ee4-6ffa-451e-8855-35ab3858a436,1,Law,300,74.4,13.9,2.53,22.5,42.8,,71.9,0.0,stable,A,0
267d2ee4-6ffa-451e-8855-35ab3858a436,2,Law,300,69.2,19.8,2.4,29.9,51.7,71.9,81.6,9.7,improving,A,0
7272b9ed-02b3-4582-a25d-f05d92d6323d,1,Accounting,100,70.5,15.6,4.51,30.6,40.0,,70.1,0.0,stable,A,0
7272b9ed-02b3-4582-a25d-f05d92d6323d,2,Accounting,100,100.0,12.7,2.52,29.3,20.8,70.1,51.2,-18.9,declining,C,0
db70bdbe-37c3-4799-b585-e98bc395ebca,1,Biology,100,84.8,10.0,2.99,26.1,39.5,,67.0,0.0,stable,B,0
db70bdbe-37c3-4799-b585-e98bc395ebca,2,Biology,100,67.0,20.5,2.33,29.8,52.8,67.0,82.3,15.3,improving,A,0
39e38bd4-c3d4-4d9c-a67f-7048eef6123f,1,Psychology,100,72.2,4.9,4.09,28.6,42.0,,72.6,0.0,stable,A,0
39e38bd4-c3d4-4d9c-a67f-7048eef6123f,2,Psychology,100,65.6,11.0,4.07,22.5,60.0,72.6,80.3,7.7,improving,A,0
8f8c3337-bdfd-4aed-915f-19d4eecb384b,1,Computer Science,200,57.3,12.7,4.77,16.9,42.2,,60.5,0.0,stable,B,0
8f8c3337-bdfd-4aed-915f-19d4eecb384b,2,Computer Science,200,75.5,13.9,2.43,27.1,38.3,60.5,62.0,1.5,stable,B,0
93bcbf03-6784-4cd7-bd97-0e84ba110ddb,1,Medicine,100,74.3,10.1,2.62,31.5,19.2,,50.0,0.0,stable,C,0
93bcbf03-6784-4cd7-bd97-0e84ba110ddb,2,Medicine,100,100.0,6.6,4.03,35.3,31.7,50.0,63.0,13.0,improving,B,0
be74b63f-5d5a-4d06-b6aa-f27cf99b9907,1,Economics,100,77.1,19.3,2.69,30.0,54.2,,85.3,0.0,stable,A,0
be74b63f-5d5a-4d06-b6aa-f27cf99b9907,2,Economics,100,51.4,12.5,4.21,25.1,14.9,85.3,41.2,-44.1,declining,F,1
e1c54558-1364-4538-b705-faf41a20375b,1,Biochemistry,100,72.0,2.9,1.66,34.3,23.0,,54.6,0.0,stable,C,0
e1c54558-1364-4538-b705-faf41a20375b,2,Biochemistry,100,74.5,8.8,3.08,28.9,25.4,54.6,52.8,-1.8,stable,C,0
f87b3189-7ee3-4c0a-88b5-2df9c3ed7ea3,1,Biochemistry,200,81.6,12.2,2.93,40.0,46.9,,89.5,0.0,stable,A,0
f87b3189-7ee3-4c0a-88b5-2df9c3ed7ea3,2,Biochemistry,200,72.5,13.1,2.66,33.4,38.6,89.5,72.6,-16.8,declining,A,0
02c884c8-ea3a-4bc5-af9a-1e11648807dd,1,Computer Science,200,77.4,11.9,5.0,27.1,36.7,,66.0,0.0,stable,B,0
02c884c8-ea3a-4bc5-af9a-1e11648807dd,2,Computer Science,200,66.1,10.5,2.13,30.7,41.8,66.0,71.6,5.6,improving,A,0
5b2fcbcf-8919-4407-8384-41b8cbec64f9,1,Law,200,85.7,2.7,2.43,31.3,20.1,,46.1,0.0,stable,D,0
5b2fcbcf-8919-4407-8384-41b8cbec64f9,2,Law,200,70.4,15.5,4.03,26.3,51.4,46.1,79.7,33.6,improving,A,0
05d64cd8-8248-4bda-9188-637f12269b80,1,Political Science,100,93.3,10.2,1.56,34.0,25.3,,57.1,0.0,stable,C,0
05d64cd8-8248-4bda-9188-637f12269b80,2,Political Science,100,70.5,10.3,3.11,32.6,34.9,57.1,68.7,11.6,improving,B,0
17b8970b-d8cc-44c4-b10d-4dbade91ee39,1,Political Science,300,75.2,16.7,2.85,29.6,38.9,,68.0,0.0,stable,B,0
17b8970b-d8cc-44c4-b10d-4dbade91ee39,2,Political Science,300,63.2,7.6,3.62,22.2,34.5,68.0,59.7,-8.3,declining,C,0
cce51635-cab9-458a-acf0-e8dfccd1c371,1,Biology,300,69.7,16.1,2.53,23.7,25.6,,53.3,0.0,stable,C,0
cce51635-cab9-458a-acf0-e8dfccd1c371,2,Biology,300,57.9,15.7,2.2,33.2,60.0,53.3,88.1,34.9,improving,A,0
ea0573cf-0230-47f7-83e4-7fe763ab5adb,1,Law,300,58.7,15.9,3.41,30.6,37.4,,74.0,0.0,stable,A,0
ea0573cf-0230-47f7-83e4-7fe763ab5adb,2,Law,300,76.8,5.9,2.8,24.3,50.7,74.0,73.1,-0.9,stable,A,0
ed289b6d-5d7a-42b2-8b29-e00d59b3e2c2,1,Biochemistry,200,82.4,9.6,2.51,21.9,42.9,,68.7,0.0,stable,B,0
ed289b6d-5d7a-42b2-8b29-e00d59b3e2c2,2,Biochemistry,200,61.3,4.3,3.64,19.0,47.5,68.7,63.8,-4.9,stable,B,0
2bf95e7c-eb75-41d2-a1f0-5f1d2b2292fa,1,Architecture,400,58.5,13.2,2.17,23.2,42.3,,58.2,0.0,stable,C,0
2bf95e7c-eb75-41d2-a1f0-5f1d2b2292fa,2,Architecture,400,99.6,12.2,1.97,29.8,47.6,58.2,79.2,21.0,improving,A,0
fe362460-ff4d-44b6-a328-298adf39de5d,1,Law,100,95.8,8.6,3.24,36.3,44.6,,84.2,0.0,stable,A,0
fe362460-ff4d-44b6-a328-298adf39de5d,2,Law,100,64.2,11.4,2.51,27.6,45.2,84.2,67.8,-16.4,declining,B,0
acb354f8-3d22-4cb5-b455-45b19f2b0ffc,1,Sociology,300,91.6,6.3,2.75,39.5,38.3,,78.9,0.0,stable,A,0
acb354f8-3d22-4cb5-b455-45b19f2b0ffc,2,Sociology,300,57.3,6.8,3.75,23.5,32.4,78.9,58.8,-20.1,declining,C,0
e4560c6e-1c85-4afe-9a88-3c5577726d18,1,Accounting,300,59.3,13.3,3.03,26.8,35.4,,60.5,0.0,stable,B,0
e4560c6e-1c85-4afe-9a88-3c5577726d18,2,Accounting,300,58.8,14.4,2.47,31.6,38.0,60.5,66.4,5.9,improving,B,0
732c8d24-6808-4a37-a77c-fda850811428,1,Electrical Engineering,300,71.4,9.9,3.81,27.4,37.0,,68.6,0.0,stable,B,0
732c8d24-6808-4a37-a77c-fda850811428,2,Electrical Engineering,300,82.6,20.3,4.01,27.1,57.4,68.6,89.1,20.5,improving,A,0
78987f29-c4b4-4091-9e13-2f91d9812bc4,1,Accounting,200,98.0,16.9,3.77,33.1,36.3,,68.3,0.0,stable,B,0
78987f29-c4b4-4091-9e13-2f91d9812bc4,2,Accounting,200,50.0,18.7,2.77,31.5,31.6,68.3,66.3,-2.0,stable,B,0
fc27275c-77a3-431f-b553-154aec01c8a8,1,Computer Engineering,100,67.6,5.6,4.3,34.1,39.7,,73.9,0.0,stable,A,0
fc27275c-77a3-431f-b553-154aec01c8a8,2,Computer Engineering,100,81.6,13.0,2.37,29.3,58.6,73.9,95.9,22.0,improving,A,0
86a8bf7c-098d-4987-a03b-a3ddb458d954,1,Economics,200,98.4,14.4,2.73,30.7,33.4,,62.5,0.0,stable,B,0
86a8bf7c-098d-4987-a03b-a3ddb458d954,2,Economics,200,100.0,21.0,3.6,30.2,56.1,62.5,85.6,23.2,improving,A,0
44f00689-8370-42b4-8543-eb972a022f9f,1,Economics,100,42.7,13.4,2.33,19.5,36.7,,54.8,0.0,stable,C,1
44f00689-8370-42b4-8543-eb972a022f9f,2,Economics,100,74.5,11.6,1.5,37.5,26.4,54.8,61.1,6.3,improving,B,0
b71d278a-d2cc-4310-9fcb-a65864913d2a,1,Biology,100,70.1,11.5,4.17,30.4,47.2,,78.4,0.0,stable,A,0
b71d278a-d2cc-4310-9fcb-a65864913d2a,2,Biology,100,78.5,13.5,1.45,29.4,49.2,78.4,90.5,12.1,improving,A,0
69555bc3-faaa-4e08-93ad-ae5a33a6ca76,1,Accounting,100,56.9,14.1,2.54,36.6,26.6,,65.1,0.0,stable,B,0
69555bc3-faaa-4e08-93ad-ae5a33a6ca76,2,Accounting,100,53.9,10.4,2.97,31.1,27.6,65.1,60.7,-4.4,stable,B,0
c78eb58c-8909-4cc2-8cde-84e312219033,1,Political Science,100,75.3,13.4,3.77,23.6,50.2,,72.1,0.0,stable,A,0
c78eb58c-8909-4cc2-8cde-84e312219033,2,Political Science,100,91.4,13.7,2.83,30.3,48.7,72.1,82.8,10.7,improving,A,0
b29fcc6c-3df7-48e7-b891-d74d47f59f22,1,Business Administration,200,67.0,6.3,3.56,21.2,23.6,,41.6,0.0,stable,F,1
b29fcc6c-3df7-48e7-b891-d74d47f59f22,2,Business Administration,200,68.8,5.3,1.45,23.1,38.1,41.6,57.4,15.8,improving,C,0
a49acaf5-8cd4-479c-a3f8-10ead87c1d38,1,Sociology,300,69.9,21.7,2.96,30.7,37.0,,74.2,0.0,stable,A,0
a49acaf5-8cd4-479c-a3f8-10ead87c1d38,2,Sociology,300,66.9,10.9,4.05,27.5,41.3,74.2,68.0,-6.2,declining,B,0
1291ef7a-33c7-4944-bd6c-3ef7fa2d2fd3,1,Economics,200,70.9,13.9,3.44,26.0,34.1,,58.3,0.0,stable,C,0
1291ef7a-33c7-4944-bd6c-3ef7fa2d2fd3,2,Economics,200,54.0,4.0,3.24,30.5,43.1,58.3,66.4,8.2,improving,B,0
f8a8b081-3e3a-4b10-be09-b61caccf09ff,1,Economics,200,71.3,6.5,3.11,27.2,41.8,,68.9,0.0,stable,B,0
f8a8b081-3e3a-4b10-be09-b61caccf09ff,2,Economics,200,46.6,7.2,3.0,24.8,22.1,68.9,42.2,-26.7,declining,F,1
146fb068-1cc6-497b-b0ab-ed0480d40954,1,Accounting,100,75.8,5.0,1.67,27.9,27.0,,52.3,0.0,stable,C,0
146fb068-1cc6-497b-b0ab-ed0480d40954,2,Accounting,100,64.4,12.1,2.42,28.2,34.7,52.3,63.4,11.1,improving,B,0
d32ca443-630b-4a1a-bacb-cd125b2871dc,1,Mechanical Engineering,200,88.2,16.2,4.03,36.8,47.0,,82.5,0.0,stable,A,0
d32ca443-630b-4a1a-bacb-cd125b2871dc,2,Mechanical Engineering,200,69.2,7.6,3.0,32.3,29.2,82.5,61.4,-21.1,declining,B,0
bc2677df-3848-4b10-841d-bd82b6a93acc,1,Medicine,200,64.8,13.0,2.56,24.3,32.6,,58.4,0.0,stable,C,0
bc2677df-3848-4b10-841d-bd82b6a93acc,2,Medicine,200,73.5,9.9,3.21,27.6,49.7,58.4,74.4,16.0,improving,A,0
389ba721-9bb6-46b6-a428-9dc36c23b26e,1,Business Administration,100,72.2,5.0,2.72,21.0,41.5,,64.8,0.0,stable,B,0
389ba721-9bb6-46b6-a428-9dc36c23b26e,2,Business Administration,100,86.8,12.1,2.3,28.4,53.6,64.8,86.2,21.4,improving,A,0
15e89962-ae7e-4a08-9679-0b116dca859f,1,Biochemistry,300,76.8,9.4,4.09,26.9,42.2,,73.2,0.0,stable,A,0
15e89962-ae7e-4a08-9679-0b116dca859f,2,Biochemistry,300,62.5,16.1,3.42,27.3,33.4,73.2,58.6,-14.6,declining,C,0
f3d12b30-0594-400b-a8a8-0910f9b514d3,1,Political Science,100,79.3,4.9,3.1,33.6,44.5,,73.9,0.0,stable,A,0
f3d12b30-0594-400b-a8a8-0910f9b514d3,2,Political Science,100,94.7,20.5,3.33,28.8,43.0,73.9,71.6,-2.3,stable,A,0
d4b1c8e7-2c42-411a-81d6-b18c767be352,1,Computer Science,300,79.1,12.1,3.22,30.4,42.8,,71.7,0.0,stable,A,0
d4b1c8e7-2c42-411a-81d6-b18c767be352,2,Computer Science,300,69.9,9.1,4.53,36.3,46.1,71.7,86.4,14.7,improving,A,0
c026b30a-828a-45b3-9a33-dd26db902789,1,Law,100,87.0,12.9,1.8,31.1,34.5,,62.1,0.0,stable,B,0
c026b30a-828a-45b3-9a33-dd26db902789,2,Law,100,52.7,14.5,3.26,19.7,34.4,62.1,57.6,-4.6,stable,C,0
b101ee7e-d427-45bb-827a-1196031c9b04,1,Mechanical Engineering,100,61.8,12.9,2.85,29.9,31.3,,61.5,0.0,stable,B,0
b101ee7e-d427-45bb-827a-1196031c9b04,2,Mechanical Engineering,100,77.5,13.2,3.06,32.2,60.0,61.5,99.9,38.4,improving,A,0
e5035a98-336f-496c-a29c-6a07c1dac365,1,Computer Engineering,100,65.4,0.4,3.48,29.0,42.9,,72.7,0.0,stable,A,0
e5035a98-336f-496c-a29c-6a07c1dac365,2,Computer Engineering,100,75.9,17.6,4.02,23.2,37.5,72.7,60.4,-12.3,declining,B,0
8477dc5e-8a39-42a2-81da-347597fcf4b6,1,Psychology,100,76.5,10.9,3.35,35.3,56.7,,93.7,0.0,stable,A,0
8477dc5e-8a39-42a2-81da-347597fcf4b6,2,Psychology,100,62.2,11.3,2.94,30.0,42.8,93.7,79.0,-14.7,declining,A,0
7c55c59f-3605-4461-b386-2a90221a7eb0,1,Architecture,100,68.1,13.9,4.88,25.7,46.2,,69.0,0.0,stable,B,0
7c55c59f-3605-4461-b386-2a90221a7eb0,2,Architecture,100,76.2,8.1,3.84,31.0,29.1,69.0,62.6,-6.4,declining,B,0
426ac016-a1d0-4796-acf0-50ce6a226cf6,1,Mechanical Engineering,300,77.7,16.8,2.08,32.4,48.9,,80.0,0.0,stable,A,0
426ac016-a1d0-4796-acf0-50ce6a226cf6,2,Mechanical Engineering,300,56.1,11.8,3.98,31.9,37.1,80.0,65.1,-14.9,declining,B,0
81aaa316-f12e-488a-b576-0d6fab7c08a2,1,Computer Science,200,68.5,9.7,3.36,28.2,31.1,,62.6,0.0,stable,B,0
81aaa316-f12e-488a-b576-0d6fab7c08a2,2,Computer Science,200,77.1,14.2,1.62,18.3,24.0,62.6,40.8,-21.7,declining,F,1
9cf99054-0bc7-44f0-99fb-7d571ff0b422,1,Architecture,200,83.6,0.3,4.27,32.6,47.4,,77.3,0.0,stable,A,0
9cf99054-0bc7-44f0-99fb-7d571ff0b422,2,Architecture,200,82.6,12.4,3.65,30.3,45.9,77.3,79.6,2.3,stable,A,0
01f6f0e2-656d-448c-b57a-fe3baa912aab,1,Economics,100,65.2,13.2,1.49,31.6,57.0,,84.8,0.0,stable,A,0
01f6f0e2-656d-448c-b57a-fe3baa912aab,2,Economics,100,73.6,16.4,3.03,30.6,38.9,84.8,68.1,-16.7,declining,B,0
e1631476-db14-4ca2-9b6b-50437292bbe2,1,Political Science,100,73.7,12.2,2.05,29.4,53.5,,81.7,0.0,stable,A,0
e1631476-db14-4ca2-9b6b-50437292bbe2,2,Political Science,100,56.4,11.2,2.43,19.6,39.3,81.7,56.7,-24.9,declining,C,0
2bae380a-904a-4d4a-88f6-cf8189ec7e40,1,Electrical Engineering,300,65.6,12.8,1.77,19.4,44.4,,58.0,0.0,stable,C,0
2bae380a-904a-4d4a-88f6-cf8189ec7e40,2,Electrical Engineering,300,60.3,3.0,2.61,29.2,33.5,58.0,69.9,11.9,improving,B,0
d62270bf-2117-4ae5-9e65-dece74a444cc,1,Business Administration,100,91.3,7.3,2.04,40.0,45.0,,86.7,0.0,stable,A,0
d62270bf-2117-4ae5-9e65-dece74a444cc,2,Business Administration,100,76.1,13.4,1.81,31.0,38.9,86.7,67.2,-19.5,declining,B,0
12f1915a-74e7-4f4e-b1e2-b969e3e0d291,1,Accounting,300,66.9,19.6,2.9,38.7,27.4,,64.5,0.0,stable,B,0
12f1915a-74e7-4f4e-b1e2-b969e3e0d291,2,Accounting,300,51.8,6.0,2.34,26.9,36.6,64.5,61.5,-3.1,stable,B,0
73556c15-c9e0-489f-b4cd-a53e6eb74da0,1,Psychology,200,41.6,19.4,2.77,17.7,47.1,,65.5,0.0,stable,B,1
73556c15-c9e0-489f-b4cd-a53e6eb74da0,2,Psychology,200,70.2,12.7,2.08,32.8,28.3,65.5,59.3,-6.2,declining,C,0
e89829e9-c33e-4abd-ae9a-c11661cf6f28,1,Psychology,300,84.7,18.0,4.27,37.2,43.2,,75.8,0.0,stable,A,0
e89829e9-c33e-4abd-ae9a-c11661cf6f28,2,Psychology,300,96.1,18.9,2.46,38.8,40.1,75.8,83.4,7.6,improving,A,0
0392a87e-1faa-42e8-a416-35bff8ea3904,1,Political Science,300,67.3,21.9,3.63,37.4,43.3,,81.9,0.0,stable,A,0
0392a87e-1faa-42e8-a416-35bff8ea3904,2,Political Science,300,60.5,16.2,3.72,39.1,48.8,81.9,90.1,8.2,improving,A,0
6286c31a-247a-4413-ae65-52b1a9b5fc19,1,Accounting,200,67.9,14.7,2.7,29.2,42.6,,70.8,0.0,stable,A,0
6286c31a-247a-4413-ae65-52b1a9b5fc19,2,Accounting,200,75.9,10.1,2.7,35.6,39.4,70.8,76.0,5.2,improving,A,0
8494790c-e0ee-4d6c-89f1-d4aeb5c8d78c,1,Mechanical Engineering,200,53.1,14.1,3.42,23.6,60.0,,76.8,0.0,stable,A,0
8494790c-e0ee-4d6c-89f1-d4aeb5c8d78c,2,Mechanical Engineering,200,86.8,15.6,3.43,33.2,48.5,76.8,84.3,7.6,improving,A,0
45714921-5b39-4074-94f9-fe98ad9f4c1b,1,Biochemistry,100,64.1,13.5,2.85,22.4,47.5,,68.2,0.0,stable,B,0
45714921-5b39-4074-94f9-fe98ad9f4c1b,2,Biochemistry,100,52.5,9.3,2.36,30.6,37.9,68.2,72.7,4.5,stable,A,0
8094bdd5-eb15-44b3-855a-3f8c56e8cbed,1,Sociology,300,65.0,16.4,5.0,29.8,55.3,,87.2,0.0,stable,A,0
8094bdd5-eb15-44b3-855a-3f8c56e8cbed,2,Sociology,300,53.7,14.9,3.25,24.4,33.3,87.2,59.8,-27.3,declining,C,0
6c332ef3-8b1d-485d-bf8a-c1b288e61b7d,1,Mechanical Engineering,200,60.4,22.7,3.09,21.0,42.2,,62.4,0.0,stable,B,0
6c332ef3-8b1d-485d-bf8a-c1b288e61b7d,2,Mechanical Engineering,200,100.0,7.6,2.91,32.3,41.2,62.4,72.0,9.6,improving,A,0
edc64ee6-0a4a-4bd1-9e56-584241c974a7,1,Business Administration,200,57.9,11.0,2.76,23.6,33.0,,60.2,0.0,stable,B,0
edc64ee6-0a4a-4bd1-9e56-584241c974a7,2,Business Administration,200,70.2,6.3,2.63,29.3,21.4,60.2,55.6,-4.6,stable,C,0
acfb4001-b3d6-4bb6-b865-974bd320b93d,1,Computer Science,300,88.0,19.2,3.31,22.1,60.0,,79.5,0.0,stable,A,0
acfb4001-b3d6-4bb6-b865-974bd320b93d,2,Computer Science,300,63.3,12.8,4.1,32.9,51.4,79.5,83.4,3.8,stable,A,0
a55c16ac-7aeb-4a13-ae92-5c85faa7cb0f,1,Psychology,300,70.1,13.7,2.9,33.5,48.9,,84.1,0.0,stable,A,0
a55c16ac-7aeb-4a13-ae92-5c85faa7cb0f,2,Psychology,300,37.1,12.6,2.91,23.3,32.3,84.1,51.6,-32.5,declining,C,1
99013888-af65-42be-bd7a-cba1a7af26ab,1,Biochemistry,100,81.9,10.2,3.46,28.0,53.4,,84.4,0.0,stable,A,0
99013888-af65-42be-bd7a-cba1a7af26ab,2,Biochemistry,100,79.5,10.9,3.68,32.9,42.6,84.4,78.5,-5.9,declining,A,0
db00755f-cfcd-41d9-80c6-8600973bd944,1,Sociology,300,96.4,5.7,2.16,30.4,18.4,,48.6,0.0,stable,D,0
db00755f-cfcd-41d9-80c6-8600973bd944,2,Sociology,300,84.0,11.9,2.57,37.4,40.0,48.6,78.5,29.9,improving,A,0
1f7f4ea9-010b-453a-9c66-049708de92c2,1,Law,400,92.3,11.4,4.65,31.2,60.0,,88.3,0.0,stable,A,0
1f7f4ea9-010b-453a-9c66-049708de92c2,2,Law,400,82.8,8.8,3.9,29.2,42.0,88.3,69.2,-19.1,declining,B,0
f9e7fa96-7313-4369-8a65-ac8725108273,1,Computer Science,200,89.1,8.7,4.35,27.8,26.5,,57.2,0.0,stable,C,0
f9e7fa96-7313-4369-8a65-ac8725108273,2,Computer Science,200,66.1,12.0,2.74,21.7,38.3,57.2,63.7,6.6,improving,B,0
14d47a46-dfaa-4ed4-8c9f-325a7d5f027e,1,Sociology,300,90.0,13.2,3.89,27.7,38.9,,67.8,0.0,stable,B,0
14d47a46-dfaa-4ed4-8c9f-325a7d5f027e,2,Sociology,300,73.0,10.8,2.04,19.2,44.9,67.8,64.9,-2.9,stable,B,0
78158cb7-8bc5-476d-b823-5d947fac9e32,1,Law,300,88.5,9.8,2.43,32.7,45.4,,77.5,0.0,stable,A,0
78158cb7-8bc5-476d-b823-5d947fac9e32,2,Law,300,87.0,7.0,2.87,32.1,48.0,77.5,80.7,3.2,stable,A,0
830561f2-08b7-47ee-940b-63e296b1990d,1,Biology,200,100.0,5.3,3.1,35.9,41.2,,74.6,0.0,stable,A,0
830561f2-08b7-47ee-940b-63e296b1990d,2,Biology,200,100.0,12.1,2.13,34.9,34.7,74.6,78.0,3.4,stable,A,0
685ec474-0e5c-4c80-abcb-ccec2c244f45,1,Law,200,90.7,12.2,2.91,37.9,49.6,,78.7,0.0,stable,A,0
685ec474-0e5c-4c80-abcb-ccec2c244f45,2,Law,200,84.6,12.1,1.95,36.3,60.0,78.7,98.0,19.3,improving,A,0
a92ed87d-255f-49c8-97b6-ce278676aaef,1,Business Administration,200,91.5,21.0,2.34,24.0,51.3,,74.5,0.0,stable,A,0
a92ed87d-255f-49c8-97b6-ce278676aaef,2,Business Administration,200,54.4,11.6,3.58,25.1,32.6,74.5,57.1,-17.5,declining,C,0
1aa8b1f3-bc64-4144-97ea-be02ff250c3c,1,Electrical Engineering,300,74.7,2.4,2.89,23.2,39.0,,57.6,0.0,stable,C,0
1aa8b1f3-bc64-4144-97ea-be02ff250c3c,2,Electrical Engineering,300,90.2,10.0,2.57,34.5,28.6,57.6,63.9,6.3,improving,B,0
9833021c-5a82-441c-90d3-ecaaa5e9a31f,1,Architecture,200,64.0,9.2,3.32,22.1,25.6,,48.4,0.0,stable,D,0
9833021c-5a82-441c-90d3-ecaaa5e9a31f,2,Architecture,200,74.6,12.8,3.26,30.2,46.8,48.4,77.3,28.8,improving,A,0
f98de9cd-bbff-4355-b4be-7633f14eb267,1,Accounting,100,44.9,3.3,4.54,24.0,45.9,,68.9,0.0,stable,B,1
f98de9cd-bbff-4355-b4be-7633f14eb267,2,Accounting,100,74.1,9.7,4.97,31.1,36.5,68.9,62.7,-6.2,declining,B,0
28275368-10eb-4917-9e0f-f1d4436747d6,1,Business Administration,300,100.0,11.2,3.6,39.3,35.6,,76.8,0.0,stable,A,0
28275368-10eb-4917-9e0f-f1d4436747d6,2,Business Administration,300,65.9,7.0,3.93,27.4,43.1,76.8,71.7,-5.1,declining,A,0
7be345ae-68eb-4f03-bad3-e97d06fcf4a6,1,Electrical Engineering,200,84.6,4.2,2.53,30.3,24.8,,56.3,0.0,stable,C,0
7be345ae-68eb-4f03-bad3-e97d06fcf4a6,2,Electrical Engineering,200,92.8,18.7,2.73,35.0,48.3,56.3,85.2,28.8,improving,A,0
7bf48b76-f329-4156-bb51-ce3c7250167a,1,Biochemistry,100,61.8,21.1,3.74,32.1,59.6,,93.3,0.0,stable,A,0
7bf48b76-f329-4156-bb51-ce3c7250167a,2,Biochemistry,100,59.6,11.3,1.68,29.0,34.7,93.3,63.6,-29.7,declining,B,0
e2b853d7-c276-45e3-93a4-a711f19ef700,1,Economics,200,93.1,9.7,2.8,33.7,19.1,,52.1,0.0,stable,C,0
e2b853d7-c276-45e3-93a4-a711f19ef700,2,Economics,200,37.7,9.1,3.68,24.8,32.9,52.1,57.8,5.7,improving,C,1
1cbd6565-6247-45a5-ab69-a3032a1050ed,1,Law,200,58.9,12.0,5.0,36.0,44.1,,80.6,0.0,stable,A,0
1cbd6565-6247-45a5-ab69-a3032a1050ed,2,Law,200,60.3,8.0,3.29,24.4,46.3,80.6,75.5,-5.1,declining,A,0
11b69ec9-6de4-4541-bb3c-785144b39974,1,Law,200,80.0,12.5,1.66,34.7,25.8,,59.3,0.0,stable,C,0
11b69ec9-6de4-4541-bb3c-785144b39974,2,Law,200,89.4,17.1,2.63,30.8,35.5,59.3,62.8,3.5,stable,B,0
4648976b-1ddd-4cde-a188-8b7bbe5193c4,1,Business Administration,100,65.5,3.9,3.55,30.1,40.5,,67.7,0.0,stable,B,0
4648976b-1ddd-4cde-a188-8b7bbe5193c4,2,Business Administration,100,57.1,12.3,3.05,25.7,37.0,67.7,67.8,0.1,stable,B,0
1f3fac62-aa46-452e-aba5-6dabe6eae489,1,Medicine,100,81.4,21.9,4.02,39.8,37.9,,79.5,0.0,stable,A,0
1f3fac62-aa46-452e-aba5-6dabe6eae489,2,Medicine,100,68.5,3.7,4.2,27.2,25.5,79.5,51.5,-28.0,declining,C,0
d4ae6f11-65a6-431c-ae78-a7f7d410aa11,1,Biochemistry,200,63.1,8.5,2.82,36.3,30.1,,71.3,0.0,stable,A,0
d4ae6f11-65a6-431c-ae78-a7f7d410aa11,2,Biochemistry,200,87.7,14.0,3.6,32.6,55.0,71.3,89.4,18.0,improving,A,0
7ee1ad31-8e59-4d54-afcb-2d9a5c40ecdb,1,Accounting,200,50.0,13.5,3.63,23.6,43.1,,64.9,0.0,stable,B,0
7ee1ad31-8e59-4d54-afcb-2d9a5c40ecdb,2,Accounting,200,54.3,4.2,1.77,29.2,6.7,64.9,33.9,-31.0,declining,F,1
8178eb84-6947-4a38-8ecc-082e34a121c1,1,Computer Engineering,300,63.5,10.6,1.51,29.7,22.9,,56.0,0.0,stable,C,0
8178eb84-6947-4a38-8ecc-082e34a121c1,2,Computer Engineering,300,65.7,11.5,3.0,29.4,39.6,56.0,67.7,11.7,improving,B,0
a0e37786-266f-411a-b30e-46009238f3d9,1,Biology,100,80.1,14.3,2.39,33.2,51.9,,87.2,0.0,stable,A,0
a0e37786-266f-411a-b30e-46009238f3d9,2,Biology,100,89.0,12.9,2.25,28.7,41.9,87.2,73.5,-13.7,declining,A,0
23abbdc3-4ad9-49a9-ad1f-86076634a23c,1,Computer Science,200,100.0,16.9,2.06,31.2,60.0,,90.5,0.0,stable,A,0
23abbdc3-4ad9-49a9-ad1f-86076634a23c,2,Computer Science,200,75.7,7.2,4.25,32.6,30.9,90.5,60.6,-30.0,declining,B,0
811daa6a-b675-422f-8ea8-834d45c22965,1,Law,100,79.6,12.2,3.67,33.7,38.4,,70.4,0.0,stable,A,0
811daa6a-b675-422f-8ea8-834d45c22965,2,Law,100,72.6,9.2,2.9,29.6,28.4,70.4,59.9,-10.5,declining,C,0
410550f3-0ff2-440d-9deb-4dba7e345f64,1,Accounting,100,69.4,7.8,2.72,30.1,36.8,,68.2,0.0,stable,B,0
410550f3-0ff2-440d-9deb-4dba7e345f64,2,Accounting,100,88.5,18.5,3.23,27.3,42.0,68.2,66.3,-1.9,stable,B,0
141069c1-ef31-41cb-98f0-72044c282740,1,Mechanical Engineering,300,100.0,21.9,3.52,39.3,50.2,,90.6,0.0,stable,A,0
141069c1-ef31-41cb-98f0-72044c282740,2,Mechanical Engineering,300,51.0,11.6,2.3,26.6,37.3,90.6,69.8,-20.9,declining,B,0
c33df3c7-6df7-497c-a5a2-3962a9fb97a4,1,Biology,300,88.7,13.4,2.79,40.0,39.9,,80.9,0.0,stable,A,0
c33df3c7-6df7-497c-a5a2-3962a9fb97a4,2,Biology,300,75.6,10.0,3.03,20.3,22.7,80.9,44.1,-36.8,declining,F,1
b0d58739-665c-41d7-a265-f5fc851fb2c5,1,Economics,100,98.5,13.7,2.42,27.5,47.5,,73.3,0.0,stable,A,0
b0d58739-665c-41d7-a265-f5fc851fb2c5,2,Economics,100,84.6,13.9,3.38,32.1,45.6,73.3,77.3,4.0,stable,A,0
b9ca9d5c-f9e7-4aef-8a2d-06f51c747a44,1,Architecture,200,65.5,7.2,1.09,27.2,47.5,,76.9,0.0,stable,A,0
b9ca9d5c-f9e7-4aef-8a2d-06f51c747a44,2,Architecture,200,78.4,8.3,3.8,30.1,54.3,76.9,81.4,4.6,stable,A,0
69d8f1cf-a006-44b5-bdcb-c7ce0956010b,1,Accounting,200,63.8,7.8,1.81,23.1,35.2,,56.1,0.0,stable,C,0
69d8f1cf-a006-44b5-bdcb-c7ce0956010b,2,Accounting,200,20.0,17.4,1.65,21.9,41.0,56.1,69.3,13.2,improving,B,1
810a7c19-98d2-4971-9c7a-953b6ac7f33c,1,Business Administration,100,90.0,9.5,2.44,40.0,21.9,,62.5,0.0,stable,B,0
810a7c19-98d2-4971-9c7a-953b6ac7f33c,2,Business Administration,100,73.0,10.3,3.28,30.6,43.5,62.5,74.5,12.0,improving,A,0
7d847341-6a72-4094-b0b3-541069e20a3e,1,Mechanical Engineering,100,81.3,12.5,2.47,31.3,31.7,,60.6,0.0,stable,B,0
7d847341-6a72-4094-b0b3-541069e20a3e,2,Mechanical Engineering,100,70.0,11.4,3.03,33.6,34.2,60.6,68.4,7.7,improving,B,0
3926ae6f-062c-4ee5-ad5f-2513aa5edc5b,1,Biology,100,76.8,9.0,3.06,35.4,39.4,,75.4,0.0,stable,A,0
3926ae6f-062c-4ee5-ad5f-2513aa5edc5b,2,Biology,100,64.4,21.8,2.48,19.5,54.2,75.4,73.4,-2.1,stable,A,0
78ef767b-392c-452c-ad89-352a0cca43c7,1,Biology,200,70.5,9.3,4.5,30.9,46.1,,77.5,0.0,stable,A,0
78ef767b-392c-452c-ad89-352a0cca43c7,2,Biology,200,79.1,19.0,2.8,23.5,52.8,77.5,77.9,0.4,stable,A,0
5ee2919c-8b2c-452c-89e5-b25bd4a9af08,1,Biochemistry,100,76.6,14.4,2.7,30.4,39.3,,68.0,0.0,stable,B,0
5ee2919c-8b2c-452c-89e5-b25bd4a9af08,2,Biochemistry,100,92.8,4.9,4.89,38.0,20.5,68.0,57.8,-10.2,declining,C,0
abbe3cab-aae8-491e-be84-ab325d12097e,1,Biology,300,72.5,14.0,2.21,29.7,38.2,,65.6,0.0,stable,B,0
abbe3cab-aae8-491e-be84-ab325d12097e,2,Biology,300,61.8,16.6,1.64,29.8,48.1,65.6,77.2,11.6,improving,A,0
b4f50fc7-cc59-46dc-8b2b-58362fca1805,1,Biology,100,75.8,17.8,2.44,27.1,37.6,,68.3,0.0,stable,B,0
b4f50fc7-cc59-46dc-8b2b-58362fca1805,2,Biology,100,94.4,5.0,3.8,38.0,51.7,68.3,90.9,22.6,improving,A,0
a383476f-8064-49d8-9e97-be2a2bc51c43,1,Law,200,74.3,17.7,3.56,40.0,54.4,,94.8,0.0,stable,A,0
a383476f-8064-49d8-9e97-be2a2bc51c43,2,Law,200,57.4,9.1,1.85,25.4,44.5,94.8,69.9,-25.0,declining,B,0
bad8ae94-dd7b-4e70-b0ce-5d467c26062d,1,Economics,200,90.3,13.7,2.68,33.5,44.9,,78.8,0.0,stable,A,0
bad8ae94-dd7b-4e70-b0ce-5d467c26062d,2,Economics,200,77.3,8.2,2.65,40.0,48.4,78.8,84.0,5.2,improving,A,0
0557a659-0372-457a-b9f5-d8a976eae548,1,Political Science,200,39.5,12.4,3.71,20.3,51.5,,72.0,0.0,stable,A,1
0557a659-0372-457a-b9f5-d8a976eae548,2,Political Science,200,72.6,15.8,2.57,28.1,48.1,72.0,76.1,4.1,stable,A,0
6b4f0b79-9999-4ecd-89be-c4ffefb46403,1,Law,400,100.0,15.5,3.5,34.8,51.8,,85.6,0.0,stable,A,0
6b4f0b79-9999-4ecd-89be-c4ffefb46403,2,Law,400,79.2,7.4,3.83,32.3,57.8,85.6,97.3,11.7,improving,A,0
0ffda1d3-44e3-4636-ac5b-ab7e02eed5a7,1,Economics,300,86.4,12.3,2.24,36.8,40.4,,78.8,0.0,stable,A,0
0ffda1d3-44e3-4636-ac5b-ab7e02eed5a7,2,Economics,300,100.0,7.9,2.26,33.8,43.4,78.8,78.8,0.0,stable,A,0
99f8a201-4ef9-46d3-9b18-917155e5846f,1,Medicine,300,61.6,15.8,2.04,23.1,39.2,,60.7,0.0,stable,B,0
99f8a201-4ef9-46d3-9b18-917155e5846f,2,Medicine,300,88.3,13.4,4.41,31.4,42.2,60.7,77.3,16.6,improving,A,0
1b3cd671-3545-487c-b90a-7369633673b7,1,Business Administration,200,73.6,19.5,3.43,18.0,57.5,,78.2,0.0,stable,A,0
1b3cd671-3545-487c-b90a-7369633673b7,2,Business Administration,200,89.3,2.4,2.47,29.9,23.3,78.2,58.4,-19.8,declining,C,0
390b4ed0-bf6e-4e1a-bf87-f4adc5f75a8a,1,Economics,200,74.8,11.8,3.44,32.8,7.0,,37.8,0.0,stable,F,1
390b4ed0-bf6e-4e1a-bf87-f4adc5f75a8a,2,Economics,200,53.8,14.0,2.77,25.8,19.8,37.8,44.7,6.8,improving,F,1
ce309c45-3d55-4d7b-a111-cb3543bfd8e4,1,Architecture,100,91.7,19.0,3.58,26.7,58.3,,87.2,0.0,stable,A,0
ce309c45-3d55-4d7b-a111-cb3543bfd8e4,2,Architecture,100,73.2,1.9,3.76,26.7,37.3,87.2,64.2,-23.0,declining,B,0
fc2a7251-b3de-4bc3-902b-53d6d0448965,1,Political Science,300,98.1,11.4,2.99,40.0,32.5,,75.0,0.0,stable,A,0
fc2a7251-b3de-4bc3-902b-53d6d0448965,2,Political Science,300,72.0,7.0,3.0,32.9,49.5,75.0,86.8,11.9,improving,A,0
f29b975c-4e2d-427b-b489-514bc97c6d64,1,Architecture,300,70.6,7.1,2.75,23.2,33.4,,55.5,0.0,stable,C,0
f29b975c-4e2d-427b-b489-514bc97c6d64,2,Architecture,300,85.9,1.0,2.41,28.6,42.4,55.5,67.6,12.1,improving,B,0
fe5ab991-da05-46c0-941c-2267b788bd77,1,Biochemistry,100,78.4,11.4,3.83,33.7,42.0,,74.0,0.0,stable,A,0
fe5ab991-da05-46c0-941c-2267b788bd77,2,Biochemistry,100,47.2,13.2,3.42,16.6,29.0,74.0,46.3,-27.7,declining,D,1
349787c6-2b17-4c27-a6d5-efad82277f88,1,Medicine,300,80.1,7.0,2.54,21.8,48.9,,66.8,0.0,stable,B,0
349787c6-2b17-4c27-a6d5-efad82277f88,2,Medicine,300,83.1,11.8,4.03,27.7,42.1,66.8,64.7,-2.1,stable,B,0
677ae2f4-5f6a-43a3-8c1a-3d3c5ca7c095,1,Law,100,45.9,15.0,1.57,23.0,49.0,,74.2,0.0,stable,A,1
677ae2f4-5f6a-43a3-8c1a-3d3c5ca7c095,2,Law,100,65.0,4.1,3.41,34.7,28.1,74.2,60.4,-13.8,declining,B,0
297b12d7-6d29-4959-853f-01f8350c2c3e,1,Psychology,100,67.1,14.9,3.98,22.2,28.6,,57.8,0.0,stable,C,0
297b12d7-6d29-4959-853f-01f8350c2c3e,2,Psychology,100,72.3,13.3,2.45,31.9,49.0,57.8,81.8,23.9,improving,A,0
a8102ef9-5e67-4483-a0ad-d4dc0be6c90f,1,Biology,100,100.0,10.4,2.79,36.2,42.6,,79.5,0.0,stable,A,0
a8102ef9-5e67-4483-a0ad-d4dc0be6c90f,2,Biology,100,55.7,13.6,2.7,23.2,40.4,79.5,60.8,-18.7,declining,B,0
3b1b963b-f91a-4569-82bf-26d61568bb82,1,Computer Science,200,58.0,0.0,4.4,29.4,32.6,,60.0,0.0,stable,C,0
3b1b963b-f91a-4569-82bf-26d61568bb82,2,Computer Science,200,31.9,8.4,3.57,26.1,44.5,60.0,71.1,11.1,improving,A,1
63cb4732-9233-40f7-98dc-d7d0afb994dc,1,Economics,300,94.6,10.4,3.87,32.0,31.3,,60.3,0.0,stable,B,0
63cb4732-9233-40f7-98dc-d7d0afb994dc,2,Economics,300,59.0,15.3,2.41,21.6,47.9,60.3,70.5,10.2,improving,A,0
028f051c-0851-4db7-b687-920dc272f3c9,1,Psychology,300,89.4,14.6,2.4,33.3,41.4,,72.0,0.0,stable,A,0
028f051c-0851-4db7-b687-920dc272f3c9,2,Psychology,300,58.4,8.6,4.63,24.6,52.7,72.0,75.9,4.0,stable,A,0
3bd0c2a6-9bd1-44e0-81a1-b302ee0e1d57,1,Law,300,88.3,16.5,3.76,34.6,58.1,,93.8,0.0,stable,A,0
3bd0c2a6-9bd1-44e0-81a1-b302ee0e1d57,2,Law,300,100.0,3.9,3.28,36.4,25.0,93.8,63.1,-30.7,declining,B,0
a4183ffd-93d2-4d44-9841-84544b3e518b,1,Electrical Engineering,100,52.6,8.7,1.4,33.3,31.7,,71.5,0.0,stable,A,0
a4183ffd-93d2-4d44-9841-84544b3e518b,2,Electrical Engineering,100,87.0,14.2,2.53,27.2,45.5,71.5,72.4,0.9,stable,A,0
08fa71a3-27c4-4670-9ee0-073f5df8514f,1,Medicine,200,54.9,4.4,2.23,35.1,54.8,,90.5,0.0,stable,A,0
08fa71a3-27c4-4670-9ee0-073f5df8514f,2,Medicine,200,77.2,10.3,2.25,37.3,55.6,90.5,90.3,-0.2,stable,A,0
5c75769d-29b6-489a-89ad-402a90c3a5bf,1,Law,200,73.8,9.8,2.66,35.7,24.2,,61.3,0.0,stable,B,0
5c75769d-29b6-489a-89ad-402a90c3a5bf,2,Law,200,85.9,11.3,3.71,32.9,52.7,61.3,81.0,19.8,improving,A,0
f667cd7c-acc9-4030-8dbe-3206f142127e,1,Architecture,300,69.8,11.6,0.86,23.5,26.9,,53.3,0.0,stable,C,0
f667cd7c-acc9-4030-8dbe-3206f142127e,2,Architecture,300,64.4,7.9,3.65,19.8,17.2,53.3,36.0,-17.3,declining,F,1
5dfc3c7b-db39-4c19-a0c7-b8fc09ff3ffa,1,Business Administration,200,53.3,5.0,3.46,30.0,43.3,,76.7,0.0,stable,A,0
5dfc3c7b-db39-4c19-a0c7-b8fc09ff3ffa,2,Business Administration,200,93.6,1.4,3.36,31.1,25.2,76.7,58.0,-18.7,declining,C,0
11fcc568-c554-4273-8d96-439882904fa0,1,Biology,300,49.0,3.2,3.51,27.2,35.7,,60.3,0.0,stable,B,1
11fcc568-c554-4273-8d96-439882904fa0,2,Biology,300,86.2,15.4,3.07,26.3,37.9,60.3,66.7,6.4,improving,B,0
e2a99efe-74bf-4807-94df-709a9e89a8f3,1,Biology,200,94.9,10.4,2.8,33.2,40.8,,72.2,0.0,stable,A,0
e2a99efe-74bf-4807-94df-709a9e89a8f3,2,Biology,200,31.6,18.0,4.44,18.3,36.0,72.2,53.9,-18.3,declining,C,1
a02bd146-face-4df7-87c5-6356998a5805,1,Architecture,200,72.2,17.0,3.04,25.5,30.0,,58.1,0.0,stable,C,0
a02bd146-face-4df7-87c5-6356998a5805,2,Architecture,200,84.0,17.3,2.23,40.0,24.4,58.1,66.5,8.4,improving,B,0
81731442-2007-4fa1-899c-6111f4282677,1,Biology,200,46.4,8.0,4.25,28.4,33.8,,60.7,0.0,stable,B,1
81731442-2007-4fa1-899c-6111f4282677,2,Biology,200,76.5,14.6,4.0,28.0,27.3,60.7,55.8,-4.9,stable,C,0
c7e412c5-6dd0-47b0-ba0b-350108039f59,1,Electrical Engineering,100,68.1,5.5,3.24,27.6,38.5,,63.3,0.0,stable,B,0
c7e412c5-6dd0-47b0-ba0b-350108039f59,2,Electrical Engineering,100,82.3,5.4,2.34,30.2,51.0,63.3,83.6,20.2,improving,A,0
d69366e8-91a1-4323-9205-87a81e8b78f0,1,Biology,300,91.2,19.1,5.0,33.4,60.0,,96.5,0.0,stable,A,0
d69366e8-91a1-4323-9205-87a81e8b78f0,2,Biology,300,89.9,20.9,2.66,30.5,48.4,96.5,78.4,-18.1,declining,A,0
97172a9d-7369-4cc7-9eeb-ff68abfba848,1,Architecture,200,79.8,19.8,2.62,29.4,46.1,,74.9,0.0,stable,A,0
97172a9d-7369-4cc7-9eeb-ff68abfba848,2,Architecture,200,46.3,9.1,3.55,31.4,27.1,74.9,55.0,-19.9,declining,C,1
8d89807b-9cde-4417-90a4-d2bea4567a13,1,Biochemistry,300,75.5,1.6,2.64,21.4,45.1,,64.2,0.0,stable,B,0
8d89807b-9cde-4417-90a4-d2bea4567a13,2,Biochemistry,300,99.8,17.6,2.48,29.6,40.6,64.2,69.9,5.6,improving,B,0
84d1417b-e922-4329-a8db-10f2e66a9a87,1,Sociology,100,80.2,8.1,3.6,32.4,34.6,,64.8,0.0,stable,B,0
84d1417b-e922-4329-a8db-10f2e66a9a87,2,Sociology,100,72.2,7.9,3.05,29.9,39.4,64.8,74.5,9.7,improving,A,0
bee99c32-a401-489c-af55-8ef72daf5326,1,Economics,100,73.0,17.0,3.18,28.4,42.3,,70.6,0.0,stable,A,0
bee99c32-a401-489c-af55-8ef72daf5326,2,Economics,100,79.2,7.2,1.83,34.1,42.8,70.6,79.1,8.6,improving,A,0
e569906c-eac9-4e85-9b7b-f37080db472b,1,Accounting,100,77.3,15.8,3.57,34.4,34.9,,66.0,0.0,stable,B,0
e569906c-eac9-4e85-9b7b-f37080db472b,2,Accounting,100,69.2,11.9,2.81,19.5,56.3,66.0,75.0,9.0,improving,A,0
4a406b1e-73c3-473c-872d-49887d6b93a4,1,Accounting,300,77.6,18.2,1.12,28.0,36.4,,63.3,0.0,stable,B,0
4a406b1e-73c3-473c-872d-49887d6b93a4,2,Accounting,300,72.4,19.2,3.54,34.3,46.3,63.3,76.4,13.0,improving,A,0
536e47b2-7156-4aa2-a9d2-9cc3012f7e50,1,Computer Science,100,43.8,4.4,3.29,23.9,32.6,,55.4,0.0,stable,C,1
536e47b2-7156-4aa2-a9d2-9cc3012f7e50,2,Computer Science,100,100.0,7.9,3.74,35.0,37.5,55.4,76.0,20.6,improving,A,0
cfb0f012-9601-4d92-a5f1-bf1d80d46829,1,Law,200,96.9,10.8,3.64,36.2,40.1,,76.9,0.0,stable,A,0
cfb0f012-9601-4d92-a5f1-bf1d80d46829,2,Law,200,64.7,10.5,2.54,32.4,36.6,76.9,65.1,-11.7,declining,B,0
9c65b25c-1115-4c4a-a684-e161b770ff6e,1,Accounting,300,64.1,0.0,2.6,28.0,28.8,,62.8,0.0,stable,B,0
9c65b25c-1115-4c4a-a684-e161b770ff6e,2,Accounting,300,83.6,14.7,1.69,29.9,34.0,62.8,61.5,-1.3,stable,B,0
d4b00cc8-b0b0-4530-b5d6-df456e6cc30f,1,Mechanical Engineering,100,63.0,3.0,1.98,32.0,29.6,,60.1,0.0,stable,B,0
d4b00cc8-b0b0-4530-b5d6-df456e6cc30f,2,Mechanical Engineering,100,74.9,17.8,3.0,32.7,35.3,60.1,66.1,6.0,improving,B,0
63c50a72-5bf5-4c9e-9dc0-f16ae61e9efd,1,Biology,100,80.3,21.5,4.14,34.0,50.1,,88.3,0.0,stable,A,0
63c50a72-5bf5-4c9e-9dc0-f16ae61e9efd,2,Biology,100,86.9,0.5,2.16,34.1,11.8,88.3,43.2,-45.1,declining,F,1
ef69a64b-7734-4653-a905-9f3fb340d279,1,Computer Science,100,64.5,10.7,2.77,26.5,46.4,,72.1,0.0,stable,A,0
ef69a64b-7734-4653-a905-9f3fb340d279,2,Computer Science,100,69.2,5.3,3.82,25.5,25.5,72.1,51.6,-20.5,declining,C,0
75e935ae-87cb-44d3-a124-a12d98296c51,1,Economics,200,63.5,9.4,3.21,26.1,60.0,,85.8,0.0,stable,A,0
75e935ae-87cb-44d3-a124-a12d98296c51,2,Economics,200,84.3,2.3,2.31,26.4,21.7,85.8,49.4,-36.5,declining,D,0
5e3d39fc-83ea-4dd3-a0ee-53ed25bf9f39,1,Medicine,100,90.5,13.7,2.82,30.0,51.6,,87.7,0.0,stable,A,0
5e3d39fc-83ea-4dd3-a0ee-53ed25bf9f39,2,Medicine,100,77.0,16.7,3.27,34.2,31.8,87.7,64.5,-23.2,declining,B,0
443016e3-a235-4345-a7e6-434c8fb4241d,1,Psychology,300,80.9,18.1,2.35,21.0,37.6,,61.7,0.0,stable,B,0
443016e3-a235-4345-a7e6-434c8fb4241d,2,Psychology,300,51.2,6.1,3.12,24.7,41.6,61.7,62.5,0.9,stable,B,0
b3b0c7fe-2794-4d61-9e2d-82ddd469a029,1,Sociology,300,70.1,18.0,2.05,36.4,31.3,,70.2,0.0,stable,A,0
b3b0c7fe-2794-4d61-9e2d-82ddd469a029,2,Sociology,300,69.4,6.3,2.6,31.6,34.6,70.2,69.6,-0.6,stable,B,0
a75f7857-70d1-4514-b0fb-f7083fe57359,1,Biochemistry,200,96.5,6.1,1.99,27.8,24.3,,55.4,0.0,stable,C,0
a75f7857-70d1-4514-b0fb-f7083fe57359,2,Biochemistry,200,83.4,9.3,2.99,38.7,56.7,55.4,96.2,40.7,improving,A,0
03a74256-731a-4143-aa7c-c37bed75b9eb,1,Sociology,200,35.1,13.5,3.75,23.1,49.4,,73.6,0.0,stable,A,1
03a74256-731a-4143-aa7c-c37bed75b9eb,2,Sociology,200,56.5,7.6,2.74,31.6,28.2,73.6,61.2,-12.4,declining,B,0
a9b945e5-d194-4e65-84af-a7e0228d4b6c,1,Computer Science,100,79.6,19.9,2.97,22.1,51.6,,80.2,0.0,stable,A,0
a9b945e5-d194-4e65-84af-a7e0228d4b6c,2,Computer Science,100,85.7,8.1,2.13,27.4,55.1,80.2,81.5,1.3,stable,A,0
b92b4217-58b2-42b4-895d-57a7ec524368,1,Economics,300,65.1,11.2,2.75,35.9,28.4,,67.7,0.0,stable,B,0
b92b4217-58b2-42b4-895d-57a7ec524368,2,Economics,300,76.8,18.0,4.27,30.8,43.3,67.7,74.3,6.5,improving,A,0
e9a4535a-1de0-4ec5-8c6b-3a3ca8b1897d,1,Law,100,73.6,3.7,4.24,30.9,24.5,,49.2,0.0,stable,D,0
e9a4535a-1de0-4ec5-8c6b-3a3ca8b1897d,2,Law,100,40.1,15.9,2.5,20.7,46.2,49.2,65.4,16.2,improving,B,1
1a0be81b-fcf0-460a-b539-b9f6b77c27fc,1,Computer Science,300,83.2,12.5,2.93,23.8,31.6,,57.2,0.0,stable,C,0
1a0be81b-fcf0-460a-b539-b9f6b77c27fc,2,Computer Science,300,64.8,18.0,4.88,31.2,60.0,57.2,93.4,36.2,improving,A,0
1a32922b-6e21-433e-8e77-9680c59381e2,1,Biology,200,67.0,13.0,4.61,25.8,33.1,,55.5,0.0,stable,C,0
1a32922b-6e21-433e-8e77-9680c59381e2,2,Biology,200,71.7,7.0,4.34,30.4,48.4,55.5,77.9,22.4,improving,A,0
118492f6-fb58-4e3f-8279-f8316ca0e3bf,1,Economics,200,57.9,5.5,2.27,28.3,38.6,,68.8,0.0,stable,B,0
118492f6-fb58-4e3f-8279-f8316ca0e3bf,2,Economics,200,52.7,12.0,2.18,27.5,42.7,68.8,66.7,-2.0,stable,B,0
4b9a12ae-438b-4bc2-ad56-668a6427fcf3,1,Computer Science,300,89.5,23.7,3.67,32.1,46.1,,77.6,0.0,stable,A,0
4b9a12ae-438b-4bc2-ad56-668a6427fcf3,2,Computer Science,300,63.6,13.3,2.09,18.3,40.8,77.6,59.2,-18.4,declining,C,0
0ca041b1-17fe-4c86-a891-f07f97836ccf,1,Accounting,300,66.4,5.6,3.23,23.3,34.1,,62.7,0.0,stable,B,0
0ca041b1-17fe-4c86-a891-f07f97836ccf,2,Accounting,300,84.8,5.2,1.98,32.7,18.9,62.7,45.6,-17.1,declining,D,0
14add9f0-8c57-42ec-ab68-a49cc88d76f7,1,Sociology,200,83.0,13.6,3.36,32.9,40.8,,71.7,0.0,stable,A,0
14add9f0-8c57-42ec-ab68-a49cc88d76f7,2,Sociology,200,82.7,19.6,2.6,26.4,32.9,71.7,56.7,-15.0,declining,C,0
9eb5618e-5231-4784-97a1-9392739cd13e,1,Political Science,100,78.0,1.3,3.35,33.8,14.7,,45.5,0.0,stable,D,0
9eb5618e-5231-4784-97a1-9392739cd13e,2,Political Science,100,76.2,11.3,3.42,29.5,52.5,45.5,81.1,35.6,improving,A,0
d31245f1-4a4d-4b71-bbce-53b6f431f5aa,1,Computer Engineering,100,60.3,6.7,3.59,27.2,43.3,,72.3,0.0,stable,A,0
d31245f1-4a4d-4b71-bbce-53b6f431f5aa,2,Computer Engineering,100,44.7,6.3,2.18,19.9,29.7,72.3,52.5,-19.8,declining,C,1
53213588-3144-4b42-a872-aa0cab42b1c6,1,Economics,100,93.0,10.5,2.8,30.1,39.0,,69.7,0.0,stable,B,0
53213588-3144-4b42-a872-aa0cab42b1c6,2,Economics,100,87.1,16.0,1.16,31.7,52.6,69.7,82.9,13.2,improving,A,0
8d8ef818-150f-4a5c-9924-3d7088ebad51,1,Mechanical Engineering,100,92.1,10.5,3.14,27.7,27.8,,57.7,0.0,stable,C,0
8d8ef818-150f-4a5c-9924-3d7088ebad51,2,Mechanical Engineering,100,88.2,12.1,2.02,32.9,50.3,57.7,88.4,30.7,improving,A,0
87b5322b-b512-4a7d-81eb-9242f75c2461,1,Psychology,300,70.2,3.7,3.67,27.7,44.4,,72.9,0.0,stable,A,0
87b5322b-b512-4a7d-81eb-9242f75c2461,2,Psychology,300,61.7,12.3,4.05,26.6,31.5,72.9,53.4,-19.6,declining,C,0
3d743fd6-e4d3-4cbe-9ad7-9633278de1cb,1,Business Administration,200,63.4,9.9,3.66,22.1,55.0,,73.0,0.0,stable,A,0
3d743fd6-e4d3-4cbe-9ad7-9633278de1cb,2,Business Administration,200,100.0,20.6,3.11,26.8,45.4,73.0,71.0,-2.0,stable,A,0
38447c40-3aa6-4e2b-829c-f0d11c437338,1,Business Administration,200,55.9,13.5,2.34,22.6,37.3,,58.1,0.0,stable,C,0
38447c40-3aa6-4e2b-829c-f0d11c437338,2,Business Administration,200,100.0,9.3,3.35,35.7,41.9,58.1,78.9,20.8,improving,A,0
a42b07a9-39cf-4350-8d7d-f12b724650f7,1,Computer Engineering,200,88.2,13.3,3.18,32.9,39.5,,69.7,0.0,stable,B,0
a42b07a9-39cf-4350-8d7d-f12b724650f7,2,Computer Engineering,200,74.1,13.2,3.32,30.7,38.7,69.7,69.3,-0.4,stable,B,0
7c92b3d2-eb72-4d53-ba3f-9c077230baa8,1,Law,400,66.7,13.6,2.82,29.2,50.3,,77.5,0.0,stable,A,0
7c92b3d2-eb72-4d53-ba3f-9c077230baa8,2,Law,400,84.0,12.2,4.62,30.7,49.9,77.5,80.6,3.2,stable,A,0
bb5861e8-cdca-4ccb-bb07-9acef5e61f90,1,Psychology,100,54.2,9.4,3.7,23.7,16.9,,40.5,0.0,stable,F,1
bb5861e8-cdca-4ccb-bb07-9acef5e61f90,2,Psychology,100,58.6,12.7,4.24,30.6,57.9,40.5,86.8,46.3,improving,A,0
4f5623a6-376c-415e-91d3-ddc16ffd2f66,1,Biology,100,72.9,6.8,2.45,24.9,21.7,,50.7,0.0,stable,C,0
4f5623a6-376c-415e-91d3-ddc16ffd2f66,2,Biology,100,43.6,18.9,4.0,26.2,35.3,50.7,56.8,6.1,improving,C,1
7f409de5-d889-4f04-9320-846dd9fc6ce5,1,Business Administration,300,66.8,15.1,3.0,23.1,53.3,,81.5,0.0,stable,A,0
7f409de5-d889-4f04-9320-846dd9fc6ce5,2,Business Administration,300,71.6,12.5,1.79,27.2,42.7,81.5,71.0,-10.5,declining,A,0
223e3621-f309-43c1-ad97-53accab8c3a1,1,Accounting,100,67.4,10.6,2.64,27.1,42.1,,63.3,0.0,stable,B,0
223e3621-f309-43c1-ad97-53accab8c3a1,2,Accounting,100,73.9,13.7,2.54,27.4,35.4,63.3,61.3,-1.9,stable,B,0
f2e1e19a-a0e2-43f7-bd36-2f123aad6c2e,1,Sociology,300,75.1,12.6,1.32,33.3,33.8,,72.9,0.0,stable,A,0
f2e1e19a-a0e2-43f7-bd36-2f123aad6c2e,2,Sociology,300,57.1,7.7,2.84,28.5,16.6,72.9,42.6,-30.2,declining,F,1
d194953c-2715-4fd9-a9d4-7fc43874aa45,1,Political Science,100,83.9,7.3,4.1,29.5,29.4,,60.7,0.0,stable,B,0
d194953c-2715-4fd9-a9d4-7fc43874aa45,2,Political Science,100,99.1,14.1,4.01,40.0,33.9,60.7,76.7,16.0,improving,A,0
6cfe22ae-951c-460e-aea3-76f420a081c0,1,Computer Engineering,200,52.1,14.1,2.94,31.6,52.7,,86.1,0.0,stable,A,0
6cfe22ae-951c-460e-aea3-76f420a081c0,2,Computer Engineering,200,79.5,14.5,3.05,30.6,55.9,86.1,91.2,5.1,improving,A,0
63050ae7-ddc4-4d2f-bfc3-5aaf88d22f3a,1,Law,400,72.9,13.2,3.07,21.5,37.2,,63.5,0.0,stable,B,0
63050ae7-ddc4-4d2f-bfc3-5aaf88d22f3a,2,Law,400,63.8,22.6,3.94,29.8,54.6,63.5,81.6,18.1,improving,A,0
5ecdba53-0a99-4b59-815c-e3709e8406fd,1,Economics,200,71.0,19.2,2.51,34.5,30.0,,60.9,0.0,stable,B,0
5ecdba53-0a99-4b59-815c-e3709e8406fd,2,Economics,200,100.0,11.9,2.57,40.0,51.1,60.9,93.9,33.0,improving,A,0
b20b4435-717b-419e-b583-155f80970338,1,Computer Science,300,66.5,10.6,3.25,31.8,34.0,,66.2,0.0,stable,B,0
b20b4435-717b-419e-b583-155f80970338,2,Computer Science,300,79.0,18.4,3.6,23.3,43.2,66.2,63.7,-2.5,stable,B,0
473d3180-63a9-44b4-85e8-7f4ea7da7705,1,Computer Science,300,83.5,16.6,3.08,30.4,43.7,,74.7,0.0,stable,A,0
473d3180-63a9-44b4-85e8-7f4ea7da7705,2,Computer Science,300,65.4,5.9,1.36,34.4,36.9,74.7,72.4,-2.3,stable,A,0
52cd2baf-7227-4f3c-a358-7a2ce55a482d,1,Electrical Engineering,100,94.0,5.7,1.61,35.7,35.2,,65.8,0.0,stable,B,0
52cd2baf-7227-4f3c-a358-7a2ce55a482d,2,Electrical Engineering,100,80.4,10.0,2.35,29.4,12.4,65.8,40.1,-25.7,declining,F,1
2559f0c8-fb3b-4544-9e3c-485f839c1815,1,Architecture,400,64.4,14.8,2.87,31.1,15.8,,44.4,0.0,stable,F,1
2559f0c8-fb3b-4544-9e3c-485f839c1815,2,Architecture,400,83.3,10.5,3.68,22.6,47.1,44.4,67.9,23.5,improving,B,0
896ffac7-a02a-4d58-90dd-570252427753,1,Sociology,200,64.0,17.0,3.93,33.0,60.0,,96.8,0.0,stable,A,0
896ffac7-a02a-4d58-90dd-570252427753,2,Sociology,200,63.1,12.7,2.71,37.8,50.5,96.8,87.7,-9.0,declining,A,0
3203e288-c5bd-4db4-8f23-f856289d6314,1,Psychology,100,88.2,5.8,3.2,27.9,18.7,,49.0,0.0,stable,D,0
3203e288-c5bd-4db4-8f23-f856289d6314,2,Psychology,100,88.6,14.3,2.85,26.4,29.3,49.0,52.8,3.8,stable,C,0
c04e502b-9aa4-4e41-bd78-9d590dd00406,1,Biochemistry,300,71.5,17.4,3.85,21.1,38.2,,57.1,0.0,stable,C,0
c04e502b-9aa4-4e41-bd78-9d590dd00406,2,Biochemistry,300,37.0,14.8,2.8,21.8,54.7,57.1,76.8,19.7,improving,A,1
1cefe10b-3f6e-45b8-9d5a-6ccc0009f0f2,1,Biochemistry,100,68.5,14.9,3.85,30.2,50.2,,80.0,0.0,stable,A,0
1cefe10b-3f6e-45b8-9d5a-6ccc0009f0f2,2,Biochemistry,100,73.8,12.6,2.4,26.9,52.5,80.0,85.5,5.5,improving,A,0
1b0e1f27-ac7e-4406-b305-c67b1e7815d9,1,Mechanical Engineering,100,98.9,5.4,1.86,28.8,33.9,,54.3,0.0,stable,C,0
1b0e1f27-ac7e-4406-b305-c67b1e7815d9,2,Mechanical Engineering,100,66.2,19.0,3.79,25.7,41.8,54.3,69.2,14.9,improving,B,0
8669586b-a491-4136-8eaa-3f25674317ca,1,Biochemistry,300,89.0,9.3,2.81,30.0,24.0,,53.3,0.0,stable,C,0
8669586b-a491-4136-8eaa-3f25674317ca,2,Biochemistry,300,70.6,5.7,3.52,31.5,43.1,53.3,72.3,19.0,improving,A,0
eb5f001a-fe0c-4a93-90f6-439bfe121c6f,1,Biochemistry,300,45.2,14.3,2.47,19.6,27.6,,46.4,0.0,stable,D,1
eb5f001a-fe0c-4a93-90f6-439bfe121c6f,2,Biochemistry,300,98.7,9.5,2.13,38.0,37.8,46.4,69.4,23.0,improving,B,0
d3aa6c58-9e5d-4486-8cfa-7aa42a1463ea,1,Architecture,300,84.9,22.6,0.92,25.8,14.5,,40.1,0.0,stable,F,1
d3aa6c58-9e5d-4486-8cfa-7aa42a1463ea,2,Architecture,300,89.9,12.5,4.11,37.1,59.2,40.1,99.8,59.7,improving,A,0
582666e0-f9e3-48b8-b048-4e3b2528216a,1,Computer Science,100,69.0,12.3,2.31,27.6,39.0,,66.4,0.0,stable,B,0
582666e0-f9e3-48b8-b048-4e3b2528216a,2,Computer Science,100,95.1,10.3,2.25,29.7,43.5,66.4,68.9,2.5,stable,B,0
d07ecb87-3624-4c44-bb96-7470f05e08b8,1,Sociology,200,72.0,18.6,3.23,29.0,44.4,,70.4,0.0,stable,A,0
d07ecb87-3624-4c44-bb96-7470f05e08b8,2,Sociology,200,62.1,11.0,3.22,32.2,40.2,70.4,76.5,6.1,improving,A,0
0c13d632-4d18-4392-9790-7cae2872586f,1,Biochemistry,300,99.1,16.0,3.98,29.9,32.9,,64.3,0.0,stable,B,0
0c13d632-4d18-4392-9790-7cae2872586f,2,Biochemistry,300,54.9,10.5,3.62,33.0,37.2,64.3,68.3,4.0,stable,B,0
34c09920-ab53-49c0-8bd2-0a1b00180415,1,Psychology,300,79.8,6.6,2.86,30.9,35.2,,66.4,0.0,stable,B,0
34c09920-ab53-49c0-8bd2-0a1b00180415,2,Psychology,300,62.5,8.4,2.4,19.4,39.2,66.4,61.3,-5.1,declining,B,0
7fc41663-2ed6-4165-89f5-28c14327c80a,1,Computer Science,100,86.9,10.7,2.35,36.1,43.7,,80.5,0.0,stable,A,0
7fc41663-2ed6-4165-89f5-28c14327c80a,2,Computer Science,100,100.0,11.9,2.79,33.0,23.5,80.5,58.4,-22.0,declining,C,0
b678cec7-a9e1-44c9-9aa4-27039c459a48,1,Biochemistry,200,73.4,14.5,4.47,27.7,21.0,,50.1,0.0,stable,C,0
b678cec7-a9e1-44c9-9aa4-27039c459a48,2,Biochemistry,200,77.5,8.3,3.32,34.4,28.1,50.1,61.7,11.5,improving,B,0
fd96d093-36a8-4fb7-8751-7fbe69865625,1,Computer Science,100,97.2,8.4,3.05,21.3,22.3,,44.1,0.0,stable,F,1
fd96d093-36a8-4fb7-8751-7fbe69865625,2,Computer Science,100,93.4,5.2,3.06,31.8,44.4,44.1,72.5,28.4,improving,A,0
9961ff6e-4fd0-4876-a700-6c9124275513,1,Psychology,100,81.5,8.7,3.18,31.6,35.1,,68.1,0.0,stable,B,0
9961ff6e-4fd0-4876-a700-6c9124275513,2,Psychology,100,75.7,11.3,2.71,30.5,40.7,68.1,68.3,0.2,stable,B,0
97655732-720b-4362-9811-7e7b3364a043,1,Political Science,300,69.8,6.7,2.97,26.0,43.4,,71.5,0.0,stable,A,0
97655732-720b-4362-9811-7e7b3364a043,2,Political Science,300,61.2,12.0,3.51,26.4,33.3,71.5,56.4,-15.1,declining,C,0
3d42511a-82b0-41a9-91e1-39f78b512b56,1,Accounting,200,87.8,16.5,2.83,36.4,12.8,,53.2,0.0,stable,C,0
3d42511a-82b0-41a9-91e1-39f78b512b56,2,Accounting,200,72.6,12.7,2.74,36.5,29.0,53.2,69.9,16.7,improving,B,0
09455d50-acce-42e3-9fff-8a849543c6ad,1,Biochemistry,100,80.9,15.1,2.74,24.6,50.6,,76.2,0.0,stable,A,0
09455d50-acce-42e3-9fff-8a849543c6ad,2,Biochemistry,100,95.4,11.0,2.66,40.0,57.3,76.2,97.4,21.2,improving,A,0
a690036c-f0ff-4235-afba-164557990555,1,Business Administration,100,63.7,16.1,2.8,30.7,39.5,,74.9,0.0,stable,A,0
a690036c-f0ff-4235-afba-164557990555,2,Business Administration,100,64.5,14.4,2.61,26.5,36.4,74.9,65.1,-9.8,declining,B,0
d6118d7f-9051-40d5-91e7-58f082c060a3,1,Psychology,100,88.8,14.8,2.91,33.5,50.4,,86.6,0.0,stable,A,0
d6118d7f-9051-40d5-91e7-58f082c060a3,2,Psychology,100,34.6,10.6,2.82,25.3,37.6,86.6,65.0,-21.6,declining,B,1
8c68a01b-1946-4ce5-a78b-513137372d57,1,Psychology,200,58.8,13.3,3.72,19.4,60.0,,83.0,0.0,stable,A,0
8c68a01b-1946-4ce5-a78b-513137372d57,2,Psychology,200,75.0,7.9,2.86,30.4,40.7,83.0,75.7,-7.3,declining,A,0
cc548310-9500-4b62-8f44-7703937e0374,1,Sociology,300,67.9,14.8,1.97,26.5,43.3,,71.9,0.0,stable,A,0
cc548310-9500-4b62-8f44-7703937e0374,2,Sociology,300,63.7,9.8,4.17,33.5,42.4,71.9,69.3,-2.6,stable,B,0
a84a2579-17d6-488a-9a5f-2227403572e1,1,Medicine,400,100.0,11.9,2.75,32.4,42.8,,76.3,0.0,stable,A,0
a84a2579-17d6-488a-9a5f-2227403572e1,2,Medicine,400,89.3,7.4,2.75,40.0,38.0,76.3,77.5,1.2,stable,A,0
1ac0fcf7-4c2e-490e-b975-0bacc32855ff,1,Political Science,300,60.9,14.5,3.82,31.5,40.4,,73.1,0.0,stable,A,0
1ac0fcf7-4c2e-490e-b975-0bacc32855ff,2,Political Science,300,100.0,17.4,2.37,22.3,45.1,73.1,69.8,-3.3,stable,B,0
c977cfc6-98c5-4725-a0b4-e579ebb74583,1,Electrical Engineering,300,58.7,12.0,2.79,27.3,33.7,,64.8,0.0,stable,B,0
c977cfc6-98c5-4725-a0b4-e579ebb74583,2,Electrical Engineering,300,77.2,7.6,3.73,24.1,50.7,64.8,77.8,13.0,improving,A,0
90991805-9b9f-413d-ac80-ead6e6ac7aa0,1,Biology,100,95.8,11.2,2.6,34.6,37.4,,70.0,0.0,stable,B,0
90991805-9b9f-413d-ac80-ead6e6ac7aa0,2,Biology,100,66.7,10.2,2.06,31.7,35.9,70.0,66.7,-3.3,stable,B,0
c2bfc4f7-64db-48bb-87e6-f40d93fc1734,1,Economics,300,58.3,6.2,4.55,23.5,44.6,,68.7,0.0,stable,B,0
c2bfc4f7-64db-48bb-87e6-f40d93fc1734,2,Economics,300,33.4,21.0,3.55,17.8,46.8,68.7,61.2,-7.5,declining,B,1
56a5f3bd-f64f-477f-9c86-74906d872c0f,1,Medicine,100,100.0,7.5,2.58,31.4,36.3,,71.8,0.0,stable,A,0
56a5f3bd-f64f-477f-9c86-74906d872c0f,2,Medicine,100,100.0,10.0,3.3,35.4,28.9,71.8,71.6,-0.1,stable,A,0
05746f59-bd74-437b-b675-fc6f37662db0,1,Computer Engineering,200,95.4,12.9,4.27,40.0,43.6,,84.6,0.0,stable,A,0
05746f59-bd74-437b-b675-fc6f37662db0,2,Computer Engineering,200,97.7,7.3,4.34,33.4,54.1,84.6,87.5,2.9,stable,A,0
7dd23772-c63c-4bb9-b374-a73efe37e788,1,Mechanical Engineering,100,80.1,11.8,2.57,29.7,52.4,,75.1,0.0,stable,A,0
7dd23772-c63c-4bb9-b374-a73efe37e788,2,Mechanical Engineering,100,56.4,8.4,2.14,33.8,47.8,75.1,83.4,8.3,improving,A,0
6f014888-ce8a-4464-9057-c81a37e86cb3,1,Medicine,400,65.4,18.7,1.73,38.8,35.0,,73.0,0.0,stable,A,0
6f014888-ce8a-4464-9057-c81a37e86cb3,2,Medicine,400,68.6,6.6,4.54,32.7,51.0,73.0,80.0,7.0,improving,A,0
9d0238c3-7364-471d-84b0-ae21bc214368,1,Political Science,200,77.7,14.6,3.22,24.7,52.6,,77.7,0.0,stable,A,0
9d0238c3-7364-471d-84b0-ae21bc214368,2,Political Science,200,60.7,2.7,3.49,39.4,23.8,77.7,63.7,-14.1,declining,B,0
e53d91be-a22a-49c6-a9dc-41b408b40b0e,1,Computer Science,300,91.7,5.7,2.62,29.0,44.1,,77.1,0.0,stable,A,0
e53d91be-a22a-49c6-a9dc-41b408b40b0e,2,Computer Science,300,77.4,7.8,2.65,27.3,26.1,77.1,53.1,-24.0,declining,C,0
abdb0581-c227-4f08-969c-4a5062bc42b2,1,Business Administration,200,83.6,14.5,2.99,32.0,40.5,,68.6,0.0,stable,B,0
abdb0581-c227-4f08-969c-4a5062bc42b2,2,Business Administration,200,77.4,9.1,1.92,32.3,29.2,68.6,62.2,-6.4,declining,B,0
8583b009-78d0-42c2-804a-a8f141d63a3e,1,Architecture,200,87.7,7.2,3.07,23.5,51.7,,71.1,0.0,stable,A,0
8583b009-78d0-42c2-804a-a8f141d63a3e,2,Architecture,200,67.3,18.7,2.81,22.5,51.1,71.1,75.6,4.6,stable,A,0
99b25ca1-af46-4d6b-829a-de598ae2f71f,1,Medicine,400,65.5,9.4,2.65,27.1,18.1,,44.6,0.0,stable,F,1
99b25ca1-af46-4d6b-829a-de598ae2f71f,2,Medicine,400,100.0,7.5,2.53,29.1,41.6,44.6,74.3,29.7,improving,A,0
ff3b8d18-baac-4cfb-a022-58c3cf977141,1,Law,200,92.7,5.8,3.4,40.0,41.0,,82.4,0.0,stable,A,0
ff3b8d18-baac-4cfb-a022-58c3cf977141,2,Law,200,67.9,13.1,3.99,30.2,29.9,82.4,58.7,-23.7,declining,C,0
b425b8b7-15ae-42b7-a095-129d36051b9d,1,Sociology,300,93.1,13.6,3.1,30.9,52.8,,88.7,0.0,stable,A,0
b425b8b7-15ae-42b7-a095-129d36051b9d,2,Sociology,300,93.9,19.2,2.71,31.3,42.6,88.7,74.0,-14.7,declining,A,0
b08bad44-bcf9-4c4a-ad50-0cef07c3c934,1,Sociology,200,96.5,17.8,3.43,27.1,27.7,,55.6,0.0,stable,C,0
b08bad44-bcf9-4c4a-ad50-0cef07c3c934,2,Sociology,200,88.2,11.6,4.53,27.2,30.3,55.6,55.5,-0.1,stable,C,0
8b1399a6-a66a-4649-ba75-8f6f49f0f7ab,1,Computer Engineering,300,64.5,14.6,2.66,20.2,49.7,,64.6,0.0,stable,B,0
8b1399a6-a66a-4649-ba75-8f6f49f0f7ab,2,Computer Engineering,300,58.9,3.9,3.17,27.7,53.3,64.6,83.7,19.2,improving,A,0
0ea02459-86c4-4e6e-8712-c78645375d5e,1,Business Administration,100,96.6,13.4,2.22,35.0,45.0,,82.0,0.0,stable,A,0
0ea02459-86c4-4e6e-8712-c78645375d5e,2,Business Administration,100,67.9,14.4,2.25,23.4,28.7,82.0,52.1,-29.9,declining,C,0
fdc5f385-a793-4112-87ba-fc785b0faf82,1,Biology,100,57.3,9.9,3.72,21.3,34.5,,56.0,0.0,stable,C,0
fdc5f385-a793-4112-87ba-fc785b0faf82,2,Biology,100,78.7,9.5,3.63,33.7,50.4,56.0,83.9,27.9,improving,A,0
c5089d2c-a62e-4b24-854d-28516d5485dd,1,Computer Engineering,200,67.3,8.6,3.25,26.6,31.9,,57.2,0.0,stable,C,0
c5089d2c-a62e-4b24-854d-28516d5485dd,2,Computer Engineering,200,64.7,13.0,1.87,29.5,44.8,57.2,72.5,15.3,improving,A,0
53542ade-1c8a-4b9c-91f7-c33326791682,1,Electrical Engineering,200,100.0,12.1,1.75,33.6,37.8,,72.7,0.0,stable,A,0
53542ade-1c8a-4b9c-91f7-c33326791682,2,Electrical Engineering,200,71.1,6.9,2.12,26.0,28.6,72.7,51.2,-21.5,declining,C,0
76793938-96f1-4e14-9671-9874d61bcae1,1,Biology,300,64.0,15.3,4.32,31.6,57.6,,92.1,0.0,stable,A,0
76793938-96f1-4e14-9671-9874d61bcae1,2,Biology,300,87.5,10.3,3.11,30.4,36.4,92.1,67.0,-25.1,declining,B,0
5f71eef7-2a52-4a7a-bee3-9310e0abd972,1,Electrical Engineering,300,85.7,14.1,2.87,32.4,45.2,,79.6,0.0,stable,A,0
5f71eef7-2a52-4a7a-bee3-9310e0abd972,2,Electrical Engineering,300,52.2,6.6,3.89,25.1,33.3,79.6,57.6,-22.0,declining,C,0
c2bc1ca5-2893-46d3-9567-c85fac98037b,1,Law,300,71.0,14.8,2.11,29.3,42.3,,72.8,0.0,stable,A,0
c2bc1ca5-2893-46d3-9567-c85fac98037b,2,Law,300,78.3,14.6,2.54,26.0,60.0,72.8,85.1,12.3,improving,A,0
de119bc7-b3e9-42b4-8607-ece61dbfd7ab,1,Medicine,100,72.2,15.4,4.28,26.7,34.6,,57.6,0.0,stable,C,0
de119bc7-b3e9-42b4-8607-ece61dbfd7ab,2,Medicine,100,98.9,6.8,2.98,29.9,21.3,57.6,50.4,-7.2,declining,C,0
5a8701df-988a-45ba-8017-e230e7ad312b,1,Computer Engineering,100,60.9,8.5,4.6,29.3,49.6,,81.4,0.0,stable,A,0
5a8701df-988a-45ba-8017-e230e7ad312b,2,Computer Engineering,100,73.5,9.8,3.2,30.5,32.7,81.4,63.6,-17.8,declining,B,0
9a06bc94-1f62-4761-9ece-5897cef280ae,1,Business Administration,200,64.4,11.1,2.73,21.5,14.9,,33.6,0.0,stable,F,1
9a06bc94-1f62-4761-9ece-5897cef280ae,2,Business Administration,200,100.0,10.5,3.62,24.4,29.6,33.6,49.9,16.3,improving,D,0
4a0c7953-9f68-4786-8059-e2a9bc3c6e97,1,Medicine,300,72.0,24.1,3.37,37.9,46.4,,88.4,0.0,stable,A,0
4a0c7953-9f68-4786-8059-e2a9bc3c6e97,2,Medicine,300,100.0,11.5,2.57,28.4,35.2,88.4,63.9,-24.5,declining,B,0
a79280f9-e93d-4dae-a6d2-94a01ae17023,1,Computer Engineering,100,100.0,5.5,3.05,25.9,30.8,,57.6,0.0,stable,C,0
a79280f9-e93d-4dae-a6d2-94a01ae17023,2,Computer Engineering,100,82.7,14.9,3.32,34.4,42.8,57.6,74.1,16.4,improving,A,0
65b22c63-56e3-4e54-978c-037cbc986065,1,Computer Engineering,100,47.2,9.3,2.89,30.7,36.4,,66.5,0.0,stable,B,1
65b22c63-56e3-4e54-978c-037cbc986065,2,Computer Engineering,100,80.8,10.6,3.65,40.0,60.0,66.5,100.0,33.5,improving,A,0
5361a41d-f760-4709-9ca2-0675fdacf929,1,Law,400,80.1,19.9,2.88,34.4,33.6,,67.1,0.0,stable,B,0
5361a41d-f760-4709-9ca2-0675fdacf929,2,Law,400,92.3,8.4,2.9,25.6,56.9,67.1,86.2,19.2,improving,A,0
11de5702-c080-4bc0-8a08-492d2f51c664,1,Economics,300,77.8,14.5,3.32,37.5,36.8,,76.5,0.0,stable,A,0
11de5702-c080-4bc0-8a08-492d2f51c664,2,Economics,300,91.2,18.1,1.19,30.2,30.1,76.5,60.8,-15.7,declining,B,0
eec9a349-d0ab-48fc-9a2e-0cec8348fada,1,Economics,200,44.8,1.8,4.74,27.0,36.9,,65.1,0.0,stable,B,1
eec9a349-d0ab-48fc-9a2e-0cec8348fada,2,Economics,200,77.2,17.0,2.49,31.4,44.4,65.1,72.6,7.5,improving,A,0
3d153a00-22e0-4eee-9592-87ebc37893de,1,Computer Engineering,100,94.2,9.8,3.81,34.4,55.9,,87.2,0.0,stable,A,0
3d153a00-22e0-4eee-9592-87ebc37893de,2,Computer Engineering,100,58.7,7.5,3.11,34.5,52.5,87.2,80.0,-7.2,declining,A,0
40a0a423-86cb-4518-8735-616f4b8a4f15,1,Computer Engineering,200,78.7,0.0,3.64,36.3,31.9,,68.5,0.0,stable,B,0
40a0a423-86cb-4518-8735-616f4b8a4f15,2,Computer Engineering,200,76.1,8.1,3.35,29.1,46.8,68.5,75.5,7.0,improving,A,0
b78aa9bc-1487-43b2-89bc-d7a9b47ea29c,1,Economics,100,62.1,4.3,1.51,34.0,26.5,,61.5,0.0,stable,B,0
b78aa9bc-1487-43b2-89bc-d7a9b47ea29c,2,Economics,100,100.0,9.2,2.5,34.3,36.9,61.5,76.9,15.3,improving,A,0
e184653d-2d35-4fed-926a-5505546365cc,1,Psychology,300,98.5,15.1,4.16,33.8,47.1,,80.0,0.0,stable,A,0
e184653d-2d35-4fed-926a-5505546365cc,2,Psychology,300,55.6,18.0,3.43,26.2,44.7,80.0,66.4,-13.6,declining,B,0
8fe314be-dda9-4baf-9bb9-712cec01d5c6,1,Political Science,200,60.3,13.7,2.58,26.0,38.9,,62.8,0.0,stable,B,0
8fe314be-dda9-4baf-9bb9-712cec01d5c6,2,Political Science,200,60.5,3.9,2.88,30.2,17.1,62.8,47.3,-15.6,declining,D,0
a0b5c7bf-b5bc-4b96-88ce-9d0a60cece4f,1,Accounting,200,79.2,7.1,4.14,28.9,37.3,,65.7,0.0,stable,B,0
a0b5c7bf-b5bc-4b96-88ce-9d0a60cece4f,2,Accounting,200,48.4,17.0,2.24,23.5,47.6,65.7,75.5,9.8,improving,A,1
c78fdf9a-44d8-40f9-8feb-06588c6eb6ba,1,Computer Science,200,58.8,9.8,4.11,29.1,46.9,,72.8,0.0,stable,A,0
c78fdf9a-44d8-40f9-8feb-06588c6eb6ba,2,Computer Science,200,69.3,11.2,2.31,20.5,32.5,72.8,57.0,-15.8,declining,C,0
def30f1d-4c98-4989-838d-ec4e9bd5efe6,1,Law,400,75.9,18.9,3.14,26.4,57.5,,84.5,0.0,stable,A,0
def30f1d-4c98-4989-838d-ec4e9bd5efe6,2,Law,400,89.4,6.7,3.83,38.2,40.3,84.5,76.1,-8.4,declining,A,0
237b400c-ac29-4df4-af24-0a6e471a709d,1,Political Science,100,74.3,15.1,3.19,32.9,52.3,,83.2,0.0,stable,A,0
237b400c-ac29-4df4-af24-0a6e471a709d,2,Political Science,100,57.7,11.8,2.74,30.5,28.2,83.2,61.7,-21.5,declining,B,0
6d5ceea6-9236-47b1-a6f3-efdbe24f488c,1,Biology,300,95.3,12.0,3.05,30.2,34.2,,63.2,0.0,stable,B,0
6d5ceea6-9236-47b1-a6f3-efdbe24f488c,2,Biology,300,96.6,11.6,1.94,35.6,45.5,63.2,81.0,17.8,improving,A,0
d3a60140-5236-494f-87d9-0712b45348e6,1,Biochemistry,100,97.0,15.9,2.16,31.7,42.9,,69.6,0.0,stable,B,0
d3a60140-5236-494f-87d9-0712b45348e6,2,Biochemistry,100,80.0,3.2,3.82,35.5,40.0,69.6,73.5,3.9,stable,A,0
f1a11d46-2b54-4afa-bfcd-37074068e5c8,1,Psychology,300,77.6,9.4,2.18,28.8,43.1,,72.0,0.0,stable,A,0
f1a11d46-2b54-4afa-bfcd-37074068e5c8,2,Psychology,300,96.8,15.8,3.53,26.3,40.5,72.0,63.6,-8.4,declining,B,0
aa77fe06-a333-4a17-ae6f-98c5bf1eda2b,1,Electrical Engineering,300,72.3,8.5,2.7,34.8,41.2,,79.0,0.0,stable,A,0
aa77fe06-a333-4a17-ae6f-98c5bf1eda2b,2,Electrical Engineering,300,51.0,12.3,3.77,32.7,25.8,79.0,57.5,-21.5,declining,C,0
d6b62039-cd26-42b0-8a5a-0eb4f6cf2795,1,Law,200,90.5,11.0,2.27,25.4,27.9,,48.2,0.0,stable,D,0
d6b62039-cd26-42b0-8a5a-0eb4f6cf2795,2,Law,200,75.9,16.5,1.99,31.5,49.2,48.2,80.7,32.4,improving,A,0
b0550672-6722-466b-b00f-b601fee98c12,1,Electrical Engineering,200,50.8,13.9,2.96,24.4,35.4,,60.0,0.0,stable,B,0
b0550672-6722-466b-b00f-b601fee98c12,2,Electrical Engineering,200,82.6,24.0,3.09,39.1,51.9,60.0,90.7,30.6,improving,A,0
17ac637a-27e6-4958-ab0f-883a95eee033,1,Business Administration,200,77.2,5.9,3.24,20.5,27.1,,47.9,0.0,stable,D,0
17ac637a-27e6-4958-ab0f-883a95eee033,2,Business Administration,200,92.9,19.2,2.81,34.4,54.1,47.9,84.5,36.6,improving,A,0
2c8f6027-d6bc-4138-a6de-3d5b507fc268,1,Architecture,200,81.1,7.9,2.86,28.9,40.7,,71.3,0.0,stable,A,0
2c8f6027-d6bc-4138-a6de-3d5b507fc268,2,Architecture,200,88.4,13.7,3.14,40.0,25.8,71.3,70.9,-0.3,stable,A,0
50b41551-5422-454d-beec-8d3153a3704c,1,Computer Engineering,100,70.7,14.9,2.74,25.6,45.9,,74.7,0.0,stable,A,0
50b41551-5422-454d-beec-8d3153a3704c,2,Computer Engineering,100,82.1,9.3,5.0,37.4,51.0,74.7,87.3,12.6,improving,A,0
8e2ab285-bfe7-4b17-8a9d-3c3ea2dbc4b9,1,Law,300,65.6,10.6,3.87,23.2,29.6,,54.4,0.0,stable,C,0
8e2ab285-bfe7-4b17-8a9d-3c3ea2dbc4b9,2,Law,300,79.8,8.1,2.13,38.1,38.6,54.4,72.7,18.3,improving,A,0
aebb2173-2a5c-4163-9863-285d9e477770,1,Law,300,55.6,10.2,3.59,29.1,50.8,,75.4,0.0,stable,A,0
aebb2173-2a5c-4163-9863-285d9e477770,2,Law,300,78.4,19.1,4.07,32.5,60.0,75.4,94.3,18.9,improving,A,0
d76b0157-dae2-4fdb-9a4d-fedf77d7cd28,1,Architecture,100,90.6,12.2,2.38,28.8,40.3,,68.4,0.0,stable,B,0
d76b0157-dae2-4fdb-9a4d-fedf77d7cd28,2,Architecture,100,48.5,6.9,2.75,28.3,35.2,68.4,63.4,-5.1,declining,B,1
3ad6a794-e444-43e8-a2df-6d8cc770633c,1,Medicine,300,60.2,12.1,4.06,27.8,26.7,,50.8,0.0,stable,C,0
3ad6a794-e444-43e8-a2df-6d8cc770633c,2,Medicine,300,83.8,10.9,2.94,28.7,43.7,50.8,71.5,20.7,improving,A,0
0f03c03f-8cc9-4f38-85f2-6a9a2475b885,1,Mechanical Engineering,300,72.2,7.7,3.74,28.3,44.1,,68.8,0.0,stable,B,0
0f03c03f-8cc9-4f38-85f2-6a9a2475b885,2,Mechanical Engineering,300,100.0,18.4,1.47,31.0,45.9,68.8,72.9,4.0,stable,A,0
21026b76-4709-4579-a029-86642524d5da,1,Sociology,200,73.0,14.1,2.85,32.3,33.9,,59.4,0.0,stable,C,0
21026b76-4709-4579-a029-86642524d5da,2,Sociology,200,89.7,16.9,5.0,21.9,54.6,59.4,70.6,11.1,improving,A,0
f7032e88-1c38-4d3a-83ec-87ae4aac5759,1,Psychology,300,100.0,14.4,2.24,38.9,34.3,,74.1,0.0,stable,A,0
f7032e88-1c38-4d3a-83ec-87ae4aac5759,2,Psychology,300,78.1,20.7,4.45,27.6,59.3,74.1,88.0,13.9,improving,A,0
90915659-5be7-44c1-98fb-bd4c4b6fe268,1,Mechanical Engineering,200,53.8,8.5,4.87,27.6,50.8,,77.7,0.0,stable,A,0
90915659-5be7-44c1-98fb-bd4c4b6fe268,2,Mechanical Engineering,200,66.9,12.1,2.79,20.9,29.2,77.7,52.2,-25.5,declining,C,0
9bd099dc-28bc-4bff-9e88-e7542441ad3e,1,Computer Engineering,100,69.3,12.1,3.19,30.4,51.5,,78.6,0.0,stable,A,0
9bd099dc-28bc-4bff-9e88-e7542441ad3e,2,Computer Engineering,100,83.6,15.8,3.79,24.6,46.4,78.6,76.2,-2.4,stable,A,0
6b4ce50c-b9cf-4eed-8bf9-7dfafa6652f8,1,Business Administration,100,73.5,14.4,3.62,24.6,60.0,,86.1,0.0,stable,A,0
6b4ce50c-b9cf-4eed-8bf9-7dfafa6652f8,2,Business Administration,100,82.8,3.7,3.64,34.1,51.1,86.1,84.3,-1.8,stable,A,0
ace16c2a-0ff4-4c6c-80be-469e0c729722,1,Law,300,60.2,8.6,2.6,21.4,49.2,,74.7,0.0,stable,A,0
ace16c2a-0ff4-4c6c-80be-469e0c729722,2,Law,300,72.1,10.0,1.55,32.9,51.8,74.7,82.8,8.1,improving,A,0
b3eda7b2-f53a-48a3-bb47-8038b8380596,1,Accounting,300,73.2,14.2,4.38,30.6,45.8,,77.0,0.0,stable,A,0
b3eda7b2-f53a-48a3-bb47-8038b8380596,2,Accounting,300,53.6,4.8,2.35,30.8,29.8,77.0,59.0,-18.1,declining,C,0
ad9d409c-081d-410d-8e65-85c9723a1bc4,1,Law,300,66.8,11.3,4.36,27.6,33.9,,61.6,0.0,stable,B,0
ad9d409c-081d-410d-8e65-85c9723a1bc4,2,Law,300,100.0,9.5,2.06,32.5,37.2,61.6,71.7,10.1,improving,A,0
f6479107-af30-4224-9b94-c4a352b24fbd,1,Architecture,300,90.1,6.8,2.24,31.4,41.2,,68.8,0.0,stable,B,0
f6479107-af30-4224-9b94-c4a352b24fbd,2,Architecture,300,65.9,9.0,3.75,30.8,48.0,68.8,82.8,14.0,improving,A,0
a56083d6-6e14-4f72-b995-55aee6c943e1,1,Law,200,70.4,6.1,2.06,19.9,28.9,,47.6,0.0,stable,D,0
a56083d6-6e14-4f72-b995-55aee6c943e1,2,Law,200,86.8,12.1,2.61,31.8,28.5,47.6,63.3,15.7,improving,B,0
70e22f48-b477-4d52-b6c5-25531675d88b,1,Business Administration,200,63.2,6.3,3.65,30.5,19.6,,52.7,0.0,stable,C,0
70e22f48-b477-4d52-b6c5-25531675d88b,2,Business Administration,200,63.9,10.1,3.15,30.7,43.0,52.7,73.5,20.9,improving,A,0
59f48663-96e7-4af3-b11d-9a8ec6ac04da,1,Psychology,300,68.6,14.1,2.91,37.8,46.7,,81.7,0.0,stable,A,0
59f48663-96e7-4af3-b11d-9a8ec6ac04da,2,Psychology,300,67.8,12.2,4.04,35.6,37.9,81.7,70.7,-11.0,declining,A,0
afb388ea-8d3b-4038-95f1-1c29b3bead33,1,Mechanical Engineering,200,59.1,13.3,4.84,29.5,28.2,,55.6,0.0,stable,C,0
afb388ea-8d3b-4038-95f1-1c29b3bead33,2,Mechanical Engineering,200,65.6,7.9,2.69,30.0,42.8,55.6,76.1,20.5,improving,A,0
c0a26838-031d-47b6-bd0a-c03660f7b15d,1,Medicine,200,82.9,2.2,2.15,30.8,32.4,,65.7,0.0,stable,B,0
c0a26838-031d-47b6-bd0a-c03660f7b15d,2,Medicine,200,75.6,12.3,3.19,28.9,41.0,65.7,73.2,7.5,improving,A,0
310db0c3-c274-42cf-932e-ccc014ea5623,1,Law,300,73.7,11.8,2.97,36.2,28.3,,69.9,0.0,stable,B,0
310db0c3-c274-42cf-932e-ccc014ea5623,2,Law,300,57.4,8.7,3.6,31.6,24.4,69.9,52.7,-17.2,declining,C,0
2b5ce2e0-5f86-40a3-8770-7c8a8d9f212a,1,Business Administration,300,79.2,23.7,4.0,29.6,25.7,,55.6,0.0,stable,C,0
2b5ce2e0-5f86-40a3-8770-7c8a8d9f212a,2,Business Administration,300,80.4,10.1,2.32,31.9,27.4,55.6,64.9,9.3,improving,B,0
1f725522-17e6-43b7-a96e-cc3a68de4569,1,Biology,300,97.8,15.3,3.07,31.2,41.9,,78.0,0.0,stable,A,0
1f725522-17e6-43b7-a96e-cc3a68de4569,2,Biology,300,88.0,13.0,3.74,35.3,45.7,78.0,84.0,6.0,improving,A,0
7f5c5542-50bd-4c1f-8b47-92c59e412a83,1,Architecture,200,82.8,16.3,3.13,30.3,37.4,,65.7,0.0,stable,B,0
7f5c5542-50bd-4c1f-8b47-92c59e412a83,2,Architecture,200,50.9,7.4,2.25,22.6,50.4,65.7,72.6,6.9,improving,A,0
d44635af-37e7-445d-9fa2-bb677bc016d6,1,Medicine,400,78.6,13.4,4.27,27.8,40.9,,68.4,0.0,stable,B,0
d44635af-37e7-445d-9fa2-bb677bc016d6,2,Medicine,400,92.0,18.7,3.38,39.6,46.9,68.4,86.0,17.6,improving,A,0
8d26707b-2c7d-406f-b08f-7b0370e00d13,1,Business Administration,200,92.7,14.4,2.41,38.5,38.1,,75.6,0.0,stable,A,0
8d26707b-2c7d-406f-b08f-7b0370e00d13,2,Business Administration,200,88.4,11.6,3.31,36.0,32.0,75.6,69.2,-6.4,declining,B,0
e24dd371-aab1-45cf-80be-d9ea934066ce,1,Medicine,100,95.2,7.2,3.36,29.9,47.1,,80.0,0.0,stable,A,0
e24dd371-aab1-45cf-80be-d9ea934066ce,2,Medicine,100,69.7,23.0,3.89,32.5,55.7,80.0,91.2,11.1,improving,A,0
9750a53b-1d32-4681-9a2a-9f078cc2694b,1,Biochemistry,300,60.1,13.0,3.31,25.0,45.5,,74.2,0.0,stable,A,0
9750a53b-1d32-4681-9a2a-9f078cc2694b,2,Biochemistry,300,68.7,11.7,2.34,19.8,45.9,74.2,65.6,-8.7,declining,B,0
9e6aa10a-676e-41a3-9a3f-46d23fde76ed,1,Mechanical Engineering,300,75.7,7.1,2.85,35.6,35.8,,71.5,0.0,stable,A,0
9e6aa10a-676e-41a3-9a3f-46d23fde76ed,2,Mechanical Engineering,300,78.1,5.8,3.5,24.3,26.8,71.5,48.0,-23.5,declining,D,0
7a34b727-2b8e-434d-a50e-3116f917af48,1,Economics,100,72.4,10.2,3.0,24.9,48.4,,75.8,0.0,stable,A,0
7a34b727-2b8e-434d-a50e-3116f917af48,2,Economics,100,72.4,9.6,2.54,27.9,22.9,75.8,48.0,-27.8,declining,D,0
d6333cba-5909-48fc-8d2b-7973c0bd830f,1,Sociology,300,87.9,13.5,4.31,31.1,39.6,,69.5,0.0,stable,B,0
d6333cba-5909-48fc-8d2b-7973c0bd830f,2,Sociology,300,70.2,8.7,3.22,29.2,32.5,69.5,65.5,-4.0,stable,B,0
a99928b1-7462-4fe6-a5ce-4a84ecbc46b6,1,Computer Science,300,100.0,17.8,3.45,38.8,60.0,,100.0,0.0,stable,A,0
a99928b1-7462-4fe6-a5ce-4a84ecbc46b6,2,Computer Science,300,66.2,14.0,3.5,23.3,39.1,100.0,65.7,-34.3,declining,B,0
c1847e25-0d02-49c3-98e4-bf85b08d46f0,1,Architecture,200,47.6,5.7,2.86,26.3,21.2,,47.2,0.0,stable,D,1
c1847e25-0d02-49c3-98e4-bf85b08d46f0,2,Architecture,200,92.3,12.3,3.75,30.5,33.2,47.2,66.3,19.1,improving,B,0
0a26c272-4358-40c7-aa90-d3f4e2b88a6f,1,Architecture,300,80.5,6.1,2.36,38.9,24.8,,66.5,0.0,stable,B,0
0a26c272-4358-40c7-aa90-d3f4e2b88a6f,2,Architecture,300,67.8,12.0,3.24,18.1,25.4,66.5,43.7,-22.8,declining,F,1
4ef00680-6736-478d-8195-5dfe95a4eb40,1,Accounting,300,64.1,17.0,1.72,30.7,26.8,,56.4,0.0,stable,C,0
4ef00680-6736-478d-8195-5dfe95a4eb40,2,Accounting,300,59.0,21.5,1.93,26.2,27.0,56.4,57.9,1.6,stable,C,0
3e33466c-8625-4c72-8665-7813a72bf421,1,Computer Engineering,200,81.0,12.7,4.18,31.9,44.6,,77.0,0.0,stable,A,0
3e33466c-8625-4c72-8665-7813a72bf421,2,Computer Engineering,200,83.5,9.5,2.83,35.7,40.2,77.0,75.6,-1.3,stable,A,0
1dc51762-45ca-4126-b2f6-1b26de99ffe1,1,Sociology,200,54.0,19.5,2.47,30.7,45.6,,72.5,0.0,stable,A,0
1dc51762-45ca-4126-b2f6-1b26de99ffe1,2,Sociology,200,93.8,13.3,4.07,32.8,49.7,72.5,77.2,4.7,stable,A,0
fa19216f-6ea2-42d6-8e94-ad2711ec0904,1,Electrical Engineering,300,67.5,5.6,2.7,30.9,28.4,,61.8,0.0,stable,B,0
fa19216f-6ea2-42d6-8e94-ad2711ec0904,2,Electrical Engineering,300,62.2,16.4,4.05,32.5,41.4,61.8,67.5,5.7,improving,B,0
9853e73c-f641-42ff-a292-fdb0ae867333,1,Business Administration,100,83.7,11.4,2.22,29.0,51.9,,77.5,0.0,stable,A,0
9853e73c-f641-42ff-a292-fdb0ae867333,2,Business Administration,100,82.0,13.1,2.71,34.6,56.1,77.5,89.8,12.4,improving,A,0
5806a883-b691-4db8-bd12-72c58d45bb94,1,Business Administration,300,71.4,15.1,3.73,28.6,40.2,,62.2,0.0,stable,B,0
5806a883-b691-4db8-bd12-72c58d45bb94,2,Business Administration,300,63.3,6.3,3.55,26.4,33.8,62.2,60.2,-2.0,stable,B,0
1750d7d9-1aee-43ec-90d0-688b6ce3aab9,1,Electrical Engineering,300,61.9,19.8,4.04,35.5,54.0,,89.4,0.0,stable,A,0
1750d7d9-1aee-43ec-90d0-688b6ce3aab9,2,Electrical Engineering,300,99.2,8.6,2.3,31.8,41.0,89.4,70.5,-18.9,declining,A,0
a11fba4d-825a-48ff-8dcd-ab7cf55e56d9,1,Law,400,72.7,4.0,3.38,21.9,25.3,,50.9,0.0,stable,C,0
a11fba4d-825a-48ff-8dcd-ab7cf55e56d9,2,Law,400,92.7,13.9,3.22,30.9,33.6,50.9,63.4,12.5,improving,B,0
1cb1e1bc-44d9-4235-b831-69fbe1c85aa5,1,Computer Engineering,200,52.3,13.3,3.04,20.8,56.2,,78.9,0.0,stable,A,0
1cb1e1bc-44d9-4235-b831-69fbe1c85aa5,2,Computer Engineering,200,85.4,9.6,3.0,35.2,39.4,78.9,79.4,0.5,stable,A,0
5898e5d9-5a4a-4d35-b1c0-75a82daeb2d3,1,Psychology,200,71.9,9.5,3.51,23.1,48.0,,67.2,0.0,stable,B,0
5898e5d9-5a4a-4d35-b1c0-75a82daeb2d3,2,Psychology,200,84.6,8.8,3.38,36.5,39.6,67.2,72.4,5.2,improving,A,0
7bdf0d2d-5712-455e-bc55-8c9cd4017ff7,1,Psychology,200,61.5,8.4,1.48,32.9,35.0,,64.6,0.0,stable,B,0
7bdf0d2d-5712-455e-bc55-8c9cd4017ff7,2,Psychology,200,96.8,8.5,3.2,30.2,17.3,64.6,43.4,-21.1,declining,F,1
3147ffaf-3b21-4674-a6da-3213311eca5c,1,Economics,300,68.3,16.5,3.28,29.4,23.2,,56.4,0.0,stable,C,0
3147ffaf-3b21-4674-a6da-3213311eca5c,2,Economics,300,78.4,11.4,3.91,36.9,52.5,56.4,88.7,32.3,improving,A,0
f72a3f06-27ed-40cd-838c-54b670846d30,1,Biochemistry,300,59.9,16.9,1.91,36.7,41.2,,74.7,0.0,stable,A,0
f72a3f06-27ed-40cd-838c-54b670846d30,2,Biochemistry,300,56.5,5.6,3.11,26.3,22.9,74.7,48.1,-26.7,declining,D,0
48cd1281-6c7c-45d1-b1e6-f937bf17a997,1,Law,100,54.5,14.9,2.96,24.0,28.7,,51.8,0.0,stable,C,0
48cd1281-6c7c-45d1-b1e6-f937bf17a997,2,Law,100,68.8,13.6,3.13,32.7,36.1,51.8,63.3,11.5,improving,B,0
d301b1e0-e423-476a-b139-db1a423311b5,1,Political Science,200,89.9,7.3,2.11,32.8,37.5,,68.6,0.0,stable,B,0
d301b1e0-e423-476a-b139-db1a423311b5,2,Political Science,200,66.9,10.0,4.13,28.4,30.8,68.6,56.3,-12.4,declining,C,0
98730230-d861-41cd-a94e-7628c8209b4d,1,Biology,300,71.2,13.2,3.39,29.9,32.8,,61.4,0.0,stable,B,0
98730230-d861-41cd-a94e-7628c8209b4d,2,Biology,300,86.0,6.3,2.63,35.2,43.5,61.4,78.1,16.7,improving,A,0
4293297a-991a-48ac-8184-3d497dacfe07,1,Psychology,300,68.8,5.4,3.42,35.4,60.0,,96.5,0.0,stable,A,0
4293297a-991a-48ac-8184-3d497dacfe07,2,Psychology,300,74.2,7.4,1.5,30.7,56.8,96.5,91.3,-5.2,declining,A,0
41f6d9ff-bb42-47f7-9001-a811513e0c21,1,Biochemistry,100,91.7,13.2,3.29,21.2,48.6,,68.1,0.0,stable,B,0
41f6d9ff-bb42-47f7-9001-a811513e0c21,2,Biochemistry,100,64.5,10.4,2.71,24.3,38.0,68.1,60.6,-7.5,declining,B,0
23e93a18-93ea-4880-9141-6fa3151ed15a,1,Computer Engineering,100,76.5,4.6,2.83,24.8,27.5,,52.8,0.0,stable,C,0
23e93a18-93ea-4880-9141-6fa3151ed15a,2,Computer Engineering,100,50.9,7.9,3.46,18.1,55.3,52.8,77.1,24.3,improving,A,0
24dcdb44-5574-4ee8-9e85-dac7bc8ea1c9,1,Sociology,300,67.6,8.1,3.16,21.3,17.1,,37.0,0.0,stable,F,1
24dcdb44-5574-4ee8-9e85-dac7bc8ea1c9,2,Sociology,300,73.0,12.5,2.51,36.0,24.0,37.0,56.5,19.6,improving,C,0
aa10fd8b-8c56-4d14-963f-614514615508,1,Medicine,200,82.3,6.2,2.04,32.1,23.0,,54.6,0.0,stable,C,0
aa10fd8b-8c56-4d14-963f-614514615508,2,Medicine,200,64.5,7.7,1.32,28.6,20.7,54.6,48.8,-5.9,declining,D,0
84f9f374-7ef9-46a9-8f2f-e812bb591598,1,Sociology,300,67.3,11.0,2.88,29.4,31.3,,64.5,0.0,stable,B,0
84f9f374-7ef9-46a9-8f2f-e812bb591598,2,Sociology,300,47.3,10.9,3.67,26.8,30.4,64.5,54.8,-9.7,declining,C,1
c4aa8e03-da51-4d1f-bf1e-e271bc4311b0,1,Computer Science,300,59.9,15.0,2.41,28.3,43.2,,78.5,0.0,stable,A,0
c4aa8e03-da51-4d1f-bf1e-e271bc4311b0,2,Computer Science,300,79.7,7.9,1.83,29.6,33.1,78.5,56.1,-22.5,declining,C,0
2e16caf4-7397-4bd5-b25c-139a07c4e2fc,1,Sociology,300,64.3,13.5,2.57,32.7,24.2,,58.9,0.0,stable,C,0
2e16caf4-7397-4bd5-b25c-139a07c4e2fc,2,Sociology,300,88.7,16.8,1.75,34.3,33.8,58.9,63.9,5.0,stable,B,0
6922b94e-306e-4958-8ba3-08371f238ce9,1,Sociology,200,68.8,7.5,3.74,31.3,26.3,,55.4,0.0,stable,C,0
6922b94e-306e-4958-8ba3-08371f238ce9,2,Sociology,200,69.3,11.6,3.81,32.3,41.4,55.4,73.0,17.5,improving,A,0
fe68b74b-d4d2-4b70-b5d9-dd07c1a1dc4f,1,Political Science,200,48.4,18.5,2.64,32.5,45.4,,84.0,0.0,stable,A,1
fe68b74b-d4d2-4b70-b5d9-dd07c1a1dc4f,2,Political Science,200,84.1,4.8,2.51,31.0,24.7,84.0,54.6,-29.4,declining,C,0
67d8a903-a607-419f-ba54-00ff50823579,1,Political Science,200,54.5,12.0,3.19,20.9,59.4,,80.4,0.0,stable,A,0
67d8a903-a607-419f-ba54-00ff50823579,2,Political Science,200,62.7,3.9,3.05,26.2,41.7,80.4,67.5,-12.9,declining,B,0
27dedca3-a678-4f99-9416-24e50dea27a8,1,Computer Engineering,100,57.1,20.4,3.35,25.1,47.9,,74.5,0.0,stable,A,0
27dedca3-a678-4f99-9416-24e50dea27a8,2,Computer Engineering,100,53.6,12.8,2.64,28.2,32.0,74.5,58.4,-16.0,declining,C,0
bd2f26bb-34a3-4b01-9fa3-b9d8f8a48739,1,Computer Engineering,200,99.9,18.2,0.36,40.0,38.0,,75.8,0.0,stable,A,0
bd2f26bb-34a3-4b01-9fa3-b9d8f8a48739,2,Computer Engineering,200,59.9,7.3,2.46,21.3,21.5,75.8,39.8,-36.1,declining,F,1
e8510600-40d6-4a26-9551-45a6a6d43b4c,1,Mechanical Engineering,300,79.9,12.3,3.44,30.6,27.6,,59.7,0.0,stable,C,0
e8510600-40d6-4a26-9551-45a6a6d43b4c,2,Mechanical Engineering,300,59.9,15.2,2.07,23.5,36.4,59.7,62.0,2.3,stable,B,0
281a56c3-d64e-4ef7-a0e9-43267e68e478,1,Biology,300,77.6,12.1,4.51,21.3,32.3,,50.4,0.0,stable,C,0
281a56c3-d64e-4ef7-a0e9-43267e68e478,2,Biology,300,48.4,8.4,3.55,21.7,34.8,50.4,51.3,1.0,stable,C,1
869c4b4e-b9e1-4b82-a624-a9b9a2c67145,1,Economics,300,63.1,9.7,3.51,19.2,34.4,,56.9,0.0,stable,C,0
869c4b4e-b9e1-4b82-a624-a9b9a2c67145,2,Economics,300,68.3,1.4,4.02,32.3,42.8,56.9,69.9,13.0,improving,B,0
40c0d3d7-1cae-40c9-9f08-aff33849d8b0,1,Biology,300,97.7,8.1,2.59,31.0,45.5,,75.9,0.0,stable,A,0
40c0d3d7-1cae-40c9-9f08-aff33849d8b0,2,Biology,300,82.2,12.4,2.92,26.7,57.8,75.9,80.1,4.2,stable,A,0
a82bc1ef-5e28-4f68-9337-605de6c3bec9,1,Mechanical Engineering,200,81.2,13.9,3.92,38.2,41.4,,81.2,0.0,stable,A,0
a82bc1ef-5e28-4f68-9337-605de6c3bec9,2,Mechanical Engineering,200,100.0,11.7,2.15,33.1,24.6,81.2,58.8,-22.4,declining,C,0
b1d85044-5fde-4b9a-8330-19306ef2aaa8,1,Medicine,400,91.0,11.4,1.7,38.3,18.8,,52.4,0.0,stable,C,0
b1d85044-5fde-4b9a-8330-19306ef2aaa8,2,Medicine,400,72.3,13.3,3.34,29.1,58.7,52.4,88.1,35.6,improving,A,0
9aeef461-a867-4a02-92b3-c343efa9b8ca,1,Architecture,200,90.5,15.9,1.97,32.3,60.0,,90.7,0.0,stable,A,0
9aeef461-a867-4a02-92b3-c343efa9b8ca,2,Architecture,200,64.9,12.9,2.63,24.0,34.6,90.7,62.9,-27.8,declining,B,0
bbed7159-2b1e-45bb-b38f-9ae7acd11ac5,1,Medicine,100,73.0,5.4,1.79,40.0,30.2,,71.5,0.0,stable,A,0
bbed7159-2b1e-45bb-b38f-9ae7acd11ac5,2,Medicine,100,63.4,13.6,4.17,24.4,47.6,71.5,67.8,-3.6,stable,B,0
a4799290-eece-4761-8f3d-e50ebaa353b1,1,Architecture,100,100.0,13.3,2.67,33.5,34.8,,66.9,0.0,stable,B,0
a4799290-eece-4761-8f3d-e50ebaa353b1,2,Architecture,100,38.3,11.5,2.89,25.1,33.8,66.9,56.6,-10.3,declining,C,1
641709f3-ff4e-406c-987d-5876293bc6db,1,Business Administration,200,74.9,3.9,3.11,20.7,45.3,,68.0,0.0,stable,B,0
641709f3-ff4e-406c-987d-5876293bc6db,2,Business Administration,200,61.1,15.3,3.09,22.2,21.9,68.0,45.0,-23.0,declining,D,0
95b90d59-1aa5-447c-9569-42adca5e20cd,1,Biochemistry,100,63.1,17.5,3.01,24.1,60.0,,85.8,0.0,stable,A,0
95b90d59-1aa5-447c-9569-42adca5e20cd,2,Biochemistry,100,20.2,9.6,1.89,15.0,34.2,85.8,50.3,-35.6,declining,C,1
5293eaa3-16bb-40fb-8e39-8a75dc5089e8,1,Computer Engineering,300,78.9,17.4,3.51,33.7,46.5,,84.0,0.0,stable,A,0
5293eaa3-16bb-40fb-8e39-8a75dc5089e8,2,Computer Engineering,300,70.3,10.5,1.48,34.3,34.7,84.0,77.8,-6.1,declining,A,0
ef5b898f-716a-4567-958d-8a314aa2761c,1,Electrical Engineering,200,68.9,12.4,3.44,23.3,44.3,,67.7,0.0,stable,B,0
ef5b898f-716a-4567-958d-8a314aa2761c,2,Electrical Engineering,200,70.4,17.9,2.28,30.5,56.9,67.7,85.2,17.5,improving,A,0
e28c7be8-19ed-4c36-a999-3ae4b33fd9ef,1,Business Administration,200,70.5,23.7,3.38,26.6,56.7,,81.6,0.0,stable,A,0
e28c7be8-19ed-4c36-a999-3ae4b33fd9ef,2,Business Administration,200,51.5,18.9,2.12,37.6,37.8,81.6,81.8,0.2,stable,A,0
545ea710-c726-48f9-81b2-87562ef4e597,1,Architecture,200,54.5,17.1,3.4,30.1,53.7,,82.3,0.0,stable,A,0
545ea710-c726-48f9-81b2-87562ef4e597,2,Architecture,200,55.4,11.7,3.18,23.7,42.5,82.3,67.2,-15.1,declining,B,0
32c2a4fb-05d3-4255-91df-f70a26d4627b,1,Economics,200,61.3,14.0,2.79,23.8,48.4,,69.9,0.0,stable,B,0
32c2a4fb-05d3-4255-91df-f70a26d4627b,2,Economics,200,68.1,12.4,4.1,29.6,47.3,69.9,76.0,6.1,improving,A,0
abe755d1-c3d4-40c2-8d86-4eda4161ff37,1,Medicine,400,73.8,11.8,3.23,28.3,53.3,,80.4,0.0,stable,A,0
abe755d1-c3d4-40c2-8d86-4eda4161ff37,2,Medicine,400,49.4,25.7,2.74,31.4,60.0,80.4,94.3,13.8,improving,A,1
1e614a33-2b2f-4a31-bbe7-efa498f510f2,1,Computer Engineering,200,72.0,13.4,1.98,39.4,30.0,,68.6,0.0,stable,B,0
1e614a33-2b2f-4a31-bbe7-efa498f510f2,2,Computer Engineering,200,76.5,11.5,2.47,37.3,47.6,68.6,85.9,17.2,improving,A,0
241b3d98-a92e-46fd-872c-6b3e4bf6e6e7,1,Biology,300,69.0,17.3,2.63,36.7,43.7,,84.1,0.0,stable,A,0
241b3d98-a92e-46fd-872c-6b3e4bf6e6e7,2,Biology,300,73.3,12.4,3.98,40.0,57.4,84.1,100.0,15.9,improving,A,0
56362761-94bf-4f24-9f24-f0f96b403e7e,1,Architecture,300,83.8,9.5,3.24,27.2,42.0,,70.5,0.0,stable,A,0
56362761-94bf-4f24-9f24-f0f96b403e7e,2,Architecture,300,45.6,12.2,3.33,23.7,44.0,70.5,63.6,-6.9,declining,B,1
053a1df0-897f-4bc5-9781-4157d9214c18,1,Computer Engineering,200,63.4,17.2,3.0,29.4,37.8,,67.2,0.0,stable,B,0
053a1df0-897f-4bc5-9781-4157d9214c18,2,Computer Engineering,200,40.5,16.2,4.45,17.8,36.1,67.2,55.2,-12.1,declining,C,1
bf8b43f2-f9da-44cd-9ecd-ac2dc73ae6be,1,Computer Science,300,97.1,12.0,2.02,33.4,27.3,,58.7,0.0,stable,C,0
bf8b43f2-f9da-44cd-9ecd-ac2dc73ae6be,2,Computer Science,300,70.4,7.4,2.38,29.5,37.2,58.7,62.3,3.7,stable,B,0
7094b228-0911-4366-801a-4ef6b0fddf39,1,Computer Engineering,100,80.9,10.1,3.58,35.1,33.9,,70.8,0.0,stable,A,0
7094b228-0911-4366-801a-4ef6b0fddf39,2,Computer Engineering,100,62.4,18.6,2.36,29.3,41.1,70.8,67.3,-3.5,stable,B,0
68602903-afc8-4c1d-9d54-36e634a17c60,1,Accounting,200,88.5,8.9,1.64,18.3,25.9,,48.3,0.0,stable,D,0
68602903-afc8-4c1d-9d54-36e634a17c60,2,Accounting,200,93.9,8.4,2.7,31.4,23.1,48.3,51.7,3.3,stable,C,0
a0221618-1372-4cc1-9f9f-0a3383c839d0,1,Sociology,100,89.7,14.5,3.22,26.3,42.8,,62.2,0.0,stable,B,0
a0221618-1372-4cc1-9f9f-0a3383c839d0,2,Sociology,100,87.6,13.3,1.92,40.0,20.4,62.2,62.0,-0.2,stable,B,0
bcd61013-810d-434e-89dc-bc7fc3cead5f,1,Sociology,100,83.3,5.8,2.97,23.5,6.6,,26.9,0.0,stable,F,1
bcd61013-810d-434e-89dc-bc7fc3cead5f,2,Sociology,100,65.8,15.2,3.05,28.6,31.8,26.9,58.9,32.0,improving,C,0
2eb9bd87-80d3-4def-996b-5d0efc1d2faf,1,Biochemistry,300,61.1,5.9,2.53,27.6,28.5,,55.1,0.0,stable,C,0
2eb9bd87-80d3-4def-996b-5d0efc1d2faf,2,Biochemistry,300,85.4,9.5,1.93,34.9,38.3,55.1,74.2,19.1,improving,A,0
c13ecdc4-e791-4c2d-b833-b5b3e405fc36,1,Mechanical Engineering,300,84.4,14.3,3.02,40.0,28.4,,66.6,0.0,stable,B,0
c13ecdc4-e791-4c2d-b833-b5b3e405fc36,2,Mechanical Engineering,300,89.5,12.7,3.61,33.8,55.0,66.6,85.8,19.1,improving,A,0
b6a32cae-9aff-487c-a72a-0479ae7c576c,1,Electrical Engineering,300,95.1,17.9,2.03,37.2,41.4,,76.7,0.0,stable,A,0
b6a32cae-9aff-487c-a72a-0479ae7c576c,2,Electrical Engineering,300,46.7,6.9,3.57,28.4,35.0,76.7,65.8,-10.9,declining,B,1
c871d652-8ec4-4165-b1a4-c69998a6100c,1,Electrical Engineering,200,89.2,12.8,2.42,35.0,43.8,,80.9,0.0,stable,A,0
c871d652-8ec4-4165-b1a4-c69998a6100c,2,Electrical Engineering,200,88.0,5.2,2.59,23.1,41.4,80.9,63.8,-17.1,declining,B,0
31f919de-b4e0-43f7-abfc-80fc9b9a2a32,1,Economics,200,81.5,4.6,4.12,25.3,44.3,,70.0,0.0,stable,B,0
31f919de-b4e0-43f7-abfc-80fc9b9a2a32,2,Economics,200,72.2,10.6,2.49,35.9,37.7,70.0,69.8,-0.2,stable,B,0
1e79054e-aed6-4f6e-9542-adba6ff4ea83,1,Architecture,200,69.2,12.6,3.72,25.8,36.1,,62.0,0.0,stable,B,0
1e79054e-aed6-4f6e-9542-adba6ff4ea83,2,Architecture,200,88.1,5.2,3.4,30.3,32.2,62.0,68.6,6.6,improving,B,0
e5da85a1-36c1-441c-92e2-2f62f0392721,1,Political Science,200,72.1,15.8,3.58,23.5,25.0,,50.9,0.0,stable,C,0
e5da85a1-36c1-441c-92e2-2f62f0392721,2,Political Science,200,58.7,3.7,3.82,21.7,27.5,50.9,55.1,4.2,stable,C,0
46450ab2-d299-40c9-be10-d31bed2cfb43,1,Sociology,100,50.1,5.7,2.63,23.8,25.4,,45.8,0.0,stable,D,0
46450ab2-d299-40c9-be10-d31bed2cfb43,2,Sociology,100,97.6,13.3,3.47,33.8,44.3,45.8,81.0,35.2,improving,A,0
3e21268c-7e06-42c4-8b94-efae8e12eb9f,1,Electrical Engineering,300,60.1,13.3,3.56,34.7,60.0,,94.9,0.0,stable,A,0
3e21268c-7e06-42c4-8b94-efae8e12eb9f,2,Electrical Engineering,300,92.1,0.0,4.24,29.8,31.1,94.9,62.2,-32.8,declining,B,0
b1171f94-c815-4782-b0df-a2e7d0213edf,1,Sociology,200,72.7,13.0,4.27,27.6,31.9,,65.0,0.0,stable,B,0
b1171f94-c815-4782-b0df-a2e7d0213edf,2,Sociology,200,82.9,21.6,3.69,25.0,54.3,65.0,76.3,11.3,improving,A,0
5fdde2e8-fee6-4ae3-90be-16a1a374df3e,1,Law,100,75.1,11.6,1.71,26.0,58.8,,85.4,0.0,stable,A,0
5fdde2e8-fee6-4ae3-90be-16a1a374df3e,2,Law,100,72.4,21.1,2.68,29.0,55.3,85.4,83.1,-2.3,stable,A,0
803ef932-6d6e-42fc-b6f5-81fdfdd11706,1,Biology,300,63.8,0.7,2.25,23.0,31.6,,52.8,0.0,stable,C,0
803ef932-6d6e-42fc-b6f5-81fdfdd11706,2,Biology,300,100.0,6.7,4.12,36.1,46.1,52.8,84.4,31.6,improving,A,0
2769d97c-3d10-4df5-b11b-b8195dab43af,1,Biochemistry,100,41.7,11.9,2.79,17.7,43.7,,66.5,0.0,stable,B,1
2769d97c-3d10-4df5-b11b-b8195dab43af,2,Biochemistry,100,34.9,9.3,2.0,22.3,32.4,66.5,52.9,-13.6,declining,C,1
63b279ff-9eb8-4402-8dc5-d4a380f59ccf,1,Architecture,400,85.3,20.2,5.0,28.4,31.2,,61.3,0.0,stable,B,0
63b279ff-9eb8-4402-8dc5-d4a380f59ccf,2,Architecture,400,99.2,16.1,4.29,33.7,39.0,61.3,73.0,11.7,improving,A,0
825e2e49-a65f-4cf0-8d68-cab2dde6ac1e,1,Law,100,70.0,15.3,3.78,34.2,48.6,,83.6,0.0,stable,A,0
825e2e49-a65f-4cf0-8d68-cab2dde6ac1e,2,Law,100,86.9,2.2,3.17,32.6,35.0,83.6,67.4,-16.2,declining,B,0
b1df996d-72c9-49c6-98c9-77d85045973b,1,Biology,100,81.5,9.1,3.9,33.7,40.8,,72.4,0.0,stable,A,0
b1df996d-72c9-49c6-98c9-77d85045973b,2,Biology,100,87.2,13.0,2.4,32.2,45.4,72.4,79.2,6.8,improving,A,0
564256a4-bab7-4747-a234-a3ae2607feaa,1,Mechanical Engineering,200,82.3,12.5,3.82,37.7,48.9,,84.8,0.0,stable,A,0
564256a4-bab7-4747-a234-a3ae2607feaa,2,Mechanical Engineering,200,59.1,9.3,4.56,28.2,60.0,84.8,87.9,3.1,stable,A,0
3a591e4e-f224-42bd-9c0a-585ecdeb7019,1,Political Science,300,71.1,11.6,2.93,25.4,27.7,,54.5,0.0,stable,C,0
3a591e4e-f224-42bd-9c0a-585ecdeb7019,2,Political Science,300,90.8,24.2,2.65,31.4,39.9,54.5,74.7,20.1,improving,A,0
16b3f7df-55c0-47c7-9ced-23554b40b571,1,Political Science,100,87.2,7.6,2.28,37.2,38.8,,78.3,0.0,stable,A,0
16b3f7df-55c0-47c7-9ced-23554b40b571,2,Political Science,100,61.8,2.6,2.3,30.8,52.6,78.3,82.1,3.8,stable,A,0
e3cdc7af-f6dd-4710-8b5e-e89fc92ed44b,1,Psychology,100,100.0,16.1,1.89,36.1,48.9,,77.7,0.0,stable,A,0
e3cdc7af-f6dd-4710-8b5e-e89fc92ed44b,2,Psychology,100,84.7,17.9,3.32,31.6,42.7,77.7,73.6,-4.1,stable,A,0
9ae219b1-58a0-4463-8d5c-a96e492add51,1,Political Science,300,57.4,8.6,2.67,27.0,30.9,,55.3,0.0,stable,C,0
9ae219b1-58a0-4463-8d5c-a96e492add51,2,Political Science,300,86.4,13.9,2.57,34.8,35.5,55.3,70.5,15.2,improving,A,0
6944f14a-e394-49a7-a60a-eee7ed719e22,1,Electrical Engineering,200,89.6,9.0,2.06,32.2,21.9,,53.3,0.0,stable,C,0
6944f14a-e394-49a7-a60a-eee7ed719e22,2,Electrical Engineering,200,70.8,0.0,3.42,28.2,43.7,53.3,72.6,19.3,improving,A,0
e398b8a2-2fc5-4003-91c3-1070ce58c258,1,Medicine,200,86.0,18.0,2.89,32.2,27.9,,63.8,0.0,stable,B,0
e398b8a2-2fc5-4003-91c3-1070ce58c258,2,Medicine,200,72.8,7.0,3.59,18.7,32.9,63.8,54.3,-9.5,declining,C,0
f8e2f85f-e1f4-40b6-9339-61f53bf34801,1,Architecture,100,68.4,8.4,2.67,18.6,43.5,,61.8,0.0,stable,B,0
f8e2f85f-e1f4-40b6-9339-61f53bf34801,2,Architecture,100,70.9,10.7,3.01,32.5,38.1,61.8,66.5,4.7,stable,B,0
20954ddc-49f4-46af-952d-7c87db1a1f57,1,Business Administration,300,83.6,14.5,3.16,37.1,42.0,,82.4,0.0,stable,A,0
20954ddc-49f4-46af-952d-7c87db1a1f57,2,Business Administration,300,96.1,14.9,2.4,33.6,52.8,82.4,81.9,-0.5,stable,A,0
af143726-79ef-4422-a373-883c53aa0ab1,1,Accounting,200,69.1,10.3,2.31,33.2,40.7,,71.8,0.0,stable,A,0
af143726-79ef-4422-a373-883c53aa0ab1,2,Accounting,200,84.1,11.2,2.29,28.3,41.9,71.8,73.0,1.2,stable,A,0
5104dd7f-0dab-4c16-8aab-86461b1f0564,1,Economics,300,67.7,14.7,4.27,22.2,47.6,,72.3,0.0,stable,A,0
5104dd7f-0dab-4c16-8aab-86461b1f0564,2,Economics,300,73.6,18.2,4.76,31.4,45.2,72.3,79.5,7.2,improving,A,0
c4b82b25-399b-48e1-8b8d-fbdcc189d50c,1,Medicine,400,87.6,0.0,3.0,30.6,35.0,,64.9,0.0,stable,B,0
c4b82b25-399b-48e1-8b8d-fbdcc189d50c,2,Medicine,400,73.7,7.7,3.59,38.0,29.2,64.9,63.0,-1.9,stable,B,0
9b7bfa02-2b8f-457f-9812-ae8ef34f50a0,1,Psychology,200,75.3,11.9,3.94,23.9,36.0,,53.4,0.0,stable,C,0
9b7bfa02-2b8f-457f-9812-ae8ef34f50a0,2,Psychology,200,95.6,13.3,2.63,27.5,27.4,53.4,56.2,2.7,stable,C,0
ecf0d2ed-67f7-42aa-b920-a40547bfd377,1,Psychology,100,58.4,12.5,4.63,24.9,33.6,,59.7,0.0,stable,C,0
ecf0d2ed-67f7-42aa-b920-a40547bfd377,2,Psychology,100,56.6,20.6,4.12,25.5,39.0,59.7,63.2,3.5,stable,B,0
6e00de23-368e-4eb4-bec5-d04626d5e1ff,1,Medicine,300,70.6,13.9,3.83,23.9,52.7,,78.5,0.0,stable,A,0
6e00de23-368e-4eb4-bec5-d04626d5e1ff,2,Medicine,300,67.4,6.6,3.09,23.2,46.1,78.5,65.9,-12.6,declining,B,0
857233a5-ee20-47a8-bf96-f646f5350fb3,1,Accounting,200,83.2,11.6,2.55,31.1,49.2,,76.7,0.0,stable,A,0
857233a5-ee20-47a8-bf96-f646f5350fb3,2,Accounting,200,68.8,8.2,2.97,25.3,19.1,76.7,41.3,-35.4,declining,F,1
7d5c6c26-fce1-406c-99ac-139faceb4234,1,Psychology,100,99.6,13.2,3.17,33.5,40.3,,72.5,0.0,stable,A,0
7d5c6c26-fce1-406c-99ac-139faceb4234,2,Psychology,100,82.9,12.5,2.06,32.8,13.5,72.5,47.6,-24.9,declining,D,0
6d9f822d-543e-4a8a-bb58-36bf2895b0da,1,Accounting,300,53.9,11.5,2.04,25.8,43.1,,73.4,0.0,stable,A,0
6d9f822d-543e-4a8a-bb58-36bf2895b0da,2,Accounting,300,51.9,16.9,3.1,23.1,50.9,73.4,73.3,-0.1,stable,A,0
f5def2d9-4f65-48de-b256-1c4c94544f3d,1,Biology,200,85.8,7.0,2.49,36.9,49.9,,86.6,0.0,stable,A,0
f5def2d9-4f65-48de-b256-1c4c94544f3d,2,Biology,200,33.2,11.0,3.03,20.5,42.3,86.6,61.3,-25.3,declining,B,1
1afc4df2-5b69-43cf-96d0-69ae0b864de8,1,Biochemistry,300,87.6,6.2,3.99,40.0,28.3,,65.5,0.0,stable,B,0
1afc4df2-5b69-43cf-96d0-69ae0b864de8,2,Biochemistry,300,81.2,6.1,2.61,36.7,41.9,65.5,84.6,19.1,improving,A,0
adc237ac-2033-420e-a28b-1bd86fb73ac4,1,Psychology,100,77.6,8.9,3.04,29.8,36.1,,65.8,0.0,stable,B,0
adc237ac-2033-420e-a28b-1bd86fb73ac4,2,Psychology,100,61.0,13.4,1.87,23.6,37.1,65.8,54.0,-11.8,declining,C,0
98263fa2-3379-4a31-a4e0-7340e41383f9,1,Sociology,100,86.5,1.7,3.54,25.8,29.3,,56.7,0.0,stable,C,0
98263fa2-3379-4a31-a4e0-7340e41383f9,2,Sociology,100,100.0,12.6,1.41,39.8,34.5,56.7,74.5,17.8,improving,A,0
d2dfcbf8-a635-4b20-9d85-45c1a2b4ba8b,1,Medicine,100,83.4,0.9,3.01,29.6,43.9,,75.7,0.0,stable,A,0
d2dfcbf8-a635-4b20-9d85-45c1a2b4ba8b,2,Medicine,100,50.6,18.3,3.36,17.4,45.4,75.7,65.8,-9.8,declining,B,0
d85bd88c-bfe3-4b8f-b187-acff788297db,1,Mechanical Engineering,200,56.8,18.9,1.79,22.4,32.6,,59.2,0.0,stable,C,0
d85bd88c-bfe3-4b8f-b187-acff788297db,2,Mechanical Engineering,200,67.6,6.2,3.36,31.8,42.8,59.2,73.8,14.7,improving,A,0
0865046f-892c-4eee-bd64-85ddb4637db3,1,Computer Engineering,100,78.8,8.7,4.34,36.5,50.8,,89.6,0.0,stable,A,0
0865046f-892c-4eee-bd64-85ddb4637db3,2,Computer Engineering,100,82.8,5.8,3.51,32.1,48.8,89.6,83.3,-6.3,declining,A,0
dc9c47be-ed2e-49a3-9071-3506b92e1692,1,Medicine,200,83.3,3.6,2.93,28.9,35.9,,63.6,0.0,stable,B,0
dc9c47be-ed2e-49a3-9071-3506b92e1692,2,Medicine,200,70.9,14.3,2.65,29.8,25.3,63.6,52.6,-10.9,declining,C,0
f0d8ca4b-0b1d-4b65-9db2-8875312e6c5f,1,Economics,200,84.8,5.8,4.0,36.8,34.5,,80.3,0.0,stable,A,0
f0d8ca4b-0b1d-4b65-9db2-8875312e6c5f,2,Economics,200,93.6,7.3,3.6,34.1,29.6,80.3,60.5,-19.9,declining,B,0
c177b39e-a694-4bcf-8647-a7e760cecff9,1,Law,200,89.9,9.0,2.92,28.4,29.8,,57.8,0.0,stable,C,0
c177b39e-a694-4bcf-8647-a7e760cecff9,2,Law,200,80.8,0.0,3.01,27.4,45.1,57.8,81.3,23.5,improving,A,0
36b6440f-a880-471e-a89e-43eaf5f3cb51,1,Psychology,200,69.6,3.4,3.09,27.9,53.3,,86.2,0.0,stable,A,0
36b6440f-a880-471e-a89e-43eaf5f3cb51,2,Psychology,200,88.0,9.1,3.54,33.9,41.0,86.2,70.2,-16.0,declining,A,0
7761831e-b84c-4227-9d80-15e13170e0bd,1,Law,200,90.9,12.5,2.92,30.2,31.9,,63.0,0.0,stable,B,0
7761831e-b84c-4227-9d80-15e13170e0bd,2,Law,200,48.8,15.9,2.16,14.5,58.9,63.0,70.8,7.8,improving,A,1
ca4710e1-5a71-4a80-a229-eabc12775516,1,Architecture,200,64.2,17.7,4.48,20.2,37.0,,54.5,0.0,stable,C,0
ca4710e1-5a71-4a80-a229-eabc12775516,2,Architecture,200,89.0,20.2,2.14,39.9,36.6,54.5,77.5,22.9,improving,A,0
fb1a3fe0-c854-4041-ae5b-c2fa5d94f72c,1,Economics,100,55.9,11.4,2.91,24.6,42.8,,64.4,0.0,stable,B,0
fb1a3fe0-c854-4041-ae5b-c2fa5d94f72c,2,Economics,100,61.7,14.2,4.07,27.2,48.3,64.4,77.8,13.4,improving,A,0
f916576e-3f5f-4310-ab8e-8f680af64dc6,1,Architecture,300,87.5,7.2,2.38,29.0,54.2,,84.8,0.0,stable,A,0
f916576e-3f5f-4310-ab8e-8f680af64dc6,2,Architecture,300,81.9,13.8,1.94,40.0,43.6,84.8,85.7,1.0,stable,A,0
ea9a35b7-7338-4f30-9b59-bcd25e08d1e4,1,Electrical Engineering,100,48.5,15.9,2.72,18.1,32.2,,46.5,0.0,stable,D,1
ea9a35b7-7338-4f30-9b59-bcd25e08d1e4,2,Electrical Engineering,100,55.8,12.3,2.69,27.8,55.9,46.5,83.4,36.8,improving,A,0
9aaf3a6c-2a89-4360-9e3d-d7bb6b8e8c4f,1,Medicine,400,41.3,10.8,3.95,22.8,55.9,,80.1,0.0,stable,A,1
9aaf3a6c-2a89-4360-9e3d-d7bb6b8e8c4f,2,Medicine,400,47.4,12.5,3.24,29.9,58.6,80.1,91.2,11.1,improving,A,1
463056ca-a02c-42f7-9693-c1133a2f10e8,1,Psychology,100,81.6,15.4,2.87,24.0,42.1,,67.2,0.0,stable,B,0
463056ca-a02c-42f7-9693-c1133a2f10e8,2,Psychology,100,56.9,18.6,3.8,19.5,59.6,67.2,78.2,10.9,improving,A,0
11f4f573-95ef-46fb-be99-636eb18feee4,1,Accounting,200,63.3,17.4,2.96,37.2,34.8,,66.8,0.0,stable,B,0
11f4f573-95ef-46fb-be99-636eb18feee4,2,Accounting,200,70.8,15.9,2.26,22.5,43.2,66.8,61.3,-5.5,declining,B,0
8d5bd8f3-f29f-48d3-b5ef-6f4a556bdf8d,1,Computer Science,200,79.6,10.3,3.4,24.0,52.1,,75.6,0.0,stable,A,0
8d5bd8f3-f29f-48d3-b5ef-6f4a556bdf8d,2,Computer Science,200,86.5,16.8,2.07,36.7,26.9,75.6,59.5,-16.1,declining,C,0
17a836ef-d59b-4164-b7a7-8a22a9c8fa78,1,Electrical Engineering,100,100.0,17.6,4.66,33.1,47.9,,82.6,0.0,stable,A,0
17a836ef-d59b-4164-b7a7-8a22a9c8fa78,2,Electrical Engineering,100,74.8,8.3,2.28,31.0,24.8,82.6,52.6,-30.1,declining,C,0
ed67941d-04ab-434a-9e9d-06c938d50558,1,Accounting,200,80.9,11.5,3.75,29.1,34.9,,65.2,0.0,stable,B,0
ed67941d-04ab-434a-9e9d-06c938d50558,2,Accounting,200,62.8,8.7,2.51,26.5,54.0,65.2,76.3,11.1,improving,A,0
9ad948e6-2484-4f8e-82e6-9b28bb21b372,1,Economics,300,94.4,15.7,4.25,40.0,59.0,,100.0,0.0,stable,A,0
9ad948e6-2484-4f8e-82e6-9b28bb21b372,2,Economics,300,55.3,6.1,3.29,17.6,42.1,100.0,53.2,-46.8,declining,C,0
c55468e3-3fbd-40e8-868f-96c889b1c070,1,Sociology,200,92.3,10.4,3.1,29.7,19.6,,53.1,0.0,stable,C,0
c55468e3-3fbd-40e8-868f-96c889b1c070,2,Sociology,200,95.0,10.2,3.53,32.1,42.3,53.1,76.6,23.5,improving,A,0
afa09cdb-e63d-4546-9a04-41a9038863fe,1,Law,400,83.3,18.7,3.42,31.8,37.6,,67.9,0.0,stable,B,0
afa09cdb-e63d-4546-9a04-41a9038863fe,2,Law,400,87.2,4.5,3.88,31.0,27.8,67.9,55.5,-12.4,declining,C,0
e038567d-5a6e-4fdb-888b-d09174b1f417,1,Law,400,85.1,11.9,4.27,25.7,36.3,,61.7,0.0,stable,B,0
e038567d-5a6e-4fdb-888b-d09174b1f417,2,Law,400,63.7,12.0,3.26,30.2,55.2,61.7,81.4,19.7,improving,A,0
4ebb3ad9-62bd-4dd7-81b9-fe10ed80f392,1,Architecture,200,80.1,8.8,3.34,33.2,28.1,,58.5,0.0,stable,C,0
4ebb3ad9-62bd-4dd7-81b9-fe10ed80f392,2,Architecture,200,82.7,12.1,2.82,34.8,46.6,58.5,79.9,21.3,improving,A,0
e3f5cde6-db6b-40e2-8cc3-43a7b764e081,1,Computer Engineering,300,62.2,5.7,3.03,20.3,36.1,,60.1,0.0,stable,B,0
e3f5cde6-db6b-40e2-8cc3-43a7b764e081,2,Computer Engineering,300,69.7,9.3,4.6,36.5,33.2,60.1,70.1,10.0,improving,A,0
9d6c27be-8b7e-4ab7-bc50-1b2d75e49b70,1,Computer Science,100,79.9,13.0,4.45,31.4,45.6,,79.1,0.0,stable,A,0
9d6c27be-8b7e-4ab7-bc50-1b2d75e49b70,2,Computer Science,100,92.8,16.7,3.43,25.8,38.9,79.1,67.1,-11.9,declining,B,0
4dbb802a-e931-4a3c-a549-012529b9ad7a,1,Business Administration,100,78.8,16.1,4.51,24.9,56.9,,80.8,0.0,stable,A,0
4dbb802a-e931-4a3c-a549-012529b9ad7a,2,Business Administration,100,89.0,11.8,4.7,33.5,36.4,80.8,71.1,-9.7,declining,A,0
ed06be11-6917-4b6e-8622-f098833e5993,1,Business Administration,100,79.9,17.7,3.36,40.0,43.2,,82.9,0.0,stable,A,0
ed06be11-6917-4b6e-8622-f098833e5993,2,Business Administration,100,65.9,12.4,3.18,29.6,40.9,82.9,68.7,-14.3,declining,B,0
4cafb1a1-b552-42a5-890e-7e2f33bc75bc,1,Economics,200,61.8,10.1,3.91,34.1,39.3,,70.6,0.0,stable,A,0
4cafb1a1-b552-42a5-890e-7e2f33bc75bc,2,Economics,200,73.8,22.5,3.8,32.5,58.3,70.6,95.4,24.8,improving,A,0
4fa96968-410a-42ea-b3c8-d5c5a5526eba,1,Electrical Engineering,200,57.7,10.0,2.58,29.5,38.9,,70.7,0.0,stable,A,0
4fa96968-410a-42ea-b3c8-d5c5a5526eba,2,Electrical Engineering,200,67.4,18.9,2.94,32.0,56.3,70.7,91.6,20.9,improving,A,0
adcf49e4-fa71-4158-aea0-ecfc546b8258,1,Psychology,300,80.4,16.1,4.39,33.7,38.0,,73.4,0.0,stable,A,0
adcf49e4-fa71-4158-aea0-ecfc546b8258,2,Psychology,300,74.4,0.3,3.37,30.5,43.5,73.4,71.7,-1.7,stable,A,0
a2f5240b-3085-46b6-b674-6e0935c46282,1,Political Science,200,52.4,12.8,3.3,26.0,41.0,,63.7,0.0,stable,B,0
a2f5240b-3085-46b6-b674-6e0935c46282,2,Political Science,200,72.9,10.3,3.86,31.5,37.3,63.7,73.9,10.2,improving,A,0
bfbe6d45-c058-4e87-a5a9-5c14a3728b27,1,Economics,300,71.0,14.8,2.87,37.3,42.2,,79.9,0.0,stable,A,0
bfbe6d45-c058-4e87-a5a9-5c14a3728b27,2,Economics,300,72.9,13.0,3.96,33.8,42.5,79.9,81.4,1.5,stable,A,0
ade4fd6f-87e0-4f33-876f-d06e6e8ec8fd,1,Computer Engineering,300,88.1,9.8,1.9,30.5,39.9,,72.3,0.0,stable,A,0
ade4fd6f-87e0-4f33-876f-d06e6e8ec8fd,2,Computer Engineering,300,95.4,6.5,2.65,28.2,21.6,72.3,47.9,-24.4,declining,D,0
8939dde7-62e7-423d-aa7e-ee8f15d42e6a,1,Computer Engineering,200,80.5,15.9,2.24,27.1,23.0,,50.7,0.0,stable,C,0
8939dde7-62e7-423d-aa7e-ee8f15d42e6a,2,Computer Engineering,200,64.0,20.3,3.33,26.9,39.8,50.7,62.2,11.5,improving,B,0
0a3f5217-f20a-432e-a860-6760bf284cf3,1,Political Science,300,54.5,8.9,2.44,20.9,40.0,,62.4,0.0,stable,B,0
0a3f5217-f20a-432e-a860-6760bf284cf3,2,Political Science,300,68.1,21.7,1.6,28.9,41.5,62.4,68.8,6.3,improving,B,0
33527bfb-56aa-4706-9d46-529e20154b62,1,Accounting,200,64.5,12.0,2.82,25.9,26.2,,47.3,0.0,stable,D,0
33527bfb-56aa-4706-9d46-529e20154b62,2,Accounting,200,70.7,10.0,2.84,28.6,32.6,47.3,60.5,13.3,improving,B,0
2a596e46-f6f6-43e3-855d-d89558ea3630,1,Economics,100,62.2,19.6,2.36,25.6,36.5,,59.9,0.0,stable,C,0
2a596e46-f6f6-43e3-855d-d89558ea3630,2,Economics,100,75.4,11.5,2.63,28.7,31.3,59.9,61.1,1.3,stable,B,0
17f0ee43-fb2d-4f67-9052-2a8abdedb962,1,Political Science,300,100.0,7.6,3.32,35.2,43.8,,81.1,0.0,stable,A,0
17f0ee43-fb2d-4f67-9052-2a8abdedb962,2,Political Science,300,78.1,11.8,2.65,26.8,37.8,81.1,60.7,-20.4,declining,B,0
1d0e1544-66f2-4fe6-8661-46baf5626f3b,1,Architecture,200,66.1,17.5,3.08,32.7,58.4,,90.5,0.0,stable,A,0
1d0e1544-66f2-4fe6-8661-46baf5626f3b,2,Architecture,200,78.1,10.5,2.35,25.9,45.6,90.5,72.1,-18.4,declining,A,0
cdac2bee-4ee5-494f-93ab-d19028c088c6,1,Law,100,100.0,16.9,2.42,39.2,38.8,,81.7,0.0,stable,A,0
cdac2bee-4ee5-494f-93ab-d19028c088c6,2,Law,100,67.7,6.7,2.36,24.8,26.1,81.7,49.2,-32.4,declining,D,0
89c0061e-9a39-4c89-ba9c-5d58fd280eb9,1,Biology,300,87.9,21.0,1.94,38.9,39.1,,79.0,0.0,stable,A,0
89c0061e-9a39-4c89-ba9c-5d58fd280eb9,2,Biology,300,50.2,14.6,1.4,26.6,40.8,79.0,68.0,-11.0,declining,B,0
36afb19a-baea-4de5-a5e4-66299b579c29,1,Political Science,100,64.0,14.7,3.31,26.7,48.9,,75.3,0.0,stable,A,0
36afb19a-baea-4de5-a5e4-66299b579c29,2,Political Science,100,82.9,11.4,3.17,34.5,35.5,75.3,66.2,-9.1,declining,B,0
d983f00b-a6ac-4e24-a706-8fbcbab99dcd,1,Business Administration,100,79.1,17.9,3.24,32.4,43.9,,78.5,0.0,stable,A,0
d983f00b-a6ac-4e24-a706-8fbcbab99dcd,2,Business Administration,100,72.2,9.7,3.88,26.8,48.6,78.5,78.7,0.2,stable,A,0
7a64f5e7-cf0f-4682-a26d-3286b0c96166,1,Architecture,300,83.5,5.8,3.02,30.7,30.2,,61.3,0.0,stable,B,0
7a64f5e7-cf0f-4682-a26d-3286b0c96166,2,Architecture,300,86.5,9.7,2.86,31.1,49.3,61.3,79.6,18.3,improving,A,0
2ca5861e-98ed-4e19-9ee0-7601a228eb5f,1,Medicine,100,56.5,4.1,3.29,22.5,41.2,,59.7,0.0,stable,C,0
2ca5861e-98ed-4e19-9ee0-7601a228eb5f,2,Medicine,100,66.9,5.3,3.35,31.6,38.9,59.7,67.3,7.6,improving,B,0
bec64dac-a51f-456c-81c7-de6a377db118,1,Architecture,100,63.8,13.2,1.65,26.6,52.9,,78.9,0.0,stable,A,0
bec64dac-a51f-456c-81c7-de6a377db118,2,Architecture,100,52.7,9.0,2.5,36.2,53.0,78.9,91.5,12.6,improving,A,0
6e0e4839-64c5-4b3e-a771-950d801933ad,1,Political Science,100,69.9,18.0,2.09,34.4,51.3,,85.2,0.0,stable,A,0
6e0e4839-64c5-4b3e-a771-950d801933ad,2,Political Science,100,92.1,9.8,1.99,38.3,35.1,85.2,75.2,-10.0,declining,A,0
a7ee6883-54f0-4423-80b8-28059ab66c4d,1,Mechanical Engineering,300,100.0,8.4,2.89,40.0,43.4,,81.4,0.0,stable,A,0
a7ee6883-54f0-4423-80b8-28059ab66c4d,2,Mechanical Engineering,300,60.7,9.4,2.41,28.3,37.3,81.4,66.4,-14.9,declining,B,0
ba9647e7-0735-4282-947b-afc4cc69cf05,1,Psychology,300,62.4,11.6,1.36,28.2,47.8,,71.7,0.0,stable,A,0
ba9647e7-0735-4282-947b-afc4cc69cf05,2,Psychology,300,82.3,8.9,3.64,32.2,42.7,71.7,75.2,3.4,stable,A,0
9133bd34-5ba4-4d33-b7de-f135f2dd5357,1,Medicine,400,94.9,13.7,2.44,34.5,36.0,,71.0,0.0,stable,A,0
9133bd34-5ba4-4d33-b7de-f135f2dd5357,2,Medicine,400,68.7,8.6,3.16,29.0,48.1,71.0,75.9,4.9,stable,A,0
a000e5d3-1d47-4434-ae84-c3f70a2a5ff4,1,Electrical Engineering,300,45.3,10.2,1.7,26.1,18.9,,42.1,0.0,stable,F,1
a000e5d3-1d47-4434-ae84-c3f70a2a5ff4,2,Electrical Engineering,300,69.6,19.7,2.14,29.0,49.2,42.1,82.6,40.5,improving,A,0
db60692a-7885-40c0-8783-99cbdd984441,1,Electrical Engineering,100,86.7,17.5,3.69,26.3,48.5,,77.3,0.0,stable,A,0
db60692a-7885-40c0-8783-99cbdd984441,2,Electrical Engineering,100,60.7,9.1,2.36,31.0,35.5,77.3,65.6,-11.7,declining,B,0
fd082011-3cac-403e-bf0d-a14ae823d54e,1,Accounting,100,55.8,11.7,2.55,27.4,27.0,,54.9,0.0,stable,C,0
fd082011-3cac-403e-bf0d-a14ae823d54e,2,Accounting,100,68.4,5.8,1.94,22.8,30.9,54.9,54.1,-0.8,stable,C,0
126fb34a-b770-43b8-9c55-435b21c8a940,1,Political Science,100,79.0,13.5,2.39,36.1,35.0,,72.5,0.0,stable,A,0
126fb34a-b770-43b8-9c55-435b21c8a940,2,Political Science,100,72.5,13.9,2.83,31.5,40.5,72.5,74.4,1.9,stable,A,0
f06e0c20-03d0-40b3-a08c-ca87542f96c5,1,Psychology,200,62.7,3.2,2.22,32.9,30.1,,63.3,0.0,stable,B,0
f06e0c20-03d0-40b3-a08c-ca87542f96c5,2,Psychology,200,59.2,12.3,2.18,22.5,34.1,63.3,57.9,-5.4,declining,C,0
2f3c3ff5-ebed-4720-a4dd-b7e46e5a1d4e,1,Economics,200,83.3,14.9,1.73,31.6,37.1,,64.2,0.0,stable,B,0
2f3c3ff5-ebed-4720-a4dd-b7e46e5a1d4e,2,Economics,200,75.2,10.7,3.41,30.5,34.0,64.2,67.2,3.1,stable,B,0
76867dd4-6217-445a-a2b3-3fb5a2ee0478,1,Psychology,300,41.7,11.7,1.59,18.8,41.8,,56.7,0.0,stable,C,1
76867dd4-6217-445a-a2b3-3fb5a2ee0478,2,Psychology,300,53.6,23.9,1.91,34.0,44.2,56.7,76.6,19.9,improving,A,0
5f60bb62-f5a4-4eb3-a5d2-3dfc857a9057,1,Electrical Engineering,200,83.5,18.7,2.08,29.1,51.0,,81.0,0.0,stable,A,0
5f60bb62-f5a4-4eb3-a5d2-3dfc857a9057,2,Electrical Engineering,200,91.5,14.6,4.45,34.2,46.5,81.0,81.7,0.7,stable,A,0
5db58b8c-8923-444d-a25c-0bd62b8c747d,1,Biology,200,72.9,16.2,3.19,33.5,52.4,,87.2,0.0,stable,A,0
5db58b8c-8923-444d-a25c-0bd62b8c747d,2,Biology,200,82.5,6.9,2.56,35.7,49.3,87.2,79.2,-8.0,declining,A,0
143053c7-fda7-4161-a4c4-ba7ad2d73597,1,Business Administration,300,66.5,12.1,2.3,24.2,43.0,,71.9,0.0,stable,A,0
143053c7-fda7-4161-a4c4-ba7ad2d73597,2,Business Administration,300,44.5,11.1,3.37,27.8,42.9,71.9,76.0,4.1,stable,A,1
26046560-ebb4-4db1-807b-32ca9a61ad15,1,Business Administration,300,75.4,18.6,2.48,30.4,31.1,,64.2,0.0,stable,B,0
26046560-ebb4-4db1-807b-32ca9a61ad15,2,Business Administration,300,73.2,13.8,2.75,32.6,44.3,64.2,73.9,9.7,improving,A,0
baf7f3af-d5d6-47ae-b107-1f7bd97e611c,1,Biochemistry,300,60.9,11.9,3.53,36.5,43.6,,83.1,0.0,stable,A,0
baf7f3af-d5d6-47ae-b107-1f7bd97e611c,2,Biochemistry,300,50.8,22.1,3.48,24.9,46.1,83.1,67.7,-15.4,declining,B,0
f560fbb7-1f9c-4147-a730-f096f3f04218,1,Accounting,100,62.7,21.6,2.21,22.5,37.8,,56.7,0.0,stable,C,0
f560fbb7-1f9c-4147-a730-f096f3f04218,2,Accounting,100,75.2,17.4,2.51,23.2,45.4,56.7,68.4,11.7,improving,B,0
e1900f69-6f26-41cc-87ef-567ce2218803,1,Electrical Engineering,200,90.0,9.7,2.79,32.3,38.4,,69.5,0.0,stable,B,0
e1900f69-6f26-41cc-87ef-567ce2218803,2,Electrical Engineering,200,66.7,2.7,2.55,31.9,40.6,69.5,71.1,1.6,stable,A,0
ee887340-a786-4246-b16b-aa9fbf842396,1,Biochemistry,100,94.5,11.9,1.93,25.6,49.5,,74.0,0.0,stable,A,0
ee887340-a786-4246-b16b-aa9fbf842396,2,Biochemistry,100,56.8,0.7,2.68,28.4,23.9,74.0,49.1,-24.9,declining,D,0
1686bcea-ecc7-45e5-86fc-68124a01b242,1,Business Administration,300,66.8,18.2,1.89,25.1,53.9,,80.5,0.0,stable,A,0
1686bcea-ecc7-45e5-86fc-68124a01b242,2,Business Administration,300,77.7,8.8,3.02,27.8,28.7,80.5,53.3,-27.2,declining,C,0
4a54098a-1342-4058-b0d9-b21ec6c58c43,1,Electrical Engineering,300,86.8,11.7,3.25,33.1,44.3,,76.6,0.0,stable,A,0
4a54098a-1342-4058-b0d9-b21ec6c58c43,2,Electrical Engineering,300,67.8,7.9,1.87,22.9,30.7,76.6,48.9,-27.7,declining,D,0
97f52eaa-49c9-4f8e-959b-392e09c11b1b,1,Accounting,100,54.3,17.2,3.18,23.6,60.0,,78.6,0.0,stable,A,0
97f52eaa-49c9-4f8e-959b-392e09c11b1b,2,Accounting,100,89.6,11.4,3.63,33.5,21.7,78.6,55.5,-23.2,declining,C,0
0fb57d3b-8e5a-4975-b0c2-c585b743beca,1,Mechanical Engineering,100,80.0,1.0,4.56,32.6,41.6,,70.6,0.0,stable,A,0
0fb57d3b-8e5a-4975-b0c2-c585b743beca,2,Mechanical Engineering,100,85.4,17.4,3.2,32.0,34.9,70.6,66.3,-4.3,stable,B,0
f5283590-08c8-4331-96f9-d81cc7772375,1,Biology,200,67.3,14.9,2.32,31.3,31.9,,62.4,0.0,stable,B,0
f5283590-08c8-4331-96f9-d81cc7772375,2,Biology,200,84.2,8.5,3.52,34.6,35.4,62.4,73.5,11.1,improving,A,0
792b22f5-5f75-4fb8-a8a0-d019310684cb,1,Accounting,100,76.2,17.5,4.43,29.0,52.8,,79.9,0.0,stable,A,0
792b22f5-5f75-4fb8-a8a0-d019310684cb,2,Accounting,100,59.5,11.0,1.91,22.2,42.6,79.9,63.3,-16.7,declining,B,0
66b4ab8c-e738-4658-b81f-fd152dc09837,1,Political Science,300,85.7,13.5,4.48,34.8,54.7,,90.7,0.0,stable,A,0
66b4ab8c-e738-4658-b81f-fd152dc09837,2,Political Science,300,79.7,17.8,3.54,32.0,46.9,90.7,80.5,-10.2,declining,A,0
772e5fc4-99f5-4389-9c4e-807e9a99cd14,1,Law,400,64.9,8.4,4.14,37.3,30.0,,65.3,0.0,stable,B,0
772e5fc4-99f5-4389-9c4e-807e9a99cd14,2,Law,400,92.1,14.7,3.54,37.9,40.2,65.3,79.1,13.7,improving,A,0
036242f4-ac96-44f5-94c0-c5bed1bf3f95,1,Electrical Engineering,300,78.8,7.7,3.25,36.9,33.7,,71.1,0.0,stable,A,0
036242f4-ac96-44f5-94c0-c5bed1bf3f95,2,Electrical Engineering,300,78.1,10.6,3.54,27.2,53.0,71.1,82.1,11.0,improving,A,0
96ec71d4-5bda-467e-9316-03680f6c96e5,1,Sociology,200,60.9,20.5,3.13,23.6,57.0,,82.0,0.0,stable,A,0
96ec71d4-5bda-467e-9316-03680f6c96e5,2,Sociology,200,48.4,9.4,3.22,13.9,39.0,82.0,53.4,-28.7,declining,C,1
05f9e775-6d8f-46a7-81e3-3d2d22f94a6a,1,Sociology,200,57.2,13.4,3.01,20.5,49.7,,72.8,0.0,stable,A,0
05f9e775-6d8f-46a7-81e3-3d2d22f94a6a,2,Sociology,200,70.7,11.0,3.58,28.1,20.7,72.8,50.3,-22.4,declining,C,0
e5627d14-b77d-4558-a210-7eb7e6d00da3,1,Law,400,62.8,10.1,4.17,26.9,40.5,,68.9,0.0,stable,B,0
e5627d14-b77d-4558-a210-7eb7e6d00da3,2,Law,400,82.6,7.4,2.95,31.7,38.9,68.9,71.5,2.5,stable,A,0
9c78b91f-c82a-459e-a0aa-49b616673ea6,1,Computer Engineering,300,100.0,6.1,3.78,40.0,41.9,,79.9,0.0,stable,A,0
9c78b91f-c82a-459e-a0aa-49b616673ea6,2,Computer Engineering,300,100.0,1.0,2.45,40.0,26.9,79.9,71.7,-8.2,declining,A,0
68e3c77c-d120-4962-aa3f-95bfbfc8510a,1,Political Science,100,52.3,6.4,2.57,27.6,32.5,,58.6,0.0,stable,C,0
68e3c77c-d120-4962-aa3f-95bfbfc8510a,2,Political Science,100,96.3,19.6,2.67,25.7,22.7,58.6,49.2,-9.4,declining,D,0
5b0579ed-e739-4d24-adb6-8f5ed9712daf,1,Law,300,84.8,12.3,2.94,27.9,46.2,,79.2,0.0,stable,A,0
5b0579ed-e739-4d24-adb6-8f5ed9712daf,2,Law,300,41.7,11.6,2.22,15.9,26.4,79.2,43.5,-35.7,declining,F,1
dd9aacb9-fc91-4a48-a8f7-4bb842a779a2,1,Biology,200,81.1,19.3,3.01,22.4,42.4,,60.7,0.0,stable,B,0
dd9aacb9-fc91-4a48-a8f7-4bb842a779a2,2,Biology,200,56.9,14.9,3.16,29.3,38.4,60.7,70.1,9.4,improving,A,0
3a296c51-354a-49c6-9e73-98c34da1a137,1,Architecture,400,68.8,17.6,3.28,27.7,46.2,,73.9,0.0,stable,A,0
3a296c51-354a-49c6-9e73-98c34da1a137,2,Architecture,400,98.9,13.2,3.0,33.6,48.9,73.9,84.6,10.7,improving,A,0
d950621a-7473-49cb-a06c-991d2d3b2701,1,Medicine,100,70.9,6.2,2.28,28.3,47.5,,75.0,0.0,stable,A,0
d950621a-7473-49cb-a06c-991d2d3b2701,2,Medicine,100,66.1,3.2,4.21,31.1,43.7,75.0,77.6,2.6,stable,A,0
e042bf65-a103-4393-8758-d8bee44e938c,1,Accounting,300,72.5,12.4,4.19,30.4,48.1,,81.1,0.0,stable,A,0
e042bf65-a103-4393-8758-d8bee44e938c,2,Accounting,300,84.6,11.4,2.97,35.8,46.8,81.1,86.1,5.0,stable,A,0
7f837582-8285-493c-b78e-fad0c34556d9,1,Computer Engineering,300,83.3,15.0,2.64,28.7,48.8,,75.8,0.0,stable,A,0
7f837582-8285-493c-b78e-fad0c34556d9,2,Computer Engineering,300,74.7,18.9,3.98,31.4,43.5,75.8,74.6,-1.3,stable,A,0
074227e1-29f6-4b29-a2ac-21639a2e55db,1,Architecture,300,88.0,11.8,2.55,38.7,40.4,,77.3,0.0,stable,A,0
074227e1-29f6-4b29-a2ac-21639a2e55db,2,Architecture,300,82.2,16.9,2.19,30.4,39.0,77.3,70.8,-6.6,declining,A,0
eca954b6-11b5-4739-9917-30ee88f9f92a,1,Accounting,100,84.5,9.2,1.81,37.1,24.0,,61.9,0.0,stable,B,0
eca954b6-11b5-4739-9917-30ee88f9f92a,2,Accounting,100,73.0,12.8,4.32,40.0,26.5,61.9,69.4,7.5,improving,B,0
7cdde044-c862-4fe6-93ad-ad4120be76c4,1,Political Science,300,72.7,17.2,3.77,36.6,47.7,,81.6,0.0,stable,A,0
7cdde044-c862-4fe6-93ad-ad4120be76c4,2,Political Science,300,88.9,12.6,2.81,30.4,49.7,81.6,84.9,3.3,stable,A,0
3dbd6d62-f357-4390-9353-431f6d90e8b2,1,Law,200,57.1,15.1,2.7,19.1,42.7,,59.3,0.0,stable,C,0
3dbd6d62-f357-4390-9353-431f6d90e8b2,2,Law,200,51.3,8.1,2.18,22.0,21.9,59.3,42.7,-16.5,declining,F,1
c4de0f85-58c1-4f97-b21a-af79dcb5c3d8,1,Law,200,64.3,13.9,3.47,29.2,39.5,,67.9,0.0,stable,B,0
c4de0f85-58c1-4f97-b21a-af79dcb5c3d8,2,Law,200,62.4,7.9,3.56,18.7,37.0,67.9,54.7,-13.2,declining,C,0
b172d282-7550-499f-bd2b-42435e840f6f,1,Architecture,300,84.0,4.9,3.01,33.5,15.5,,45.7,0.0,stable,D,0
b172d282-7550-499f-bd2b-42435e840f6f,2,Architecture,300,73.6,14.6,3.15,32.5,30.9,45.7,58.7,12.9,improving,C,0
aaad98a4-d0b7-4f50-8e23-f9268d992a37,1,Medicine,300,76.3,5.9,2.31,34.9,35.7,,68.9,0.0,stable,B,0
aaad98a4-d0b7-4f50-8e23-f9268d992a37,2,Medicine,300,64.5,15.1,3.17,21.8,22.6,68.9,50.1,-18.8,declining,C,0
07eb3216-0a8e-4f5b-af40-94b3a282d7bf,1,Medicine,200,56.7,14.6,4.21,27.1,37.9,,60.7,0.0,stable,B,0
07eb3216-0a8e-4f5b-af40-94b3a282d7bf,2,Medicine,200,53.4,13.9,4.16,23.7,37.7,60.7,63.5,2.8,stable,B,0
20c4565e-9738-4941-8af6-9c96081c549e,1,Psychology,200,64.7,13.4,3.03,25.9,40.5,,71.6,0.0,stable,A,0
20c4565e-9738-4941-8af6-9c96081c549e,2,Psychology,200,84.1,17.5,2.27,37.3,48.4,71.6,81.2,9.5,improving,A,0
5879ed05-5a04-4a49-b3af-03122e38cc07,1,Political Science,200,83.1,9.4,1.76,32.3,40.7,,73.4,0.0,stable,A,0
5879ed05-5a04-4a49-b3af-03122e38cc07,2,Political Science,200,73.4,10.3,4.97,23.8,51.1,73.4,74.9,1.5,stable,A,0
e448c328-5a9c-4ae9-a3d0-b9c6db54f9a1,1,Biochemistry,300,62.2,11.8,1.89,24.5,36.7,,56.5,0.0,stable,C,0
e448c328-5a9c-4ae9-a3d0-b9c6db54f9a1,2,Biochemistry,300,82.6,7.2,1.84,26.1,55.6,56.5,75.7,19.2,improving,A,0
6b7c4afe-c0b7-4d2d-9b07-d811fb334ca9,1,Political Science,100,81.5,8.2,2.72,34.3,41.9,,74.2,0.0,stable,A,0
6b7c4afe-c0b7-4d2d-9b07-d811fb334ca9,2,Political Science,100,54.6,15.1,3.44,24.5,47.1,74.2,70.3,-3.9,stable,A,0
59346bbf-278d-4b7a-8e2d-965abd09294d,1,Computer Science,100,62.6,12.0,3.42,29.1,45.5,,72.3,0.0,stable,A,0
59346bbf-278d-4b7a-8e2d-965abd09294d,2,Computer Science,100,98.7,10.3,2.9,28.2,36.2,72.3,66.0,-6.3,declining,B,0
641b907e-dc62-440d-aa28-8b800ca06790,1,Sociology,200,86.4,19.8,3.42,33.7,41.5,,73.2,0.0,stable,A,0
641b907e-dc62-440d-aa28-8b800ca06790,2,Sociology,200,89.6,16.8,2.14,36.5,47.7,73.2,80.9,7.7,improving,A,0
fbaed027-2d86-42b4-a6fb-60a51d56293d,1,Computer Science,100,83.1,6.8,1.06,30.8,34.5,,65.0,0.0,stable,B,0
fbaed027-2d86-42b4-a6fb-60a51d56293d,2,Computer Science,100,100.0,13.9,3.12,37.1,36.7,65.0,76.7,11.7,improving,A,0
da3158ec-f155-426a-a4b4-dad562fb0456,1,Biochemistry,100,80.4,13.6,2.5,23.3,34.7,,58.8,0.0,stable,C,0
da3158ec-f155-426a-a4b4-dad562fb0456,2,Biochemistry,100,68.3,13.5,2.81,30.8,30.5,58.8,61.9,3.1,stable,B,0
7b781d1d-03af-4383-9529-6553d5d8e237,1,Architecture,400,65.4,4.3,2.87,35.8,19.2,,55.3,0.0,stable,C,0
7b781d1d-03af-4383-9529-6553d5d8e237,2,Architecture,400,87.0,23.5,2.61,29.2,35.3,55.3,68.0,12.6,improving,B,0
37f43d12-3f3d-4654-b088-cd4e68734b6c,1,Computer Science,200,62.0,10.1,1.52,31.8,46.9,,81.2,0.0,stable,A,0
37f43d12-3f3d-4654-b088-cd4e68734b6c,2,Computer Science,200,50.9,15.0,1.66,25.5,41.1,81.2,67.5,-13.7,declining,B,0
433c28bb-def8-4b92-8f1e-bc178c4eec40,1,Mechanical Engineering,300,83.0,12.0,1.43,34.3,37.4,,69.0,0.0,stable,B,0
433c28bb-def8-4b92-8f1e-bc178c4eec40,2,Mechanical Engineering,300,51.5,19.7,3.99,28.8,40.3,69.0,61.5,-7.4,declining,B,0
e2b5fe7c-ca76-4c93-862b-6031ba5463c7,1,Biochemistry,100,86.5,13.8,2.7,37.9,48.8,,87.2,0.0,stable,A,0
e2b5fe7c-ca76-4c93-862b-6031ba5463c7,2,Biochemistry,100,75.5,12.3,3.54,25.8,45.1,87.2,68.2,-19.1,declining,B,0
b16c33e3-3b95-41b3-b5cf-2e6515dc0089,1,Biochemistry,300,95.0,14.7,2.45,34.4,31.8,,70.8,0.0,stable,A,0
b16c33e3-3b95-41b3-b5cf-2e6515dc0089,2,Biochemistry,300,99.3,15.5,4.25,35.6,52.2,70.8,91.5,20.7,improving,A,0
e221f61b-1085-4b67-932d-75ba0d714e90,1,Business Administration,100,74.9,12.4,3.75,33.2,33.8,,60.4,0.0,stable,B,0
e221f61b-1085-4b67-932d-75ba0d714e90,2,Business Administration,100,72.4,1.5,2.21,25.1,24.8,60.4,52.4,-8.0,declining,C,0
9ec38969-6e13-4d07-9b69-01951778d6f0,1,Accounting,200,90.6,14.5,3.51,36.4,17.4,,53.9,0.0,stable,C,0
9ec38969-6e13-4d07-9b69-01951778d6f0,2,Accounting,200,48.1,14.5,1.33,23.7,43.5,53.9,63.9,10.0,improving,B,1
87bf3b58-2072-4ad0-896d-2e26fe33ec6d,1,Computer Engineering,300,89.4,14.5,3.3,36.4,38.4,,75.2,0.0,stable,A,0
87bf3b58-2072-4ad0-896d-2e26fe33ec6d,2,Computer Engineering,300,75.2,11.9,2.46,23.8,35.1,75.2,57.7,-17.5,declining,C,0
e406070d-3e2d-4cdd-8de3-3ddfdc7e58f4,1,Medicine,300,63.9,16.3,2.06,26.9,52.4,,82.1,0.0,stable,A,0
e406070d-3e2d-4cdd-8de3-3ddfdc7e58f4,2,Medicine,300,93.2,9.0,3.63,28.3,36.0,82.1,63.7,-18.3,declining,B,0
683a3ae0-0d89-4514-9c13-6990f7b98be7,1,Computer Engineering,200,66.4,10.2,2.61,23.4,46.1,,68.9,0.0,stable,B,0
683a3ae0-0d89-4514-9c13-6990f7b98be7,2,Computer Engineering,200,78.0,12.8,3.04,31.1,37.2,68.9,72.5,3.6,stable,A,0
3f03ac2d-f6e2-4b8d-9a8b-2d35e0a69f26,1,Sociology,300,86.4,12.1,2.64,31.7,43.1,,79.3,0.0,stable,A,0
3f03ac2d-f6e2-4b8d-9a8b-2d35e0a69f26,2,Sociology,300,54.4,15.3,3.9,18.4,41.9,79.3,57.2,-22.1,declining,C,0
c8ac0f4c-87b5-469c-9b25-05b4366501ef,1,Electrical Engineering,100,81.5,10.2,2.9,29.2,45.3,,75.2,0.0,stable,A,0
c8ac0f4c-87b5-469c-9b25-05b4366501ef,2,Electrical Engineering,100,78.5,12.8,3.46,29.4,58.1,75.2,83.7,8.5,improving,A,0
d5841e88-5375-4e95-9257-2b3153f5e48f,1,Law,300,49.1,3.0,1.34,28.2,35.3,,67.1,0.0,stable,B,1
d5841e88-5375-4e95-9257-2b3153f5e48f,2,Law,300,59.2,15.7,3.05,27.7,48.6,67.1,74.0,6.9,improving,A,0
3a6840d4-fce6-4384-ab51-77c6f8eb96ba,1,Biology,300,100.0,18.7,2.57,29.5,42.6,,72.7,0.0,stable,A,0
3a6840d4-fce6-4384-ab51-77c6f8eb96ba,2,Biology,300,91.0,6.2,3.23,25.6,40.2,72.7,65.4,-7.2,declining,B,0
f1b8e986-f510-4c9d-997d-d19c3f2d7f5c,1,Political Science,100,100.0,4.3,4.1,26.5,23.0,,44.4,0.0,stable,F,1
f1b8e986-f510-4c9d-997d-d19c3f2d7f5c,2,Political Science,100,78.8,6.1,1.92,31.8,37.7,44.4,69.6,25.2,improving,B,0
ea90ff80-a57a-4b16-bb67-3563d9507fe8,1,Law,100,72.6,21.1,3.12,33.5,47.8,,78.0,0.0,stable,A,0
ea90ff80-a57a-4b16-bb67-3563d9507fe8,2,Law,100,83.2,8.7,2.93,33.2,17.7,78.0,46.0,-32.0,declining,D,0
267550dd-6f1e-4b1f-94b4-6583c47c3297,1,Biology,100,88.6,8.7,2.51,33.6,32.4,,67.2,0.0,stable,B,0
267550dd-6f1e-4b1f-94b4-6583c47c3297,2,Biology,100,74.2,13.0,2.44,30.8,50.2,67.2,79.3,12.1,improving,A,0
406f3c9a-adea-4f92-a341-71726527253e,1,Computer Science,100,88.7,11.7,3.59,33.4,40.2,,74.7,0.0,stable,A,0
406f3c9a-adea-4f92-a341-71726527253e,2,Computer Science,100,93.2,13.2,3.38,31.8,56.9,74.7,90.6,15.9,improving,A,0
e522e86d-bf56-4bda-8627-690b0cc9bafd,1,Architecture,100,76.2,11.4,3.78,27.2,22.9,,50.3,0.0,stable,C,0
e522e86d-bf56-4bda-8627-690b0cc9bafd,2,Architecture,100,92.9,20.0,2.91,33.8,50.3,50.3,83.3,33.0,improving,A,0
863b5524-71a7-4bb5-929c-f4791e02fac9,1,Electrical Engineering,300,82.7,11.6,3.81,35.2,49.0,,83.5,0.0,stable,A,0
863b5524-71a7-4bb5-929c-f4791e02fac9,2,Electrical Engineering,300,100.0,14.4,3.2,31.2,40.7,83.5,72.3,-11.3,declining,A,0
b1481207-6393-493e-8c34-9ee51bce93e9,1,Mechanical Engineering,300,63.2,10.5,2.87,27.9,20.6,,48.1,0.0,stable,D,0
b1481207-6393-493e-8c34-9ee51bce93e9,2,Mechanical Engineering,300,69.3,11.9,3.83,39.1,47.9,48.1,83.4,35.2,improving,A,0
b1a25db1-581a-4776-8611-98217a2c67d0,1,Sociology,200,69.8,15.0,3.39,33.9,41.5,,74.3,0.0,stable,A,0
b1a25db1-581a-4776-8611-98217a2c67d0,2,Sociology,200,100.0,12.3,2.19,40.0,23.2,74.3,52.7,-21.6,declining,C,0
9b25b97c-ed1c-4f94-a26d-04df64355a0f,1,Computer Science,100,86.5,16.6,3.33,25.8,42.9,,67.9,0.0,stable,B,0
9b25b97c-ed1c-4f94-a26d-04df64355a0f,2,Computer Science,100,66.9,19.1,2.16,30.0,54.9,67.9,86.0,18.1,improving,A,0
8ed8588f-5778-45c3-9bc4-d7b1d91514bf,1,Biology,200,93.6,14.8,3.34,35.6,48.4,,82.8,0.0,stable,A,0
8ed8588f-5778-45c3-9bc4-d7b1d91514bf,2,Biology,200,55.5,16.8,3.93,27.4,39.4,82.8,62.0,-20.8,declining,B,0
727cc139-1990-4baf-a37a-2e5b74bce9ba,1,Accounting,100,76.3,5.3,1.81,30.2,24.7,,55.9,0.0,stable,C,0
727cc139-1990-4baf-a37a-2e5b74bce9ba,2,Accounting,100,72.6,9.0,1.64,25.3,26.5,55.9,48.1,-7.8,declining,D,0
8089f62c-b2d6-4d0a-b8d2-4626c304c8bc,1,Accounting,200,70.1,6.3,2.87,30.2,27.0,,58.4,0.0,stable,C,0
8089f62c-b2d6-4d0a-b8d2-4626c304c8bc,2,Accounting,200,54.6,6.4,2.91,29.4,44.1,58.4,78.3,19.8,improving,A,0
54822afe-2d27-44a5-80c0-b5bd64d247aa,1,Biology,100,69.4,11.4,2.17,22.6,39.7,,60.0,0.0,stable,B,0
54822afe-2d27-44a5-80c0-b5bd64d247aa,2,Biology,100,93.5,4.7,3.39,28.7,26.9,60.0,57.2,-2.8,stable,C,0
6942ba94-42de-4a94-92d0-d9dba9394188,1,Architecture,100,64.9,9.4,2.35,36.9,30.3,,67.3,0.0,stable,B,0
6942ba94-42de-4a94-92d0-d9dba9394188,2,Architecture,100,72.0,13.1,2.51,28.4,43.3,67.3,69.1,1.8,stable,B,0
0f399ab3-2f0a-42ba-b3e9-642185705734,1,Mechanical Engineering,200,91.3,17.9,3.49,33.6,14.9,,49.8,0.0,stable,D,0
0f399ab3-2f0a-42ba-b3e9-642185705734,2,Mechanical Engineering,200,69.1,10.8,1.48,31.3,21.2,49.8,52.8,3.1,stable,C,0
4955c606-0e62-4574-b36a-c830252a50cc,1,Computer Engineering,300,88.6,9.7,3.97,29.0,45.8,,70.9,0.0,stable,A,0
4955c606-0e62-4574-b36a-c830252a50cc,2,Computer Engineering,300,90.5,16.4,3.37,31.1,29.4,70.9,59.4,-11.5,declining,C,0
a59173c6-1e2a-42f9-93f6-3c5bf8d25f01,1,Political Science,100,91.7,12.6,1.76,27.7,50.1,,79.3,0.0,stable,A,0
a59173c6-1e2a-42f9-93f6-3c5bf8d25f01,2,Political Science,100,56.5,3.2,2.5,17.0,30.7,79.3,55.1,-24.2,declining,C,0
a21cd962-257e-408c-8107-5b44da34cdbc,1,Computer Engineering,200,51.0,11.1,4.05,29.0,39.5,,68.0,0.0,stable,B,0
a21cd962-257e-408c-8107-5b44da34cdbc,2,Computer Engineering,200,57.7,10.7,3.19,32.1,32.8,68.0,64.3,-3.7,stable,B,0
e3908403-3349-4129-9dcd-7c3da97d2bd2,1,Medicine,300,60.8,13.1,3.63,30.3,29.9,,60.7,0.0,stable,B,0
e3908403-3349-4129-9dcd-7c3da97d2bd2,2,Medicine,300,64.8,17.1,2.87,20.4,40.7,60.7,62.5,1.8,stable,B,0
91a8a3cf-bd05-4303-99c7-1fa83f5931be,1,Electrical Engineering,200,78.7,9.4,2.53,25.8,32.9,,56.1,0.0,stable,C,0
91a8a3cf-bd05-4303-99c7-1fa83f5931be,2,Electrical Engineering,200,89.6,7.5,3.1,33.2,46.0,56.1,82.5,26.4,improving,A,0
41820191-1b8a-4477-ad03-f72983a4f599,1,Political Science,100,85.4,13.8,2.16,26.7,30.7,,59.7,0.0,stable,C,0
41820191-1b8a-4477-ad03-f72983a4f599,2,Political Science,100,76.1,16.3,3.8,26.6,44.6,59.7,71.2,11.5,improving,A,0
5277ba53-c8d5-48ef-8cc3-02dd461c4dff,1,Sociology,300,70.1,9.3,3.95,29.3,39.7,,66.6,0.0,stable,B,0
5277ba53-c8d5-48ef-8cc3-02dd461c4dff,2,Sociology,300,85.1,7.0,3.36,34.4,32.6,66.6,68.0,1.4,stable,B,0
e6cb3dc7-7085-4af8-85d7-7975632278a3,1,Electrical Engineering,100,77.8,11.8,3.01,30.9,40.8,,71.8,0.0,stable,A,0
e6cb3dc7-7085-4af8-85d7-7975632278a3,2,Electrical Engineering,100,58.4,11.2,3.21,27.2,49.0,71.8,78.0,6.2,improving,A,0
4652c711-0c6a-4cc5-b8fa-b22df4383140,1,Economics,300,61.9,11.2,2.75,27.4,38.4,,67.6,0.0,stable,B,0
4652c711-0c6a-4cc5-b8fa-b22df4383140,2,Economics,300,77.7,18.2,3.19,26.4,39.7,67.6,67.9,0.2,stable,B,0
6cc188d2-9e38-4f28-9797-0b04cd3ac96e,1,Computer Science,300,50.8,5.3,3.01,29.9,47.9,,77.1,0.0,stable,A,0
6cc188d2-9e38-4f28-9797-0b04cd3ac96e,2,Computer Science,300,90.9,12.4,1.77,33.1,31.2,77.1,67.1,-10.0,declining,B,0
eff50d41-678d-44fe-b7d1-a94f8ce04f62,1,Sociology,100,74.6,5.6,1.8,29.8,8.4,,36.7,0.0,stable,F,1
eff50d41-678d-44fe-b7d1-a94f8ce04f62,2,Sociology,100,78.5,6.7,3.8,36.6,27.2,36.7,63.0,26.3,improving,B,0
7fcb9309-1d40-4beb-8c4a-707a274f61b0,1,Architecture,300,89.9,12.0,1.88,32.3,28.8,,64.4,0.0,stable,B,0
7fcb9309-1d40-4beb-8c4a-707a274f61b0,2,Architecture,300,84.1,10.4,3.11,25.3,31.1,64.4,61.1,-3.3,stable,B,0
1fa05db8-ce34-4b91-827f-0975028d15f1,1,Biology,100,75.8,16.7,3.19,36.7,23.3,,59.4,0.0,stable,C,0
1fa05db8-ce34-4b91-827f-0975028d15f1,2,Biology,100,99.7,16.8,4.06,34.9,39.7,59.4,71.6,12.1,improving,A,0
7756ab1c-ace6-4024-ad8f-384d2687512c,1,Sociology,300,58.5,16.0,3.41,26.4,48.4,,75.2,0.0,stable,A,0
7756ab1c-ace6-4024-ad8f-384d2687512c,2,Sociology,300,89.4,16.8,2.15,34.3,24.6,75.2,59.2,-15.9,declining,C,0
0739129b-d70c-4b29-a537-a0cb75868988,1,Electrical Engineering,200,84.1,5.4,2.67,31.9,36.6,,67.6,0.0,stable,B,0
0739129b-d70c-4b29-a537-a0cb75868988,2,Electrical Engineering,200,57.4,11.7,1.68,25.3,32.3,67.6,57.2,-10.3,declining,C,0
ed1e90d6-f54f-4b8d-af75-393b496f2262,1,Psychology,300,66.6,4.5,2.71,33.0,46.2,,86.5,0.0,stable,A,0
ed1e90d6-f54f-4b8d-af75-393b496f2262,2,Psychology,300,100.0,6.0,2.67,34.9,33.8,86.5,68.9,-17.6,declining,B,0
a2a66b0e-d8ca-446d-bfc3-3a71ce51aa89,1,Architecture,200,100.0,6.6,2.43,40.0,28.4,,69.6,0.0,stable,B,0
a2a66b0e-d8ca-446d-bfc3-3a71ce51aa89,2,Architecture,200,90.5,14.4,3.15,37.8,32.7,69.6,69.0,-0.6,stable,B,0
0bfc8203-80c0-42ff-98b2-0371ac0670d8,1,Computer Engineering,100,83.0,1.7,4.13,33.1,36.0,,64.2,0.0,stable,B,0
0bfc8203-80c0-42ff-98b2-0371ac0670d8,2,Computer Engineering,100,55.7,10.0,3.65,15.8,47.3,64.2,62.0,-2.2,stable,B,0
97f20403-15f2-4104-93bf-361101709f4f,1,Electrical Engineering,100,71.6,13.3,3.22,25.8,47.2,,66.0,0.0,stable,B,0
97f20403-15f2-4104-93bf-361101709f4f,2,Electrical Engineering,100,68.2,12.8,2.72,19.5,47.1,66.0,62.9,-3.0,stable,B,0
109dd940-194d-488e-82aa-30f1b29cc47c,1,Psychology,300,74.0,12.8,3.02,35.6,39.6,,76.5,0.0,stable,A,0
109dd940-194d-488e-82aa-30f1b29cc47c,2,Psychology,300,74.2,15.1,4.11,30.5,51.8,76.5,86.7,10.2,improving,A,0
66278eb2-a9b2-4a81-be43-d656abdf13bc,1,Law,300,95.4,10.1,3.83,35.3,51.0,,88.0,0.0,stable,A,0
66278eb2-a9b2-4a81-be43-d656abdf13bc,2,Law,300,79.1,14.2,3.2,32.3,39.9,88.0,71.5,-16.6,declining,A,0
7ba32d0f-9aa2-43a2-98a9-77d4cb725a75,1,Law,300,100.0,14.4,2.54,33.6,50.9,,82.3,0.0,stable,A,0
7ba32d0f-9aa2-43a2-98a9-77d4cb725a75,2,Law,300,52.8,5.0,1.62,19.1,20.0,82.3,43.2,-39.1,declining,F,1
0080ede3-c569-492b-8782-c25d118b89f5,1,Political Science,100,74.3,10.2,1.85,29.1,18.6,,46.6,0.0,stable,D,0
0080ede3-c569-492b-8782-c25d118b89f5,2,Political Science,100,100.0,15.3,2.83,38.5,36.4,46.6,72.5,25.9,improving,A,0
849d4a7c-d727-4018-85d3-61e1dd5403cf,1,Mechanical Engineering,200,100.0,6.3,2.72,36.5,25.6,,64.0,0.0,stable,B,0
849d4a7c-d727-4018-85d3-61e1dd5403cf,2,Mechanical Engineering,200,70.4,15.3,3.47,27.9,60.0,64.0,85.9,21.8,improving,A,0
864929ad-491f-44eb-89be-2e3293b7282a,1,Sociology,100,95.2,17.9,4.42,34.9,38.7,,79.9,0.0,stable,A,0
864929ad-491f-44eb-89be-2e3293b7282a,2,Sociology,100,70.0,7.9,2.85,24.1,41.6,79.9,63.9,-16.0,declining,B,0
8813aa42-150f-4939-85da-05a78a4fb1fd,1,Mechanical Engineering,300,70.7,16.8,3.5,29.2,45.7,,75.0,0.0,stable,A,0
8813aa42-150f-4939-85da-05a78a4fb1fd,2,Mechanical Engineering,300,68.5,12.0,3.39,28.1,44.5,75.0,70.1,-4.9,stable,A,0
cfdf4250-4fe7-4cef-a5bb-28b047232b62,1,Psychology,300,65.9,8.3,2.55,34.6,43.3,,74.7,0.0,stable,A,0
cfdf4250-4fe7-4cef-a5bb-28b047232b62,2,Psychology,300,81.6,10.0,2.45,23.9,46.8,74.7,66.6,-8.1,declining,B,0
fc7b9fe5-170b-42d0-a64d-556730d72aa9,1,Biology,300,74.2,7.3,3.62,28.2,36.1,,64.0,0.0,stable,B,0
fc7b9fe5-170b-42d0-a64d-556730d72aa9,2,Biology,300,79.5,12.1,2.97,28.3,23.8,64.0,48.8,-15.2,declining,D,0
f1e4381e-5485-4815-bd57-07f514f09348,1,Business Administration,300,85.8,10.5,2.47,25.1,20.2,,43.2,0.0,stable,F,1
f1e4381e-5485-4815-bd57-07f514f09348,2,Business Administration,300,88.3,9.2,3.32,29.6,44.6,43.2,73.2,30.0,improving,A,0
f9c70838-b57f-474f-bb3d-912ef9a2e936,1,Computer Science,300,56.5,10.7,4.47,35.3,46.4,,81.3,0.0,stable,A,0
f9c70838-b57f-474f-bb3d-912ef9a2e936,2,Computer Science,300,79.6,13.6,2.97,33.1,42.7,81.3,74.9,-6.4,declining,A,0
e3549f17-e5d6-4bdd-8682-577c1c37d538,1,Biochemistry,200,57.1,9.7,3.64,26.3,42.2,,67.6,0.0,stable,B,0
e3549f17-e5d6-4bdd-8682-577c1c37d538,2,Biochemistry,200,59.1,10.8,2.18,21.4,49.1,67.6,69.3,1.7,stable,B,0
1d9c5809-49e8-4b3b-bb38-237db044145b,1,Mechanical Engineering,300,63.9,20.1,3.65,25.9,50.9,,76.1,0.0,stable,A,0
1d9c5809-49e8-4b3b-bb38-237db044145b,2,Mechanical Engineering,300,64.6,14.4,2.74,28.3,51.0,76.1,82.0,5.9,improving,A,0
597e83ea-72cf-4600-a37f-1c48f2ee3c39,1,Psychology,300,66.7,14.4,2.1,30.6,41.0,,72.7,0.0,stable,A,0
597e83ea-72cf-4600-a37f-1c48f2ee3c39,2,Psychology,300,70.5,22.4,2.28,34.0,35.3,72.7,70.7,-2.0,stable,A,0
9c6c75eb-b141-47e3-b6b8-e251f595018a,1,Mechanical Engineering,300,83.6,12.3,2.6,32.4,41.6,,79.4,0.0,stable,A,0
9c6c75eb-b141-47e3-b6b8-e251f595018a,2,Mechanical Engineering,300,61.9,9.2,3.23,26.1,37.0,79.4,66.4,-13.1,declining,B,0
9b95d580-e58a-4cf1-a1c5-9a6e19ec62a0,1,Law,300,32.7,9.0,1.61,15.6,58.7,,76.0,0.0,stable,A,1
9b95d580-e58a-4cf1-a1c5-9a6e19ec62a0,2,Law,300,89.3,11.6,3.61,24.0,50.9,76.0,72.4,-3.6,stable,A,0
b858f8d2-58b4-471e-a70f-6b42283f8734,1,Sociology,100,67.0,14.5,3.25,28.8,28.3,,57.4,0.0,stable,C,0
b858f8d2-58b4-471e-a70f-6b42283f8734,2,Sociology,100,89.4,9.3,4.05,28.5,39.8,57.4,73.0,15.6,improving,A,0
41320f6b-1e4d-45c0-9d9f-d97afce6580a,1,Political Science,100,64.8,17.3,4.58,28.8,41.2,,67.7,0.0,stable,B,0
41320f6b-1e4d-45c0-9d9f-d97afce6580a,2,Political Science,100,94.6,18.4,4.16,33.7,56.8,67.7,90.4,22.7,improving,A,0
636174af-df39-4c18-b875-858ef461e117,1,Architecture,400,61.8,17.6,4.31,22.2,35.8,,58.2,0.0,stable,C,0
636174af-df39-4c18-b875-858ef461e117,2,Architecture,400,89.3,6.3,3.18,29.9,42.9,58.2,70.4,12.2,improving,A,0
a69b4228-7a94-4185-86f3-023a89aa9353,1,Computer Engineering,100,86.6,11.2,2.25,32.6,18.1,,49.1,0.0,stable,D,0
a69b4228-7a94-4185-86f3-023a89aa9353,2,Computer Engineering,100,80.1,3.1,0.94,19.3,42.4,49.1,61.5,12.4,improving,B,0
4467c6ef-90a3-443b-abcf-949406e154f6,1,Architecture,100,67.0,16.7,2.68,29.7,42.6,,70.9,0.0,stable,A,0
4467c6ef-90a3-443b-abcf-949406e154f6,2,Architecture,100,79.4,15.9,2.85,28.6,38.6,70.9,60.3,-10.6,declining,B,0
b4f5eff1-37e5-445e-8af3-6230d1bd124b,1,Economics,100,79.2,6.0,3.5,30.4,37.3,,69.8,0.0,stable,B,0
b4f5eff1-37e5-445e-8af3-6230d1bd124b,2,Economics,100,61.1,13.8,3.21,26.3,32.0,69.8,60.1,-9.7,declining,B,0
9fbc0d4c-f4cf-41d3-8302-82aa944fe983,1,Medicine,300,85.6,12.6,2.14,29.5,37.7,,69.2,0.0,stable,B,0
9fbc0d4c-f4cf-41d3-8302-82aa944fe983,2,Medicine,300,51.2,9.2,2.68,24.8,23.9,69.2,48.1,-21.1,declining,D,0
fe1e5f19-df64-4892-a474-98333d00e289,1,Electrical Engineering,200,70.3,6.8,2.91,26.4,40.6,,64.3,0.0,stable,B,0
fe1e5f19-df64-4892-a474-98333d00e289,2,Electrical Engineering,200,76.3,8.0,2.52,31.8,38.1,64.3,68.6,4.2,stable,B,0
d14e844b-a5d7-4bfd-922f-ce3894b94e68,1,Accounting,300,71.0,4.7,4.12,32.6,43.1,,71.0,0.0,stable,A,0
d14e844b-a5d7-4bfd-922f-ce3894b94e68,2,Accounting,300,66.1,10.3,1.46,32.7,49.8,71.0,88.7,17.7,improving,A,0
eb59eb8b-57bc-499d-8412-75b1a6256e45,1,Law,300,59.3,12.6,4.06,25.6,36.4,,56.4,0.0,stable,C,0
eb59eb8b-57bc-499d-8412-75b1a6256e45,2,Law,300,92.0,11.9,2.42,34.8,39.9,56.4,75.2,18.8,improving,A,0
90a341cd-c9b7-450f-99b0-43902b7337f4,1,Economics,300,71.7,20.1,2.89,37.4,50.8,,89.3,0.0,stable,A,0
90a341cd-c9b7-450f-99b0-43902b7337f4,2,Economics,300,73.3,16.9,3.09,25.0,33.6,89.3,59.8,-29.4,declining,C,0
be588f9c-e050-4464-b8c8-d937e5ef207e,1,Electrical Engineering,200,61.4,11.7,3.85,28.8,33.8,,66.8,0.0,stable,B,0
be588f9c-e050-4464-b8c8-d937e5ef207e,2,Electrical Engineering,200,83.2,17.1,1.19,33.3,48.0,66.8,86.4,19.6,improving,A,0
d752a3f3-e817-457b-a2bb-ed30deb5cd03,1,Political Science,100,53.0,18.0,4.32,15.5,51.3,,68.7,0.0,stable,B,0
d752a3f3-e817-457b-a2bb-ed30deb5cd03,2,Political Science,100,70.1,9.5,3.53,25.9,36.7,68.7,65.1,-3.6,stable,B,0
1de95f3b-3896-45ba-a090-d9a01de4df06,1,Computer Science,300,100.0,14.7,3.11,32.4,31.6,,67.3,0.0,stable,B,0
1de95f3b-3896-45ba-a090-d9a01de4df06,2,Computer Science,300,72.7,17.8,2.74,26.3,47.4,67.3,73.4,6.1,improving,A,0
cdd61744-92fc-442e-b97d-28fa3f4b95dc,1,Computer Engineering,100,56.9,21.1,2.5,31.0,53.5,,80.7,0.0,stable,A,0
cdd61744-92fc-442e-b97d-28fa3f4b95dc,2,Computer Engineering,100,60.0,10.5,2.31,35.6,35.1,80.7,73.4,-7.3,declining,A,0
9d48d075-f8d9-4011-8562-09cc722b2fd0,1,Business Administration,100,82.7,13.3,3.03,37.7,32.3,,75.2,0.0,stable,A,0
9d48d075-f8d9-4011-8562-09cc722b2fd0,2,Business Administration,100,55.7,15.9,1.88,24.6,41.0,75.2,64.1,-11.1,declining,B,0
e9cf6e83-b5f5-4a14-af94-1d95a24a1873,1,Computer Science,100,72.3,5.1,2.21,31.9,33.3,,63.2,0.0,stable,B,0
e9cf6e83-b5f5-4a14-af94-1d95a24a1873,2,Computer Science,100,94.9,5.9,2.71,31.4,40.8,63.2,72.4,9.2,improving,A,0
f4f15b1b-0d85-451d-839e-4730116a75c4,1,Political Science,200,73.4,2.8,3.69,28.6,35.5,,61.9,0.0,stable,B,0
f4f15b1b-0d85-451d-839e-4730116a75c4,2,Political Science,200,61.4,19.5,1.58,22.0,56.9,61.9,80.8,19.0,improving,A,0
948d9882-0b29-4b66-a87d-67333f4192a1,1,Economics,200,70.1,18.2,3.36,30.2,47.0,,78.6,0.0,stable,A,0
948d9882-0b29-4b66-a87d-67333f4192a1,2,Economics,200,82.6,23.0,2.84,30.7,34.7,78.6,65.3,-13.3,declining,B,0
ead2d9a1-b89f-4a2c-bd3d-6650e0373b81,1,Sociology,300,100.0,16.9,2.57,35.2,29.3,,61.5,0.0,stable,B,0
ead2d9a1-b89f-4a2c-bd3d-6650e0373b81,2,Sociology,300,77.2,9.5,2.16,32.9,35.3,61.5,63.5,2.0,stable,B,0
c9028188-c7f8-4d14-a8a9-244715f7c5ae,1,Economics,200,43.9,9.1,1.73,14.4,46.3,,60.4,0.0,stable,B,1
c9028188-c7f8-4d14-a8a9-244715f7c5ae,2,Economics,200,71.0,11.1,2.09,31.3,35.8,60.4,64.8,4.3,stable,B,0
1260685d-f07c-4b39-9198-717f04f69530,1,Law,400,65.9,5.9,2.68,27.0,30.2,,57.4,0.0,stable,C,0
1260685d-f07c-4b39-9198-717f04f69530,2,Law,400,73.8,13.2,3.75,32.7,51.5,57.4,81.6,24.3,improving,A,0
b915e9bb-18f1-4b65-b3af-ca074fa87991,1,Computer Engineering,300,67.4,15.3,3.54,25.1,49.1,,71.3,0.0,stable,A,0
b915e9bb-18f1-4b65-b3af-ca074fa87991,2,Computer Engineering,300,82.2,11.9,1.89,29.3,59.1,71.3,89.0,17.6,improving,A,0
938b0a7e-3b31-4077-a5e4-3fad89b07734,1,Economics,300,100.0,4.8,3.6,22.3,35.6,,59.8,0.0,stable,C,0
938b0a7e-3b31-4077-a5e4-3fad89b07734,2,Economics,300,87.6,8.0,3.83,29.8,36.7,59.8,65.3,5.4,improving,B,0
03abfdac-f584-4662-b2e7-4b44e9cc0f60,1,Psychology,100,58.0,19.8,3.04,32.0,55.7,,84.8,0.0,stable,A,0
03abfdac-f584-4662-b2e7-4b44e9cc0f60,2,Psychology,100,93.2,14.5,2.17,35.9,29.5,84.8,70.2,-14.6,declining,A,0
7ee455f4-7111-443e-9ee2-62f11a4453c4,1,Business Administration,100,87.2,11.6,4.01,24.5,33.8,,57.6,0.0,stable,C,0
7ee455f4-7111-443e-9ee2-62f11a4453c4,2,Business Administration,100,100.0,6.6,1.63,27.8,42.1,57.6,68.1,10.5,improving,B,0
9b53406c-f6ca-4dbd-9983-7fe4a18e45bc,1,Business Administration,100,72.6,15.8,2.87,30.5,47.4,,76.6,0.0,stable,A,0
9b53406c-f6ca-4dbd-9983-7fe4a18e45bc,2,Business Administration,100,72.5,13.2,3.69,25.5,11.6,76.6,39.2,-37.4,declining,F,1
6a70d882-0c1e-42b5-9124-421f39a79c31,1,Economics,100,88.9,13.0,3.21,30.0,45.7,,78.2,0.0,stable,A,0
6a70d882-0c1e-42b5-9124-421f39a79c31,2,Economics,100,75.8,24.5,1.75,31.0,34.2,78.2,67.8,-10.4,declining,B,0
5102e118-877c-4100-a179-091413693bb2,1,Political Science,100,51.3,5.3,2.49,26.6,27.8,,52.7,0.0,stable,C,0
5102e118-877c-4100-a179-091413693bb2,2,Political Science,100,72.3,10.8,4.19,32.9,37.8,52.7,77.0,24.4,improving,A,0
ca16f50d-404d-4cb6-903a-1a22897027eb,1,Economics,200,82.4,7.2,3.21,34.2,29.6,,60.6,0.0,stable,B,0
ca16f50d-404d-4cb6-903a-1a22897027eb,2,Economics,200,76.3,10.2,4.18,34.0,34.2,60.6,69.5,8.8,improving,B,0
270292a3-d0d7-48d2-9734-23d06b6701ec,1,Law,100,94.0,5.0,2.18,33.7,33.3,,66.9,0.0,stable,B,0
270292a3-d0d7-48d2-9734-23d06b6701ec,2,Law,100,70.3,10.4,3.31,34.7,34.2,66.9,76.3,9.4,improving,A,0
01709f39-608b-47b9-9ef5-b2c1ae45b667,1,Business Administration,300,100.0,18.6,3.5,40.0,42.4,,79.9,0.0,stable,A,0
01709f39-608b-47b9-9ef5-b2c1ae45b667,2,Business Administration,300,67.1,7.0,3.1,29.9,38.2,79.9,68.1,-11.8,declining,B,0
d4457624-4923-4811-926f-4505554474b3,1,Law,200,77.0,20.7,3.5,35.0,48.7,,78.8,0.0,stable,A,0
d4457624-4923-4811-926f-4505554474b3,2,Law,200,47.8,22.4,2.57,21.5,48.6,78.8,71.7,-7.1,declining,A,1
8b23ffd2-9932-408c-bd15-83ec6f07884d,1,Computer Science,100,85.2,20.9,4.2,28.0,58.0,,84.8,0.0,stable,A,0
8b23ffd2-9932-408c-bd15-83ec6f07884d,2,Computer Science,100,72.9,6.5,1.65,29.4,23.4,84.8,55.6,-29.2,declining,C,0
738cb5e9-57c9-4105-b40a-2aff1aa81bb7,1,Computer Engineering,200,70.8,13.5,4.09,21.7,35.6,,57.9,0.0,stable,C,0
738cb5e9-57c9-4105-b40a-2aff1aa81bb7,2,Computer Engineering,200,79.7,17.5,3.69,31.4,47.9,57.9,80.3,22.5,improving,A,0
a43175e7-d776-497e-a453-2016de35f9b2,1,Computer Engineering,200,53.0,11.2,3.2,27.9,30.2,,54.2,0.0,stable,C,0
a43175e7-d776-497e-a453-2016de35f9b2,2,Computer Engineering,200,71.5,21.8,2.34,35.2,60.0,54.2,95.3,41.1,improving,A,0
7e72fc55-94ce-4cf1-8f49-46bca731e374,1,Psychology,300,64.8,14.6,3.16,23.7,35.1,,60.2,0.0,stable,B,0
7e72fc55-94ce-4cf1-8f49-46bca731e374,2,Psychology,300,89.0,10.4,2.94,36.1,36.6,60.2,71.8,11.7,improving,A,0
6debcf60-c93b-4f42-80ed-46b335711f9e,1,Computer Science,200,63.7,8.1,5.0,26.8,54.5,,86.3,0.0,stable,A,0
6debcf60-c93b-4f42-80ed-46b335711f9e,2,Computer Science,200,72.2,13.8,3.08,21.4,25.5,86.3,47.1,-39.2,declining,D,0
19933c53-84c4-4e4c-83ae-f0fdb8f5bf42,1,Sociology,300,68.6,21.5,2.81,38.5,41.2,,85.4,0.0,stable,A,0
19933c53-84c4-4e4c-83ae-f0fdb8f5bf42,2,Sociology,300,82.6,14.8,2.59,34.4,57.7,85.4,91.7,6.3,improving,A,0
2cc909e4-60f9-4585-8bd8-5699b7a9ecf0,1,Sociology,300,69.9,10.8,4.3,33.3,55.8,,90.0,0.0,stable,A,0
2cc909e4-60f9-4585-8bd8-5699b7a9ecf0,2,Sociology,300,75.6,14.1,3.86,28.9,56.5,90.0,86.5,-3.5,stable,A,0
bbc219ba-dbc0-4ef6-9426-166896c3b23f,1,Electrical Engineering,100,38.9,16.4,1.98,27.1,49.7,,77.8,0.0,stable,A,1
bbc219ba-dbc0-4ef6-9426-166896c3b23f,2,Electrical Engineering,100,83.2,17.5,2.6,35.6,54.3,77.8,95.2,17.4,improving,A,0
da0e3ca6-05a0-4e6d-bbf2-77a3f45b757c,1,Computer Science,300,58.4,14.0,2.23,21.7,43.1,,65.0,0.0,stable,B,0
da0e3ca6-05a0-4e6d-bbf2-77a3f45b757c,2,Computer Science,300,92.2,10.3,2.89,34.5,29.5,65.0,61.8,-3.2,stable,B,0
ce529988-55db-488c-a895-c410aa1f0a81,1,Electrical Engineering,300,91.7,9.3,3.95,36.4,24.0,,62.0,0.0,stable,B,0
ce529988-55db-488c-a895-c410aa1f0a81,2,Electrical Engineering,300,82.8,14.1,2.89,26.9,54.3,62.0,80.9,18.9,improving,A,0
bb72559d-dfe3-4ff6-b312-d80de19fccdb,1,Computer Science,100,61.7,14.3,2.41,22.6,36.3,,56.9,0.0,stable,C,0
bb72559d-dfe3-4ff6-b312-d80de19fccdb,2,Computer Science,100,61.3,16.0,2.91,33.5,33.7,56.9,62.1,5.2,improving,B,0
0af898c8-406d-40a1-a22e-561d90fd44cd,1,Architecture,300,77.2,21.3,3.42,40.0,50.4,,91.1,0.0,stable,A,0
0af898c8-406d-40a1-a22e-561d90fd44cd,2,Architecture,300,42.7,14.1,3.13,21.5,40.0,91.1,61.3,-29.8,declining,B,1
c038e199-5d28-45fb-96f7-bf521599e043,1,Economics,300,72.3,22.4,2.7,30.3,42.4,,75.1,0.0,stable,A,0
c038e199-5d28-45fb-96f7-bf521599e043,2,Economics,300,77.7,10.6,1.46,31.7,32.4,75.1,64.0,-11.1,declining,B,0
7eab3955-bde3-4e2f-85e5-21b7ba18837a,1,Political Science,300,57.3,19.2,3.69,33.6,57.5,,92.9,0.0,stable,A,0
7eab3955-bde3-4e2f-85e5-21b7ba18837a,2,Political Science,300,57.9,21.2,2.26,25.2,51.7,92.9,79.2,-13.7,declining,A,0
1b1ed5f6-c4fb-4f10-9ae5-0feadb8dd379,1,Business Administration,100,83.6,10.0,2.51,40.0,36.8,,76.3,0.0,stable,A,0
1b1ed5f6-c4fb-4f10-9ae5-0feadb8dd379,2,Business Administration,100,64.3,13.2,3.16,27.8,44.6,76.3,77.6,1.4,stable,A,0
5e8213b8-52c0-4eb3-b2a1-06dac030a729,1,Medicine,200,66.1,12.2,2.48,29.7,33.0,,61.1,0.0,stable,B,0
5e8213b8-52c0-4eb3-b2a1-06dac030a729,2,Medicine,200,53.1,12.5,3.34,34.9,45.3,61.1,78.9,17.8,improving,A,0
07f22d2d-c543-4d42-98f7-50ca7850f6a0,1,Biology,200,54.6,5.9,1.96,35.3,36.0,,69.6,0.0,stable,B,0
07f22d2d-c543-4d42-98f7-50ca7850f6a0,2,Biology,200,60.6,7.7,2.51,33.7,35.2,69.6,64.6,-5.0,stable,B,0
1383f44b-2839-430f-b331-8f74cd702f35,1,Biology,100,100.0,6.3,2.53,40.0,38.7,,77.3,0.0,stable,A,0
1383f44b-2839-430f-b331-8f74cd702f35,2,Biology,100,56.5,7.2,2.27,26.3,36.6,77.3,62.5,-14.8,declining,B,0
4340435f-e7c0-418f-aa6a-14ce0def28d1,1,Political Science,100,74.4,6.7,3.23,36.3,34.7,,70.4,0.0,stable,A,0
4340435f-e7c0-418f-aa6a-14ce0def28d1,2,Political Science,100,76.2,17.6,2.28,37.5,46.3,70.4,83.9,13.5,improving,A,0
fbda20af-55b4-4d17-96f0-ea16a308b28e,1,Medicine,400,93.2,6.1,3.42,35.8,26.8,,64.0,0.0,stable,B,0
fbda20af-55b4-4d17-96f0-ea16a308b28e,2,Medicine,400,79.2,11.1,3.69,28.0,43.0,64.0,70.6,6.6,improving,A,0
9d18c204-d439-4daf-9261-b620858f4e91,1,Business Administration,300,65.8,14.5,2.83,20.8,23.0,,46.2,0.0,stable,D,0
9d18c204-d439-4daf-9261-b620858f4e91,2,Business Administration,300,56.7,13.4,3.04,24.5,60.0,46.2,85.0,38.9,improving,A,0
2fff74e6-546a-4a92-b5d6-4d530925a508,1,Computer Engineering,200,86.3,13.4,2.81,32.2,54.8,,90.2,0.0,stable,A,0
2fff74e6-546a-4a92-b5d6-4d530925a508,2,Computer Engineering,200,100.0,13.1,2.3,32.8,27.1,90.2,62.2,-28.1,declining,B,0
168576ff-e2f6-4adb-a773-d9a706d9548c,1,Biology,300,66.2,0.0,4.97,25.4,29.2,,59.6,0.0,stable,C,0
168576ff-e2f6-4adb-a773-d9a706d9548c,2,Biology,300,56.9,17.7,2.53,19.8,59.7,59.6,82.3,22.7,improving,A,0
26147537-1c55-447a-ac95-be35e5b51924,1,Sociology,100,88.8,13.8,3.48,26.6,43.0,,66.8,0.0,stable,B,0
26147537-1c55-447a-ac95-be35e5b51924,2,Sociology,100,54.2,14.1,3.93,23.9,40.8,66.8,61.3,-5.5,declining,B,0
d99780ad-8df0-44c9-aa10-6e0684e4d0b6,1,Architecture,400,75.1,15.8,3.63,32.7,37.4,,68.2,0.0,stable,B,0
d99780ad-8df0-44c9-aa10-6e0684e4d0b6,2,Architecture,400,86.9,16.1,2.86,30.3,53.9,68.2,83.0,14.9,improving,A,0
7634b2f2-6bb6-4143-8bab-567f6f4329ba,1,Economics,200,86.2,11.3,2.16,40.0,38.6,,76.5,0.0,stable,A,0
7634b2f2-6bb6-4143-8bab-567f6f4329ba,2,Economics,200,54.1,5.5,2.7,35.5,28.5,76.5,68.3,-8.2,declining,B,0
e002583f-35f1-4d65-b0e7-39ac96788508,1,Computer Science,200,73.0,6.1,2.62,23.2,26.0,,46.6,0.0,stable,D,0
e002583f-35f1-4d65-b0e7-39ac96788508,2,Computer Science,200,46.4,19.6,3.17,20.9,47.5,46.6,65.9,19.3,improving,B,1
2601727c-8f1e-4062-9b48-aa4b41fb3d71,1,Accounting,300,34.9,26.8,3.15,19.0,31.1,,45.7,0.0,stable,D,1
2601727c-8f1e-4062-9b48-aa4b41fb3d71,2,Accounting,300,99.8,19.5,3.6,29.4,60.0,45.7,90.7,45.1,improving,A,0
4022ad4c-2e9c-4ad6-aba0-308113c8b519,1,Electrical Engineering,200,84.8,14.2,1.79,26.0,33.7,,61.6,0.0,stable,B,0
4022ad4c-2e9c-4ad6-aba0-308113c8b519,2,Electrical Engineering,200,54.3,11.1,2.86,29.8,45.4,61.6,72.2,10.6,improving,A,0
9346a270-f280-4842-8cf4-151a4565e2af,1,Electrical Engineering,200,96.7,6.2,3.87,31.6,38.8,,71.1,0.0,stable,A,0
9346a270-f280-4842-8cf4-151a4565e2af,2,Electrical Engineering,200,78.0,15.4,3.31,34.5,47.3,71.1,78.0,6.9,improving,A,0
d8c070db-1aa1-4c19-b448-480100bbe7a4,1,Political Science,100,79.0,9.2,2.11,29.4,37.6,,67.7,0.0,stable,B,0
d8c070db-1aa1-4c19-b448-480100bbe7a4,2,Political Science,100,90.8,18.5,3.27,35.8,45.7,67.7,83.8,16.1,improving,A,0
f8fc8c65-8f29-4cf6-b6c1-4fb8c7ee62ad,1,Biochemistry,300,82.3,11.7,4.72,28.7,57.4,,82.0,0.0,stable,A,0
f8fc8c65-8f29-4cf6-b6c1-4fb8c7ee62ad,2,Biochemistry,300,87.2,19.2,1.47,33.1,48.8,82.0,82.7,0.7,stable,A,0
d9700672-1c32-4565-896b-16de1b3a85d1,1,Sociology,300,80.7,12.7,2.12,40.0,33.3,,74.6,0.0,stable,A,0
d9700672-1c32-4565-896b-16de1b3a85d1,2,Sociology,300,65.3,0.6,2.26,20.8,40.9,74.6,59.9,-14.7,declining,C,0
f5102bc1-e54d-4aa3-a5d7-6eb0ca247fe8,1,Computer Engineering,100,67.3,6.7,3.08,24.9,45.8,,71.6,0.0,stable,A,0
f5102bc1-e54d-4aa3-a5d7-6eb0ca247fe8,2,Computer Engineering,100,66.4,16.3,3.01,28.4,28.0,71.6,56.2,-15.5,declining,C,0
ba51fbe9-c735-48f9-b3ed-1d8d9f072d78,1,Biology,300,79.8,18.7,2.4,40.0,48.7,,84.1,0.0,stable,A,0
ba51fbe9-c735-48f9-b3ed-1d8d9f072d78,2,Biology,300,62.3,19.1,3.99,27.6,48.1,84.1,72.2,-11.9,declining,A,0
5f7e489f-0574-485c-8144-8f4f00257ecf,1,Computer Science,100,94.8,7.1,3.68,40.0,37.9,,80.8,0.0,stable,A,0
5f7e489f-0574-485c-8144-8f4f00257ecf,2,Computer Science,100,100.0,13.3,2.86,34.7,32.8,80.8,65.2,-15.6,declining,B,0
b9038438-0acc-45cd-ae3d-37f2d6889528,1,Accounting,100,81.6,11.2,3.26,23.9,38.6,,65.6,0.0,stable,B,0
b9038438-0acc-45cd-ae3d-37f2d6889528,2,Accounting,100,58.2,12.1,1.52,20.1,44.7,65.6,63.9,-1.6,stable,B,0
94ce6826-f441-46ca-ad47-d80b2b1f1044,1,Mechanical Engineering,100,100.0,14.2,3.42,29.6,38.1,,65.5,0.0,stable,B,0
94ce6826-f441-46ca-ad47-d80b2b1f1044,2,Mechanical Engineering,100,59.0,15.3,3.69,28.8,35.0,65.5,64.8,-0.7,stable,B,0
20d4fa17-1fdf-4209-856c-9cc3e08aff70,1,Architecture,300,46.3,18.6,1.96,18.7,43.4,,62.6,0.0,stable,B,1
20d4fa17-1fdf-4209-856c-9cc3e08aff70,2,Architecture,300,73.9,6.4,3.91,21.4,22.6,62.6,43.6,-19.0,declining,F,1
9b0260ff-6707-44f3-899c-b28be8bf35ba,1,Law,200,56.0,18.1,2.06,34.0,52.4,,90.1,0.0,stable,A,0
9b0260ff-6707-44f3-899c-b28be8bf35ba,2,Law,200,100.0,12.4,2.19,34.5,32.6,90.1,64.9,-25.2,declining,B,0
3b2f777b-8f5b-412e-b99d-53a12e552fbd,1,Electrical Engineering,100,77.3,10.4,2.4,29.2,42.7,,74.8,0.0,stable,A,0
3b2f777b-8f5b-412e-b99d-53a12e552fbd,2,Electrical Engineering,100,51.0,10.5,2.89,19.3,37.1,74.8,56.8,-18.1,declining,C,0
495c828b-f12b-4731-8220-194888b86203,1,Economics,300,82.8,12.4,2.3,40.0,46.7,,88.4,0.0,stable,A,0
495c828b-f12b-4731-8220-194888b86203,2,Economics,300,90.1,13.2,4.03,33.3,42.5,88.4,77.7,-10.7,declining,A,0
df3a7199-89ec-42d3-a1a3-a007cbcfbb87,1,Biology,300,98.6,19.6,3.47,37.3,52.9,,93.1,0.0,stable,A,0
df3a7199-89ec-42d3-a1a3-a007cbcfbb87,2,Biology,300,94.5,10.8,4.05,35.6,47.3,93.1,87.1,-6.0,declining,A,0
f3a9fbfe-9947-41cc-b03f-477becbf4af3,1,Law,200,86.2,16.6,2.69,39.7,49.2,,89.3,0.0,stable,A,0
f3a9fbfe-9947-41cc-b03f-477becbf4af3,2,Law,200,91.5,24.9,2.06,29.3,60.0,89.3,90.6,1.3,stable,A,0
b9c4ea52-26fa-4f91-9e0c-c43cebfb7bd9,1,Medicine,200,77.9,11.4,3.97,40.0,34.4,,74.2,0.0,stable,A,0
b9c4ea52-26fa-4f91-9e0c-c43cebfb7bd9,2,Medicine,200,69.7,15.7,3.98,37.1,51.8,74.2,96.4,22.3,improving,A,0
948c095f-f8ad-4415-8327-b2465d89f0f7,1,Law,300,66.4,7.8,4.18,28.9,25.2,,53.1,0.0,stable,C,0
948c095f-f8ad-4415-8327-b2465d89f0f7,2,Law,300,78.8,8.8,2.19,29.7,25.0,53.1,56.6,3.5,stable,C,0
edc25960-2fd9-41aa-98ed-948a128c1f5f,1,Business Administration,100,45.8,12.5,3.42,23.7,51.7,,71.3,0.0,stable,A,1
edc25960-2fd9-41aa-98ed-948a128c1f5f,2,Business Administration,100,64.5,10.3,3.57,29.0,60.0,71.3,86.6,15.3,improving,A,0
fe0084e8-9eb4-4bfe-a49a-0231974a41bc,1,Psychology,200,54.1,20.9,1.86,29.2,33.9,,56.9,0.0,stable,C,0
fe0084e8-9eb4-4bfe-a49a-0231974a41bc,2,Psychology,200,69.4,16.5,2.02,31.8,48.5,56.9,76.4,19.5,improving,A,0
7e48171b-2c19-45ce-83e3-c4bb39d91561,1,Computer Engineering,300,71.6,19.9,3.52,28.0,50.4,,76.4,0.0,stable,A,0
7e48171b-2c19-45ce-83e3-c4bb39d91561,2,Computer Engineering,300,91.7,17.6,3.1,34.5,33.8,76.4,64.2,-12.2,declining,B,0
56af9d77-ab22-4de7-8e94-dbfa7119be3a,1,Sociology,100,69.4,11.6,3.85,33.5,42.8,,79.9,0.0,stable,A,0
56af9d77-ab22-4de7-8e94-dbfa7119be3a,2,Sociology,100,60.8,17.4,2.37,33.4,42.0,79.9,69.4,-10.5,declining,B,0
502c6277-c219-4996-acb2-fdb84144e5c5,1,Electrical Engineering,100,86.0,16.0,2.63,30.3,40.1,,64.7,0.0,stable,B,0
502c6277-c219-4996-acb2-fdb84144e5c5,2,Electrical Engineering,100,39.5,18.5,2.34,32.2,56.6,64.7,93.5,28.8,improving,A,1
336b1420-665d-4de3-8835-90bbefd1073e,1,Political Science,300,65.2,4.0,2.13,25.8,8.4,,32.7,0.0,stable,F,1
336b1420-665d-4de3-8835-90bbefd1073e,2,Political Science,300,72.0,5.5,2.17,28.3,36.8,32.7,62.5,29.7,improving,B,0
689dc172-2ff8-42b3-a9e7-7274cf94a2c2,1,Computer Science,200,79.4,12.7,3.04,27.6,26.8,,59.5,0.0,stable,C,0
689dc172-2ff8-42b3-a9e7-7274cf94a2c2,2,Computer Science,200,84.5,17.0,2.93,31.1,47.9,59.5,73.5,14.0,improving,A,0
83582697-89eb-4a69-b383-04915fca9a71,1,Computer Engineering,200,58.3,8.0,2.64,22.3,39.3,,61.8,0.0,stable,B,0
83582697-89eb-4a69-b383-04915fca9a71,2,Computer Engineering,200,95.9,24.4,1.99,34.9,47.8,61.8,82.7,20.9,improving,A,0
fc5a140d-4386-44bc-815e-7ef3f0770ac2,1,Accounting,200,58.7,7.4,3.19,22.0,38.3,,59.6,0.0,stable,C,0
fc5a140d-4386-44bc-815e-7ef3f0770ac2,2,Accounting,200,77.1,7.2,3.13,26.0,38.0,59.6,68.1,8.5,improving,B,0
407594f3-45fb-4e23-9ddf-1b00e5820862,1,Political Science,200,78.9,13.6,3.65,23.8,59.2,,79.8,0.0,stable,A,0
407594f3-45fb-4e23-9ddf-1b00e5820862,2,Political Science,200,88.2,15.7,2.28,37.7,45.8,79.8,89.1,9.3,improving,A,0
59764aac-7521-4ab4-a236-4d7dded10812,1,Medicine,100,77.9,11.5,2.59,21.9,35.2,,56.2,0.0,stable,C,0
59764aac-7521-4ab4-a236-4d7dded10812,2,Medicine,100,78.9,4.9,2.81,33.7,40.9,56.2,68.9,12.7,improving,B,0
8f8dc728-0a2d-4878-9ce6-b2873c1d3839,1,Economics,200,85.6,10.8,2.85,20.3,53.3,,74.2,0.0,stable,A,0
8f8dc728-0a2d-4878-9ce6-b2873c1d3839,2,Economics,200,52.0,13.9,3.28,31.5,38.4,74.2,69.9,-4.2,stable,B,0
a6b990dd-8e3a-479b-bef2-7da480c2d153,1,Computer Science,200,65.4,15.0,2.37,23.6,39.8,,59.7,0.0,stable,C,0
a6b990dd-8e3a-479b-bef2-7da480c2d153,2,Computer Science,200,99.0,21.6,2.64,27.9,49.1,59.7,75.5,15.8,improving,A,0
dc71b0b1-887c-4582-9612-4dfb1f1b66f7,1,Mechanical Engineering,200,92.6,8.1,3.44,34.1,30.9,,65.7,0.0,stable,B,0
dc71b0b1-887c-4582-9612-4dfb1f1b66f7,2,Mechanical Engineering,200,88.2,12.4,3.08,28.3,51.5,65.7,82.9,17.2,improving,A,0
cc14d4bf-b7b3-444e-9ca5-c40f1661312e,1,Psychology,200,68.8,11.4,4.13,23.1,47.4,,68.9,0.0,stable,B,0
cc14d4bf-b7b3-444e-9ca5-c40f1661312e,2,Psychology,200,100.0,12.3,4.01,31.2,29.3,68.9,59.8,-9.0,declining,C,0
a61af1ba-a04d-4e81-9876-09481e0d2434,1,Biology,300,78.9,9.4,3.61,29.7,18.1,,49.5,0.0,stable,D,0
a61af1ba-a04d-4e81-9876-09481e0d2434,2,Biology,300,61.8,10.2,4.24,36.2,35.0,49.5,73.0,23.4,improving,A,0
fddeda8a-7a37-472c-aa8a-deff6f996bcb,1,Mechanical Engineering,200,66.7,10.6,2.52,19.7,38.5,,59.1,0.0,stable,C,0
fddeda8a-7a37-472c-aa8a-deff6f996bcb,2,Mechanical Engineering,200,64.9,17.4,2.65,24.8,48.0,59.1,68.2,9.1,improving,B,0
509df22a-cd88-4c4c-b240-1b41123ecc49,1,Medicine,400,88.6,10.0,3.79,39.2,46.1,,82.8,0.0,stable,A,0
509df22a-cd88-4c4c-b240-1b41123ecc49,2,Medicine,400,56.2,4.8,3.88,25.6,30.2,82.8,55.4,-27.4,declining,C,0
4836f56c-65c8-4a34-a542-3a310842a4c6,1,Political Science,100,91.2,15.9,3.35,36.4,44.9,,82.2,0.0,stable,A,0
4836f56c-65c8-4a34-a542-3a310842a4c6,2,Political Science,100,78.3,12.0,3.6,32.5,32.0,82.2,66.0,-16.2,declining,B,0
94460f67-d5c7-4fea-8b85-0c027d8ec0df,1,Biology,300,78.7,15.1,2.92,34.8,41.0,,77.9,0.0,stable,A,0
94460f67-d5c7-4fea-8b85-0c027d8ec0df,2,Biology,300,68.2,10.1,3.48,27.0,60.0,77.9,88.7,10.7,improving,A,0
b267f11d-fe01-4436-8240-9a61cb9260b8,1,Political Science,100,75.4,16.1,2.62,34.7,50.7,,89.1,0.0,stable,A,0
b267f11d-fe01-4436-8240-9a61cb9260b8,2,Political Science,100,68.4,5.9,2.51,27.3,50.9,89.1,84.8,-4.4,stable,A,0
ee36459a-2b70-42d8-958d-0a8496efc53d,1,Electrical Engineering,100,80.2,12.0,2.72,35.2,60.0,,100.0,0.0,stable,A,0
ee36459a-2b70-42d8-958d-0a8496efc53d,2,Electrical Engineering,100,92.1,17.6,3.67,33.2,37.5,100.0,70.7,-29.3,declining,A,0
ec1c25a1-4b99-4f10-b106-87fe2be57038,1,Biochemistry,200,81.3,4.7,2.88,27.1,44.3,,69.8,0.0,stable,B,0
ec1c25a1-4b99-4f10-b106-87fe2be57038,2,Biochemistry,200,79.9,8.5,4.28,22.5,44.4,69.8,63.0,-6.7,declining,B,0
3fa3ce0a-92a2-4aae-82e9-f087ddf35364,1,Computer Science,100,67.4,13.0,3.2,29.6,42.2,,69.9,0.0,stable,B,0
3fa3ce0a-92a2-4aae-82e9-f087ddf35364,2,Computer Science,100,72.5,12.2,3.16,29.2,47.3,69.9,76.8,6.8,improving,A,0
aa2e0758-4c1f-45c6-8ccc-42bbb10534db,1,Economics,200,78.0,10.1,2.16,31.4,48.6,,81.3,0.0,stable,A,0
aa2e0758-4c1f-45c6-8ccc-42bbb10534db,2,Economics,200,62.7,16.1,2.73,31.1,38.3,81.3,70.4,-10.9,declining,A,0
0cabd8d5-f8cb-48a9-aed7-838e0dff5e0e,1,Sociology,300,67.2,9.5,1.75,31.0,39.0,,71.3,0.0,stable,A,0
0cabd8d5-f8cb-48a9-aed7-838e0dff5e0e,2,Sociology,300,79.1,8.2,3.77,35.8,30.5,71.3,67.9,-3.4,stable,B,0
f73fbd0d-3547-410b-80b9-5f3f970b8a1a,1,Biochemistry,100,88.1,9.6,2.76,35.3,22.3,,54.3,0.0,stable,C,0
f73fbd0d-3547-410b-80b9-5f3f970b8a1a,2,Biochemistry,100,60.2,3.0,3.87,17.1,38.3,54.3,57.8,3.5,stable,C,0
8eeafea3-fa5d-417c-8c48-aeb92b74bbff,1,Medicine,100,70.6,8.7,3.19,29.1,47.6,,68.8,0.0,stable,B,0
8eeafea3-fa5d-417c-8c48-aeb92b74bbff,2,Medicine,100,61.2,14.8,3.04,31.0,44.3,68.8,74.9,6.0,improving,A,0
5108d038-fe7b-42b1-87e7-9bc9842eb87b,1,Political Science,300,70.5,23.6,4.23,31.6,51.1,,84.3,0.0,stable,A,0
5108d038-fe7b-42b1-87e7-9bc9842eb87b,2,Political Science,300,87.4,14.1,2.4,40.0,42.3,84.3,88.4,4.1,stable,A,0
aa33ab01-1b76-4db9-9068-e6fb2a536d95,1,Law,300,77.8,10.8,4.11,32.1,42.2,,70.7,0.0,stable,A,0
aa33ab01-1b76-4db9-9068-e6fb2a536d95,2,Law,300,84.9,9.5,2.64,29.5,41.5,70.7,66.4,-4.3,stable,B,0
bbaa1772-7dea-4cad-add5-fad1c47a5344,1,Computer Engineering,100,71.8,16.9,2.0,30.2,34.8,,63.8,0.0,stable,B,0
bbaa1772-7dea-4cad-add5-fad1c47a5344,2,Computer Engineering,100,99.8,3.7,3.61,32.6,29.6,63.8,58.9,-4.9,stable,C,0
7e36ca85-b7e3-457d-be3f-3ccbc74dcde7,1,Economics,100,86.3,11.0,2.75,32.8,36.7,,63.5,0.0,stable,B,0
7e36ca85-b7e3-457d-be3f-3ccbc74dcde7,2,Economics,100,67.6,16.5,1.79,23.1,36.1,63.5,57.0,-6.5,declining,C,0
0a25ecd5-9ffa-4af8-b8e3-a7f8fb07e5ff,1,Law,400,74.6,6.5,2.69,29.7,41.5,,74.9,0.0,stable,A,0
0a25ecd5-9ffa-4af8-b8e3-a7f8fb07e5ff,2,Law,400,71.1,21.4,2.85,33.4,60.0,74.9,93.8,18.8,improving,A,0
cb68d605-1a28-459d-b613-18b8b81337eb,1,Computer Science,100,54.4,12.5,2.51,24.5,58.8,,79.6,0.0,stable,A,0
cb68d605-1a28-459d-b613-18b8b81337eb,2,Computer Science,100,79.5,7.6,2.75,34.6,39.1,79.6,73.1,-6.5,declining,A,0
b31dda5b-1e74-4f43-a1d5-2197242aa80b,1,Biology,200,65.3,13.6,4.37,23.5,60.0,,87.1,0.0,stable,A,0
b31dda5b-1e74-4f43-a1d5-2197242aa80b,2,Biology,200,95.5,13.5,3.94,29.1,35.9,87.1,67.2,-19.9,declining,B,0
d5510028-02a0-49f6-b468-5eb79cb90e4d,1,Computer Engineering,100,79.4,11.3,1.0,28.7,23.3,,53.5,0.0,stable,C,0
d5510028-02a0-49f6-b468-5eb79cb90e4d,2,Computer Engineering,100,72.1,8.9,5.0,34.6,51.9,53.5,93.1,39.6,improving,A,0
7f330331-0c99-4277-9273-c81d6a60cb9d,1,Biochemistry,100,87.0,8.1,2.29,37.2,14.8,,51.8,0.0,stable,C,0
7f330331-0c99-4277-9273-c81d6a60cb9d,2,Biochemistry,100,42.4,12.5,3.68,24.9,50.7,51.8,81.5,29.6,improving,A,1
d3b5789a-525d-46ae-9e5d-851eeb933d20,1,Biochemistry,300,72.8,26.0,3.17,34.3,43.8,,83.0,0.0,stable,A,0
d3b5789a-525d-46ae-9e5d-851eeb933d20,2,Biochemistry,300,90.6,19.4,3.04,26.8,49.5,83.0,71.3,-11.7,declining,A,0
ee3a3f93-f9a1-4a97-a648-806eb641e9f5,1,Law,300,70.0,13.0,4.9,30.6,45.5,,75.8,0.0,stable,A,0
ee3a3f93-f9a1-4a97-a648-806eb641e9f5,2,Law,300,54.9,12.4,3.08,21.1,28.2,75.8,47.9,-28.0,declining,D,0
3821741d-60b7-4b69-9055-e900e99a2651,1,Architecture,100,76.0,9.7,2.16,31.6,41.6,,73.6,0.0,stable,A,0
3821741d-60b7-4b69-9055-e900e99a2651,2,Architecture,100,66.6,15.0,2.85,22.4,51.8,73.6,75.2,1.5,stable,A,0
19a3c65b-6deb-44fe-ae1e-28899e0b4554,1,Psychology,100,73.2,4.1,2.4,39.7,17.7,,56.7,0.0,stable,C,0
19a3c65b-6deb-44fe-ae1e-28899e0b4554,2,Psychology,100,74.8,13.6,1.8,30.8,21.5,56.7,52.6,-4.1,stable,C,0
70bee492-ce9b-4a7d-82e6-c9f091b13a45,1,Economics,100,65.2,7.7,3.67,26.9,42.6,,70.9,0.0,stable,A,0
70bee492-ce9b-4a7d-82e6-c9f091b13a45,2,Economics,100,94.0,6.0,3.74,33.9,32.9,70.9,63.4,-7.5,declining,B,0
4d2d31ab-c835-4b1d-8aef-34b5a197ee23,1,Sociology,200,84.1,7.4,3.41,40.0,46.9,,91.1,0.0,stable,A,0
4d2d31ab-c835-4b1d-8aef-34b5a197ee23,2,Sociology,200,64.2,15.8,2.08,26.7,57.9,91.1,82.7,-8.4,declining,A,0
c6fe0512-6c11-4996-95e7-c30ab1732b96,1,Computer Engineering,300,91.7,17.1,3.86,27.0,50.2,,76.7,0.0,stable,A,0
c6fe0512-6c11-4996-95e7-c30ab1732b96,2,Computer Engineering,300,91.3,3.7,3.29,34.4,14.3,76.7,46.1,-30.6,declining,D,0
dd431f8c-cae7-4a6d-a3bd-ffe89c102fbc,1,Psychology,100,47.5,8.4,3.44,25.5,39.6,,61.9,0.0,stable,B,1
dd431f8c-cae7-4a6d-a3bd-ffe89c102fbc,2,Psychology,100,91.8,11.9,3.03,38.1,29.6,61.9,68.4,6.5,improving,B,0
a1f4cf6c-7f7a-44bb-aca4-85e34adf1f46,1,Law,200,81.4,9.3,3.52,33.7,37.7,,70.9,0.0,stable,A,0
a1f4cf6c-7f7a-44bb-aca4-85e34adf1f46,2,Law,200,82.9,15.9,3.05,37.2,49.1,70.9,80.9,10.0,improving,A,0
8722b992-a01f-4923-8357-1a114a68fc52,1,Mechanical Engineering,200,53.9,17.9,2.8,26.6,54.8,,81.4,0.0,stable,A,0
8722b992-a01f-4923-8357-1a114a68fc52,2,Mechanical Engineering,200,75.6,7.7,3.3,33.0,31.3,81.4,61.6,-19.8,declining,B,0
a7f5e680-eb22-4266-8fc6-20214088841d,1,Business Administration,200,100.0,11.5,2.45,38.5,37.6,,72.9,0.0,stable,A,0
a7f5e680-eb22-4266-8fc6-20214088841d,2,Business Administration,200,82.2,7.7,4.26,33.9,36.3,72.9,70.5,-2.4,stable,A,0
56578f81-61bc-419e-a6ab-a06d28ac876a,1,Biochemistry,200,88.5,12.9,4.7,38.4,48.5,,84.1,0.0,stable,A,0
56578f81-61bc-419e-a6ab-a06d28ac876a,2,Biochemistry,200,72.8,14.4,2.34,36.0,30.2,84.1,64.3,-19.7,declining,B,0
8ebddfe9-d727-4264-90e7-5b26903bc2a5,1,Biology,300,66.6,15.7,2.36,19.3,51.8,,69.8,0.0,stable,B,0
8ebddfe9-d727-4264-90e7-5b26903bc2a5,2,Biology,300,59.0,8.2,4.37,23.5,38.4,69.8,60.6,-9.2,declining,B,0
bd1f5480-9993-49a0-9ac5-e3b51cf51f24,1,Medicine,300,56.5,8.3,1.96,31.1,35.8,,74.4,0.0,stable,A,0
bd1f5480-9993-49a0-9ac5-e3b51cf51f24,2,Medicine,300,64.4,7.7,4.23,33.2,42.8,74.4,72.6,-1.7,stable,A,0
77e3d459-b075-4b76-9465-36e1da3bacfd,1,Architecture,300,100.0,11.6,2.66,40.0,38.4,,74.9,0.0,stable,A,0
77e3d459-b075-4b76-9465-36e1da3bacfd,2,Architecture,300,75.6,8.1,0.59,25.7,26.7,74.9,48.9,-26.0,declining,D,0
ddd9f556-9f7d-4d75-8b30-69dd36b16e0a,1,Mechanical Engineering,100,83.6,8.1,3.38,25.6,46.7,,68.4,0.0,stable,B,0
ddd9f556-9f7d-4d75-8b30-69dd36b16e0a,2,Mechanical Engineering,100,39.9,18.2,2.32,31.8,48.3,68.4,82.4,14.0,improving,A,1
663e0642-f97f-4c45-aeea-87d243ac7395,1,Mechanical Engineering,100,90.7,12.6,3.1,39.5,41.3,,78.6,0.0,stable,A,0
663e0642-f97f-4c45-aeea-87d243ac7395,2,Mechanical Engineering,100,83.8,1.4,4.06,38.5,46.1,78.6,88.1,9.4,improving,A,0
5063ea69-4e1a-4eca-aef6-d63273ddc191,1,Political Science,300,73.7,11.5,2.02,38.5,32.4,,71.9,0.0,stable,A,0
5063ea69-4e1a-4eca-aef6-d63273ddc191,2,Political Science,300,78.8,5.3,1.6,30.8,27.5,71.9,58.0,-13.9,declining,C,0
aba00a7a-b437-4d7c-b124-da94c4f81895,1,Computer Engineering,100,91.0,13.1,3.61,35.4,38.4,,70.8,0.0,stable,A,0
aba00a7a-b437-4d7c-b124-da94c4f81895,2,Computer Engineering,100,79.0,12.4,3.73,30.0,38.4,70.8,67.7,-3.1,stable,B,0
156feb90-8360-48e2-8088-e279cea876ab,1,Computer Engineering,100,61.2,19.2,3.91,21.2,54.6,,70.2,0.0,stable,A,0
156feb90-8360-48e2-8088-e279cea876ab,2,Computer Engineering,100,89.8,8.5,3.29,23.3,25.7,70.2,50.4,-19.9,declining,C,0
49d9d079-f0ff-4a26-b82e-5137c16ddff7,1,Architecture,400,64.5,7.8,4.12,39.0,48.2,,83.9,0.0,stable,A,0
49d9d079-f0ff-4a26-b82e-5137c16ddff7,2,Architecture,400,100.0,4.2,2.76,35.3,52.7,83.9,90.8,6.9,improving,A,0
fe657d7d-2395-45d8-89ed-c6ec9faea046,1,Medicine,400,68.0,7.3,3.8,25.9,40.0,,61.8,0.0,stable,B,0
fe657d7d-2395-45d8-89ed-c6ec9faea046,2,Medicine,400,83.5,14.4,2.01,36.9,44.9,61.8,84.0,22.2,improving,A,0
1ecd6c20-2d11-4f92-9a48-ba676b32b05c,1,Computer Engineering,300,69.3,12.9,3.05,28.1,42.0,,73.9,0.0,stable,A,0
1ecd6c20-2d11-4f92-9a48-ba676b32b05c,2,Computer Engineering,300,91.1,6.1,3.79,39.2,35.4,73.9,76.1,2.2,stable,A,0
88acab71-2736-4df2-ad8b-cf780682d9ca,1,Medicine,200,82.4,7.8,2.69,35.2,31.0,,69.1,0.0,stable,B,0
88acab71-2736-4df2-ad8b-cf780682d9ca,2,Medicine,200,94.6,17.7,4.58,33.5,48.6,69.1,83.0,13.9,improving,A,0
39c90078-ee49-49a5-baf8-d0407b7ff45a,1,Architecture,300,74.1,14.7,1.63,30.8,25.0,,53.0,0.0,stable,C,0
39c90078-ee49-49a5-baf8-d0407b7ff45a,2,Architecture,300,86.0,11.0,3.56,31.1,51.0,53.0,81.4,28.5,improving,A,0
a112188b-787a-47a5-9527-6868dc4accd8,1,Architecture,300,45.7,13.1,1.26,16.9,28.1,,41.9,0.0,stable,F,1
a112188b-787a-47a5-9527-6868dc4accd8,2,Architecture,300,66.8,6.8,1.88,36.1,26.8,41.9,56.2,14.3,improving,C,0
e43a5758-da0d-4a52-8581-df2ec6b8e742,1,Accounting,100,69.6,6.4,2.29,32.5,29.7,,58.7,0.0,stable,C,0
e43a5758-da0d-4a52-8581-df2ec6b8e742,2,Accounting,100,81.7,17.7,3.43,19.1,33.4,58.7,52.6,-6.1,declining,C,0
986d4be5-b61c-4ff3-9f82-2593344e7b61,1,Computer Engineering,100,71.3,10.4,2.21,22.2,56.9,,79.2,0.0,stable,A,0
986d4be5-b61c-4ff3-9f82-2593344e7b61,2,Computer Engineering,100,84.6,12.0,3.04,31.6,28.5,79.2,55.5,-23.7,declining,C,0
5628aeac-4708-404b-b362-9d1d68325f26,1,Political Science,300,80.8,12.9,3.75,34.8,33.7,,71.9,0.0,stable,A,0
5628aeac-4708-404b-b362-9d1d68325f26,2,Political Science,300,86.5,15.5,4.8,40.0,52.5,71.9,94.2,22.3,improving,A,0
f3f26d67-12b4-4c57-b97c-2e8f38b1c01c,1,Business Administration,300,91.2,9.1,2.54,36.6,28.0,,66.4,0.0,stable,B,0
f3f26d67-12b4-4c57-b97c-2e8f38b1c01c,2,Business Administration,300,77.4,7.7,3.02,37.0,37.4,66.4,74.6,8.2,improving,A,0
6e3ae7f1-a915-4dbd-bf6d-6ec0cc3e08e7,1,Biology,300,79.9,14.3,2.74,32.7,30.2,,60.5,0.0,stable,B,0
6e3ae7f1-a915-4dbd-bf6d-6ec0cc3e08e7,2,Biology,300,64.9,14.3,3.13,27.3,48.4,60.5,76.9,16.3,improving,A,0
327a2a4e-97af-4047-b364-835d882a218e,1,Computer Science,100,70.7,6.8,2.34,21.8,36.0,,55.2,0.0,stable,C,0
327a2a4e-97af-4047-b364-835d882a218e,2,Computer Science,100,67.6,11.4,3.84,33.2,40.2,55.2,77.2,22.0,improving,A,0
f719f1c7-dc7d-4948-85e8-c395bcbc92d9,1,Accounting,200,44.8,21.4,3.55,24.5,38.5,,61.6,0.0,stable,B,1
f719f1c7-dc7d-4948-85e8-c395bcbc92d9,2,Accounting,200,84.1,15.2,3.53,28.2,33.6,61.6,62.4,0.7,stable,B,0
31f04035-fb8e-41ed-ade5-9c61cd10740c,1,Electrical Engineering,100,86.5,12.0,4.19,32.5,41.9,,76.4,0.0,stable,A,0
31f04035-fb8e-41ed-ade5-9c61cd10740c,2,Electrical Engineering,100,93.3,5.3,2.11,32.1,60.0,76.4,91.3,14.9,improving,A,0
e1aa431a-1a0d-4868-9ded-97cfb7b3b7e9,1,Biology,100,73.2,15.1,3.78,30.5,55.0,,81.9,0.0,stable,A,0
e1aa431a-1a0d-4868-9ded-97cfb7b3b7e9,2,Biology,100,63.5,17.8,3.01,21.4,30.5,81.9,49.5,-32.4,declining,D,0
5da92862-3773-4c78-a9fd-75f7f81e7c83,1,Medicine,400,75.0,14.3,2.74,31.9,36.3,,71.9,0.0,stable,A,0
5da92862-3773-4c78-a9fd-75f7f81e7c83,2,Medicine,400,100.0,10.0,3.38,37.0,40.3,71.9,79.3,7.3,improving,A,0
b0c9e501-16dc-4b22-949b-16c4d678fdec,1,Economics,100,82.2,9.6,4.05,32.4,36.1,,75.9,0.0,stable,A,0
b0c9e501-16dc-4b22-949b-16c4d678fdec,2,Economics,100,73.3,13.3,3.14,29.0,45.2,75.9,71.7,-4.2,stable,A,0
c2aaec22-44dc-47df-b2dc-fa25d6ced5c1,1,Sociology,200,83.9,3.2,1.96,40.0,18.7,,52.8,0.0,stable,C,0
c2aaec22-44dc-47df-b2dc-fa25d6ced5c1,2,Sociology,200,56.5,20.7,1.57,21.5,28.3,52.8,49.0,-3.7,stable,D,0
1f402adc-ca75-47a4-98bb-2d1bdb5744ec,1,Business Administration,100,68.5,9.6,4.48,22.7,39.8,,63.5,0.0,stable,B,0
1f402adc-ca75-47a4-98bb-2d1bdb5744ec,2,Business Administration,100,60.3,14.4,2.68,28.9,39.6,63.5,62.4,-1.1,stable,B,0
39a2559f-e08f-4439-813b-b890c3d12157,1,Computer Science,200,94.6,22.4,2.86,29.4,60.0,,95.1,0.0,stable,A,0
39a2559f-e08f-4439-813b-b890c3d12157,2,Computer Science,200,72.5,10.9,2.94,21.1,35.8,95.1,62.0,-33.1,declining,B,0
1a6fc7c7-462a-4701-9f50-d15323797f89,1,Accounting,200,72.5,6.8,3.4,26.2,36.0,,58.3,0.0,stable,C,0
1a6fc7c7-462a-4701-9f50-d15323797f89,2,Accounting,200,59.5,15.7,3.09,23.0,43.6,58.3,64.8,6.4,improving,B,0
706b2bd0-e3ed-4f11-82b1-6f3ae453e10b,1,Economics,300,63.2,17.8,3.63,27.5,46.4,,73.9,0.0,stable,A,0
706b2bd0-e3ed-4f11-82b1-6f3ae453e10b,2,Economics,300,82.3,8.0,3.69,33.2,35.5,73.9,67.2,-6.7,declining,B,0
79963014-f613-4dcd-8f95-7bc4f6660387,1,Economics,100,87.6,11.2,2.44,30.6,45.6,,71.4,0.0,stable,A,0
79963014-f613-4dcd-8f95-7bc4f6660387,2,Economics,100,69.7,17.4,2.87,30.3,54.0,71.4,87.0,15.6,improving,A,0
0bfd7cb0-4d6b-4b56-a095-a52705bffc82,1,Computer Engineering,200,68.4,11.3,3.72,33.4,39.7,,72.9,0.0,stable,A,0
0bfd7cb0-4d6b-4b56-a095-a52705bffc82,2,Computer Engineering,200,79.0,18.8,3.85,34.3,35.4,72.9,68.8,-4.1,stable,B,0
0c3753c5-806e-4f40-9cff-08058bf2f3c5,1,Computer Engineering,100,71.7,19.1,2.81,35.6,38.5,,72.7,0.0,stable,A,0
0c3753c5-806e-4f40-9cff-08058bf2f3c5,2,Computer Engineering,100,82.2,19.8,2.83,18.6,29.2,72.7,48.7,-24.0,declining,D,0
e57ac043-cc8b-4b29-bef8-7efefd1bfa09,1,Computer Engineering,100,52.9,7.7,3.01,13.3,32.7,,42.5,0.0,stable,F,1
e57ac043-cc8b-4b29-bef8-7efefd1bfa09,2,Computer Engineering,100,52.5,8.0,2.14,27.8,47.0,42.5,73.7,31.2,improving,A,0
22fb5e09-2eb3-4083-b09c-9cd0800c99c5,1,Computer Science,100,66.1,9.9,2.11,21.8,19.9,,37.6,0.0,stable,F,1
22fb5e09-2eb3-4083-b09c-9cd0800c99c5,2,Computer Science,100,99.5,8.5,0.65,32.0,16.5,37.6,48.6,11.0,improving,D,0
5e769b07-7d09-4884-8f72-2aa2e2850107,1,Electrical Engineering,100,74.3,12.3,2.97,28.0,25.1,,52.9,0.0,stable,C,0
5e769b07-7d09-4884-8f72-2aa2e2850107,2,Electrical Engineering,100,90.3,21.1,2.81,32.4,50.7,52.9,87.6,34.6,improving,A,0
05557a88-4b58-4a8c-9c76-3cdc8b33bbbf,1,Accounting,200,67.7,15.5,2.34,30.2,50.4,,76.8,0.0,stable,A,0
05557a88-4b58-4a8c-9c76-3cdc8b33bbbf,2,Accounting,200,67.1,16.8,3.49,33.6,52.5,76.8,85.0,8.3,improving,A,0
015b3f3c-090b-465f-94c5-510856a6aa14,1,Medicine,100,100.0,12.7,0.56,33.6,30.5,,66.5,0.0,stable,B,0
015b3f3c-090b-465f-94c5-510856a6aa14,2,Medicine,100,68.2,17.5,3.45,23.6,43.0,66.5,64.3,-2.1,stable,B,0
54132ec9-6215-4c43-9db0-bdb21651ebc1,1,Psychology,300,77.8,8.1,3.06,29.2,35.4,,70.7,0.0,stable,A,0
54132ec9-6215-4c43-9db0-bdb21651ebc1,2,Psychology,300,69.6,2.3,3.81,34.0,14.5,70.7,46.4,-24.4,declining,D,0
2f7da715-8f0a-4ef3-885a-00077e4f3787,1,Business Administration,100,81.5,14.6,3.0,31.4,32.1,,56.2,0.0,stable,C,0
2f7da715-8f0a-4ef3-885a-00077e4f3787,2,Business Administration,100,100.0,7.2,3.14,34.2,45.4,56.2,79.9,23.7,improving,A,0
b4523071-9141-4ecc-be5b-25519d852c6e,1,Computer Science,100,77.3,0.0,2.33,34.2,36.2,,67.5,0.0,stable,B,0
b4523071-9141-4ecc-be5b-25519d852c6e,2,Computer Science,100,51.3,12.6,0.67,19.5,53.0,67.5,76.8,9.3,improving,A,0
f271705e-45dd-4b31-b298-be4457971a44,1,Mechanical Engineering,300,82.3,13.5,1.44,27.8,34.6,,60.2,0.0,stable,B,0
f271705e-45dd-4b31-b298-be4457971a44,2,Mechanical Engineering,300,69.7,18.5,2.57,27.2,50.7,60.2,73.7,13.5,improving,A,0
0b986d44-e011-4d9b-a17c-559b1bde716b,1,Architecture,200,62.4,8.3,3.04,25.8,33.9,,57.7,0.0,stable,C,0
0b986d44-e011-4d9b-a17c-559b1bde716b,2,Architecture,200,58.9,15.0,2.73,29.9,30.1,57.7,58.0,0.3,stable,C,0
e243e261-4461-47fc-ad7c-9cd0d07806b5,1,Computer Engineering,200,71.7,11.4,3.6,27.2,47.8,,76.1,0.0,stable,A,0
e243e261-4461-47fc-ad7c-9cd0d07806b5,2,Computer Engineering,200,73.4,7.2,3.61,25.0,37.2,76.1,62.1,-14.0,declining,B,0
54ba593f-ffc4-48f8-9cbc-88e6bde91473,1,Computer Engineering,100,71.9,10.1,2.34,21.3,50.9,,70.7,0.0,stable,A,0
54ba593f-ffc4-48f8-9cbc-88e6bde91473,2,Computer Engineering,100,73.1,11.3,3.88,39.3,42.4,70.7,81.3,10.5,improving,A,0
a6c4a0ba-8f5a-4eb5-876e-25c22b727d25,1,Architecture,100,58.1,4.8,1.58,22.7,10.7,,36.6,0.0,stable,F,1
a6c4a0ba-8f5a-4eb5-876e-25c22b727d25,2,Architecture,100,81.3,10.7,3.89,25.9,32.2,36.6,52.4,15.8,improving,C,0
371a0efd-45d2-4b9c-84c4-61d4fe0ba6d7,1,Electrical Engineering,300,86.6,7.9,3.01,37.3,50.4,,87.7,0.0,stable,A,0
371a0efd-45d2-4b9c-84c4-61d4fe0ba6d7,2,Electrical Engineering,300,80.8,7.5,4.35,30.3,39.8,87.7,68.9,-18.7,declining,B,0
48971d67-f1aa-4a4d-8ff8-d74e33c97979,1,Law,400,93.0,13.0,3.61,35.4,39.3,,77.5,0.0,stable,A,0
48971d67-f1aa-4a4d-8ff8-d74e33c97979,2,Law,400,80.2,7.2,2.21,31.8,43.6,77.5,80.3,2.9,stable,A,0
b873ba8f-c885-4620-aeba-dd6b171ade40,1,Architecture,100,48.3,12.1,3.39,26.1,50.5,,78.7,0.0,stable,A,1
b873ba8f-c885-4620-aeba-dd6b171ade40,2,Architecture,100,60.2,6.9,3.25,32.0,37.9,78.7,65.1,-13.5,declining,B,0
50d42236-2492-4d47-b419-e1b35e8f8d26,1,Law,400,59.3,15.5,2.72,27.4,52.1,,76.0,0.0,stable,A,0
50d42236-2492-4d47-b419-e1b35e8f8d26,2,Law,400,68.8,9.4,3.28,32.6,23.5,76.0,56.1,-19.9,declining,C,0
80432580-c6b7-4c39-abd4-d958672b6fc5,1,Electrical Engineering,200,88.0,2.7,2.95,26.5,26.4,,45.4,0.0,stable,D,0
80432580-c6b7-4c39-abd4-d958672b6fc5,2,Electrical Engineering,200,95.9,10.2,2.35,35.8,26.6,45.4,59.0,13.6,improving,C,0
476bc992-a9c9-49a3-982c-8bb82576c583,1,Mechanical Engineering,100,97.7,21.0,2.53,39.9,48.6,,84.3,0.0,stable,A,0
476bc992-a9c9-49a3-982c-8bb82576c583,2,Mechanical Engineering,100,61.1,19.8,1.86,38.6,37.1,84.3,80.5,-3.8,stable,A,0
326977d7-8e5c-41b5-876d-f824837c445f,1,Business Administration,200,70.4,16.0,4.12,36.0,38.8,,72.3,0.0,stable,A,0
326977d7-8e5c-41b5-876d-f824837c445f,2,Business Administration,200,73.8,5.5,3.19,25.7,46.1,72.3,70.1,-2.2,stable,A,0
b5a574e0-bbd8-4171-927a-cc0f4b0a2e06,1,Architecture,200,48.9,19.0,3.15,24.9,55.8,,83.3,0.0,stable,A,1
b5a574e0-bbd8-4171-927a-cc0f4b0a2e06,2,Architecture,200,63.6,9.8,2.11,20.4,42.0,83.3,63.5,-19.8,declining,B,0
b369b78d-87de-434c-a21b-6df9981ec276,1,Computer Science,300,86.4,18.4,3.62,36.6,24.6,,60.3,0.0,stable,B,0
b369b78d-87de-434c-a21b-6df9981ec276,2,Computer Science,300,89.5,6.2,3.07,35.5,40.0,60.3,76.6,16.3,improving,A,0
ae0a4318-5e30-4614-8141-06b66a714318,1,Psychology,300,84.0,12.9,1.83,34.3,40.7,,70.7,0.0,stable,A,0
ae0a4318-5e30-4614-8141-06b66a714318,2,Psychology,300,95.7,14.7,1.9,30.1,33.6,70.7,62.0,-8.7,declining,B,0
20451f48-d609-4ea0-9525-a5956be82b0a,1,Mechanical Engineering,300,79.4,7.1,3.9,36.1,44.1,,80.3,0.0,stable,A,0
20451f48-d609-4ea0-9525-a5956be82b0a,2,Mechanical Engineering,300,89.1,10.6,2.42,38.8,40.6,80.3,77.3,-3.0,stable,A,0
a8db130a-18e3-4b6a-8089-eaf9243f058f,1,Business Administration,200,68.7,8.3,4.62,28.8,41.8,,72.7,0.0,stable,A,0
a8db130a-18e3-4b6a-8089-eaf9243f058f,2,Business Administration,200,56.8,17.5,2.51,35.5,39.4,72.7,78.0,5.3,improving,A,0
55b7940e-44c9-4b2f-a2d5-70cf37143a10,1,Law,400,37.5,6.1,2.77,12.4,40.9,,54.2,0.0,stable,C,1
55b7940e-44c9-4b2f-a2d5-70cf37143a10,2,Law,400,60.1,11.9,3.65,16.5,28.1,54.2,43.6,-10.6,declining,F,1
5dce505b-3062-47e2-8738-a7d240fa2e7a,1,Computer Science,100,75.4,11.7,3.71,32.5,47.8,,76.0,0.0,stable,A,0
5dce505b-3062-47e2-8738-a7d240fa2e7a,2,Computer Science,100,77.2,10.5,4.17,31.3,34.1,76.0,68.0,-8.1,declining,B,0
e70a85f9-9381-436a-8731-656213d6b7af,1,Business Administration,200,83.4,7.9,2.72,30.0,48.4,,79.0,0.0,stable,A,0
e70a85f9-9381-436a-8731-656213d6b7af,2,Business Administration,200,85.9,9.5,3.27,38.7,34.7,79.0,73.8,-5.2,declining,A,0
52feccc1-15e6-46e7-a1a9-506bbb5ca716,1,Electrical Engineering,200,54.6,8.2,2.73,20.6,49.5,,67.6,0.0,stable,B,0
52feccc1-15e6-46e7-a1a9-506bbb5ca716,2,Electrical Engineering,200,86.8,12.9,3.02,39.8,17.7,67.6,56.9,-10.7,declining,C,0
521ae207-1e51-448d-bb4a-a77efb2d055b,1,Mechanical Engineering,300,58.8,2.2,2.04,26.8,23.4,,52.9,0.0,stable,C,0
521ae207-1e51-448d-bb4a-a77efb2d055b,2,Mechanical Engineering,300,71.8,10.4,2.74,28.9,33.7,52.9,60.0,7.1,improving,B,0
6f1d97cb-e2b5-423a-b8ac-05979b486257,1,Biochemistry,300,89.8,8.9,2.69,35.1,39.9,,72.4,0.0,stable,A,0
6f1d97cb-e2b5-423a-b8ac-05979b486257,2,Biochemistry,300,86.3,14.7,3.14,30.1,37.7,72.4,67.2,-5.1,declining,B,0
b0f7f466-0cc6-4936-b726-ba936cd01be7,1,Mechanical Engineering,300,56.5,11.8,3.71,30.7,37.1,,70.9,0.0,stable,A,0
b0f7f466-0cc6-4936-b726-ba936cd01be7,2,Mechanical Engineering,300,100.0,10.4,3.55,23.7,27.0,70.9,50.9,-20.0,declining,C,0
011280bd-9dd0-43e4-8538-e5f587e28cb0,1,Political Science,300,59.9,22.2,3.48,31.8,47.5,,76.3,0.0,stable,A,0
011280bd-9dd0-43e4-8538-e5f587e28cb0,2,Political Science,300,67.2,13.3,2.49,31.8,46.6,76.3,78.4,2.1,stable,A,0
2f1c939b-180c-466a-99ba-4d6dee44f343,1,Political Science,100,47.6,20.6,2.83,38.1,51.9,,89.3,0.0,stable,A,1
2f1c939b-180c-466a-99ba-4d6dee44f343,2,Political Science,100,81.7,1.9,3.82,40.0,13.1,89.3,52.2,-37.1,declining,C,0
d17cd4c5-4a07-45e8-9cd3-9f1d9927a6f0,1,Law,300,73.4,16.4,4.68,31.6,60.0,,92.1,0.0,stable,A,0
d17cd4c5-4a07-45e8-9cd3-9f1d9927a6f0,2,Law,300,81.8,13.6,3.98,29.2,50.9,92.1,76.4,-15.7,declining,A,0
1d4c2dc3-f350-4501-834a-d326abc395d1,1,Architecture,400,70.7,8.8,3.07,27.6,48.8,,73.7,0.0,stable,A,0
1d4c2dc3-f350-4501-834a-d326abc395d1,2,Architecture,400,49.0,5.2,3.8,20.0,40.3,73.7,59.4,-14.3,declining,C,1
42fa32c8-6945-431d-87f5-f95df5b79fe5,1,Medicine,300,87.4,10.8,5.0,40.0,39.6,,78.2,0.0,stable,A,0
42fa32c8-6945-431d-87f5-f95df5b79fe5,2,Medicine,300,100.0,6.6,2.96,35.1,35.6,78.2,65.5,-12.7,declining,B,0
31b409b3-c3a3-4c26-a27b-56d18462541e,1,Law,300,82.4,7.1,4.15,24.2,39.0,,56.6,0.0,stable,C,0
31b409b3-c3a3-4c26-a27b-56d18462541e,2,Law,300,42.7,7.8,2.44,30.9,35.1,56.6,69.8,13.2,improving,B,1
89c073e6-f8d0-41db-9879-acf4632bb805,1,Electrical Engineering,100,69.3,15.0,2.42,24.9,22.4,,48.3,0.0,stable,D,0
89c073e6-f8d0-41db-9879-acf4632bb805,2,Electrical Engineering,100,78.9,15.9,3.17,40.0,44.5,48.3,87.4,39.2,improving,A,0
d65208e0-e25e-44ae-9c49-7a20d68d390e,1,Medicine,200,70.1,7.5,3.57,28.6,45.8,,75.4,0.0,stable,A,0
d65208e0-e25e-44ae-9c49-7a20d68d390e,2,Medicine,200,63.1,17.4,2.3,30.7,54.8,75.4,84.4,9.0,improving,A,0
b57e2db0-4d2e-4b8c-850c-5a31f59d905e,1,Computer Science,200,92.3,14.0,3.68,29.3,44.5,,69.6,0.0,stable,B,0
b57e2db0-4d2e-4b8c-850c-5a31f59d905e,2,Computer Science,200,100.0,1.9,2.72,30.3,38.6,69.6,74.7,5.1,improving,A,0
922954c7-590d-4fd4-921d-68feaffb2b86,1,Computer Science,200,84.8,26.8,1.9,25.5,39.0,,64.8,0.0,stable,B,0
922954c7-590d-4fd4-921d-68feaffb2b86,2,Computer Science,200,59.6,8.2,3.5,20.7,26.5,64.8,46.1,-18.8,declining,D,0
8ba4522b-8f35-47f4-b4b3-6cefeae2d6bf,1,Economics,200,70.4,17.1,2.28,25.5,47.6,,75.4,0.0,stable,A,0
8ba4522b-8f35-47f4-b4b3-6cefeae2d6bf,2,Economics,200,96.4,14.3,3.1,37.2,38.8,75.4,75.1,-0.3,stable,A,0
1ebacb58-694d-4944-bb95-40e2320f3012,1,Political Science,300,48.4,16.5,3.17,28.6,14.9,,43.4,0.0,stable,F,1
1ebacb58-694d-4944-bb95-40e2320f3012,2,Political Science,300,62.2,19.5,3.49,28.6,41.6,43.4,71.4,28.0,improving,A,0
16200cf5-8969-4a4f-88de-1c1c098a4fa8,1,Mechanical Engineering,100,61.1,11.5,2.54,38.5,53.0,,94.7,0.0,stable,A,0
16200cf5-8969-4a4f-88de-1c1c098a4fa8,2,Mechanical Engineering,100,52.6,16.3,3.15,31.6,46.2,94.7,77.8,-16.9,declining,A,0
100f3dee-c4e3-4f0f-964a-fcd2012a15f9,1,Computer Engineering,100,78.5,3.0,2.39,32.6,43.3,,74.2,0.0,stable,A,0
100f3dee-c4e3-4f0f-964a-fcd2012a15f9,2,Computer Engineering,100,74.4,4.0,4.17,35.4,42.7,74.2,79.4,5.2,improving,A,0
8808b227-516c-4277-b202-895d385a6eb1,1,Sociology,100,98.3,8.0,2.27,40.0,45.2,,81.6,0.0,stable,A,0
8808b227-516c-4277-b202-895d385a6eb1,2,Sociology,100,67.0,20.4,3.33,32.3,34.7,81.6,69.0,-12.6,declining,B,0
873645ec-ad62-41fe-b2c6-3fb4113045d3,1,Business Administration,300,53.7,2.1,3.58,32.9,31.1,,62.4,0.0,stable,B,0
873645ec-ad62-41fe-b2c6-3fb4113045d3,2,Business Administration,300,100.0,11.0,2.95,40.0,35.2,62.4,73.3,10.9,improving,A,0
685cd353-962a-4efe-b35f-3c3f85a811dc,1,Accounting,300,87.2,8.4,2.88,25.9,38.7,,64.7,0.0,stable,B,0
685cd353-962a-4efe-b35f-3c3f85a811dc,2,Accounting,300,89.5,16.3,3.44,34.9,42.8,64.7,79.5,14.8,improving,A,0
62f7af38-3dc6-4235-9cae-7265de47584f,1,Computer Science,100,58.3,0.3,3.93,30.0,31.8,,65.0,0.0,stable,B,0
62f7af38-3dc6-4235-9cae-7265de47584f,2,Computer Science,100,64.0,8.5,2.32,30.6,19.9,65.0,48.2,-16.8,declining,D,0
26b0ccc5-fa70-4316-b50b-f8bce27a2321,1,Psychology,200,79.3,6.0,2.47,19.8,40.3,,58.0,0.0,stable,C,0
26b0ccc5-fa70-4316-b50b-f8bce27a2321,2,Psychology,200,58.5,5.5,2.67,18.8,53.7,58.0,65.3,7.3,improving,B,0
116d9025-9adb-496c-a45b-30be92f85a32,1,Medicine,200,68.2,12.5,2.38,29.7,30.7,,65.0,0.0,stable,B,0
116d9025-9adb-496c-a45b-30be92f85a32,2,Medicine,200,58.2,0.2,1.96,28.6,27.9,65.0,58.7,-6.3,declining,C,0
94f4ca8f-4f51-4313-91c0-8d5dd9043860,1,Electrical Engineering,100,82.5,8.8,2.61,29.6,55.4,,87.0,0.0,stable,A,0
94f4ca8f-4f51-4313-91c0-8d5dd9043860,2,Electrical Engineering,100,100.0,16.2,2.95,29.9,44.5,87.0,74.2,-12.8,declining,A,0
cfc2a4f9-7cdd-4e86-85ae-d541980c6aeb,1,Psychology,200,73.6,11.0,1.36,36.0,35.0,,66.8,0.0,stable,B,0
cfc2a4f9-7cdd-4e86-85ae-d541980c6aeb,2,Psychology,200,82.2,7.7,3.45,35.9,47.6,66.8,83.0,16.2,improving,A,0
596f1687-b963-4a55-a05c-b900e75f275d,1,Political Science,300,68.8,8.9,2.42,28.7,34.1,,60.3,0.0,stable,B,0
596f1687-b963-4a55-a05c-b900e75f275d,2,Political Science,300,57.8,11.5,2.65,20.9,46.8,60.3,73.0,12.7,improving,A,0
c696abbf-6c14-40d5-8f64-0abfa7085d07,1,Biology,200,89.4,8.4,2.96,40.0,25.2,,67.5,0.0,stable,B,0
c696abbf-6c14-40d5-8f64-0abfa7085d07,2,Biology,200,53.3,20.4,2.66,36.8,60.0,67.5,96.5,29.0,improving,A,0
c63a1563-d806-4c8a-8bb2-ba5446572645,1,Biochemistry,300,64.2,13.0,2.86,25.8,23.4,,47.7,0.0,stable,D,0
c63a1563-d806-4c8a-8bb2-ba5446572645,2,Biochemistry,300,58.3,14.8,3.79,30.4,46.6,47.7,74.4,26.7,improving,A,0
00941a0e-7aa4-4bdd-a577-1b6216a7384d,1,Computer Science,300,78.1,16.0,2.53,31.2,40.0,,76.2,0.0,stable,A,0
00941a0e-7aa4-4bdd-a577-1b6216a7384d,2,Computer Science,300,87.8,15.0,1.63,33.4,37.5,76.2,70.4,-5.8,declining,A,0
338d6218-826a-4bc5-9760-06de7adc609c,1,Biology,200,51.5,6.6,2.95,30.9,29.7,,59.4,0.0,stable,C,0
338d6218-826a-4bc5-9760-06de7adc609c,2,Biology,200,100.0,10.5,2.9,34.4,24.9,59.4,61.0,1.6,stable,B,0
ad88bb1b-d80f-4696-a1e2-2f02a2901f8a,1,Psychology,300,65.2,11.8,3.36,37.8,27.0,,67.3,0.0,stable,B,0
ad88bb1b-d80f-4696-a1e2-2f02a2901f8a,2,Psychology,300,88.0,8.8,3.48,40.0,30.6,67.3,71.3,4.0,stable,A,0
65e30702-26a0-40b1-9377-03abf813bb35,1,Electrical Engineering,300,81.1,14.7,3.62,32.0,47.8,,77.2,0.0,stable,A,0
65e30702-26a0-40b1-9377-03abf813bb35,2,Electrical Engineering,300,77.5,9.6,2.02,27.9,38.6,77.2,67.9,-9.3,declining,B,0
cea7dfdd-afa2-4679-831c-a7750df40a48,1,Mechanical Engineering,200,56.0,7.3,3.58,28.7,46.3,,79.1,0.0,stable,A,0
cea7dfdd-afa2-4679-831c-a7750df40a48,2,Mechanical Engineering,200,83.1,9.9,3.09,39.9,60.0,79.1,100.0,20.9,improving,A,0
fd15deaa-9454-4aa7-be39-bebc04dc2121,1,Economics,200,83.0,15.6,3.02,37.4,52.3,,90.8,0.0,stable,A,0
fd15deaa-9454-4aa7-be39-bebc04dc2121,2,Economics,200,70.2,4.4,3.59,30.1,27.9,90.8,54.7,-36.1,declining,C,0
b64d3fb0-5a9d-4f76-aa93-e172536aa157,1,Electrical Engineering,200,84.9,4.0,3.24,36.2,39.8,,74.9,0.0,stable,A,0
b64d3fb0-5a9d-4f76-aa93-e172536aa157,2,Electrical Engineering,200,56.3,14.9,3.96,23.4,48.7,74.9,76.8,1.9,stable,A,0
89d6281d-bc03-4246-91c4-cd40cf6ccda7,1,Computer Science,100,80.1,10.0,3.83,27.3,26.8,,56.6,0.0,stable,C,0
89d6281d-bc03-4246-91c4-cd40cf6ccda7,2,Computer Science,100,68.9,10.4,2.5,26.4,51.5,56.6,82.9,26.3,improving,A,0
0ffa14f8-0a8b-469a-93de-a600afa101a9,1,Computer Science,100,100.0,17.5,3.37,27.8,42.3,,76.6,0.0,stable,A,0
0ffa14f8-0a8b-469a-93de-a600afa101a9,2,Computer Science,100,68.5,19.6,3.04,15.3,51.5,76.6,70.6,-6.1,declining,A,0
c85c298d-1ed6-47f9-836c-455201ae0aee,1,Psychology,100,74.3,18.2,1.67,22.9,43.4,,67.7,0.0,stable,B,0
c85c298d-1ed6-47f9-836c-455201ae0aee,2,Psychology,100,95.3,15.2,2.05,35.1,46.0,67.7,75.5,7.8,improving,A,0
567c28c4-1875-4aeb-911b-512e38869624,1,Computer Science,300,74.3,10.3,2.48,32.4,25.8,,59.4,0.0,stable,C,0
567c28c4-1875-4aeb-911b-512e38869624,2,Computer Science,300,83.4,17.4,2.1,24.2,44.4,59.4,67.7,8.3,improving,B,0
5c104282-8a9f-4b22-8d4d-a3e3f33272ff,1,Architecture,100,100.0,14.3,3.05,34.1,29.1,,64.9,0.0,stable,B,0
5c104282-8a9f-4b22-8d4d-a3e3f33272ff,2,Architecture,100,73.8,11.6,3.08,30.9,22.1,64.9,55.4,-9.5,declining,C,0
ab67a34f-99b7-4bd7-a918-53131556a132,1,Medicine,200,62.3,11.3,4.03,36.4,24.1,,60.6,0.0,stable,B,0
ab67a34f-99b7-4bd7-a918-53131556a132,2,Medicine,200,79.1,4.5,3.64,31.4,37.4,60.6,66.1,5.5,improving,B,0
42a57639-bdcb-41ea-aff8-667f0536af9a,1,Political Science,100,81.2,16.2,3.1,28.7,38.4,,67.7,0.0,stable,B,0
42a57639-bdcb-41ea-aff8-667f0536af9a,2,Political Science,100,75.7,16.5,2.62,24.1,45.6,67.7,68.3,0.5,stable,B,0
ea7062bc-6932-49c2-ab64-f5ab6630b067,1,Medicine,200,86.8,12.0,3.52,27.3,42.1,,67.3,0.0,stable,B,0
ea7062bc-6932-49c2-ab64-f5ab6630b067,2,Medicine,200,56.7,7.7,2.56,32.6,29.9,67.3,58.7,-8.6,declining,C,0
834d881b-47ac-4952-92d5-a9c7a9db9082,1,Biochemistry,200,77.0,12.1,2.61,29.6,48.7,,80.3,0.0,stable,A,0
834d881b-47ac-4952-92d5-a9c7a9db9082,2,Biochemistry,200,83.8,6.1,5.0,37.0,44.5,80.3,78.0,-2.2,stable,A,0
e02b39d3-d5e8-4901-a30c-3cd2c745925c,1,Computer Science,100,89.2,9.5,2.84,24.4,25.1,,50.8,0.0,stable,C,0
e02b39d3-d5e8-4901-a30c-3cd2c745925c,2,Computer Science,100,90.1,15.4,3.52,32.7,39.0,50.8,72.6,21.7,improving,A,0
359b1c0c-7c05-4e88-892f-98cb84c2db63,1,Electrical Engineering,300,87.3,12.0,3.97,31.4,31.7,,63.1,0.0,stable,B,0
359b1c0c-7c05-4e88-892f-98cb84c2db63,2,Electrical Engineering,300,76.6,11.6,4.02,34.3,27.0,63.1,66.0,2.9,stable,B,0
543fe402-5584-4650-b505-24c87bbe3613,1,Biology,100,33.9,22.8,2.77,20.8,46.2,,68.2,0.0,stable,B,1
543fe402-5584-4650-b505-24c87bbe3613,2,Biology,100,75.0,11.3,4.05,32.8,31.6,68.2,66.7,-1.5,stable,B,0
90faded7-238e-4e42-a7de-70662b2c6e53,1,Political Science,100,82.9,9.3,3.63,30.8,36.7,,66.7,0.0,stable,B,0
90faded7-238e-4e42-a7de-70662b2c6e53,2,Political Science,100,38.6,9.4,3.57,22.6,26.0,66.7,51.5,-15.2,declining,C,1
e6e1926f-a83a-4e46-bf47-34389e95f302,1,Accounting,300,70.5,5.9,4.76,23.8,47.5,,69.1,0.0,stable,B,0
e6e1926f-a83a-4e46-bf47-34389e95f302,2,Accounting,300,77.0,7.5,2.01,33.0,38.4,69.1,74.9,5.8,improving,A,0
d6773f5f-0703-4d3d-82b7-703f1261ce2e,1,Accounting,200,74.5,23.1,3.21,32.7,34.3,,65.2,0.0,stable,B,0
d6773f5f-0703-4d3d-82b7-703f1261ce2e,2,Accounting,200,82.8,11.6,3.15,27.5,40.8,65.2,68.6,3.4,stable,B,0
3abbf86b-1bb5-42c1-9403-95e32ec0632a,1,Computer Engineering,200,57.3,15.2,1.64,27.4,56.8,,86.2,0.0,stable,A,0
3abbf86b-1bb5-42c1-9403-95e32ec0632a,2,Computer Engineering,200,85.1,7.5,4.42,38.9,30.8,86.2,68.2,-18.0,declining,B,0
2246ea43-25af-4e7c-be2b-73bc9b957830,1,Biology,300,93.8,21.0,1.99,28.7,42.5,,64.8,0.0,stable,B,0
2246ea43-25af-4e7c-be2b-73bc9b957830,2,Biology,300,75.3,17.9,1.85,30.7,35.7,64.8,71.3,6.5,improving,A,0
72a628a2-b89a-44f2-8e41-d4af0b046a35,1,Law,100,66.5,19.6,2.52,32.1,46.6,,78.3,0.0,stable,A,0
72a628a2-b89a-44f2-8e41-d4af0b046a35,2,Law,100,63.1,13.6,2.65,24.2,54.7,78.3,80.6,2.3,stable,A,0
1e5af302-37e1-4cf7-aa4a-c991be395125,1,Medicine,300,84.7,10.0,2.85,30.7,41.2,,73.9,0.0,stable,A,0
1e5af302-37e1-4cf7-aa4a-c991be395125,2,Medicine,300,74.5,8.0,3.61,30.1,23.5,73.9,47.2,-26.6,declining,D,0
470c623e-7ab1-42af-828e-dbde66bb9168,1,Medicine,200,79.5,7.9,3.34,27.0,38.6,,64.5,0.0,stable,B,0
470c623e-7ab1-42af-828e-dbde66bb9168,2,Medicine,200,100.0,16.8,4.08,35.1,53.3,64.5,88.7,24.2,improving,A,0
27dae44f-4dd8-4bc0-9952-b1c31aa29f24,1,Electrical Engineering,300,97.0,11.6,1.88,24.4,53.8,,79.6,0.0,stable,A,0
27dae44f-4dd8-4bc0-9952-b1c31aa29f24,2,Electrical Engineering,300,83.2,19.4,1.68,29.8,39.9,79.6,72.0,-7.7,declining,A,0
b55a9742-185b-489d-b7d3-f9cbf5bef50d,1,Law,400,64.6,6.0,2.03,33.7,25.9,,57.9,0.0,stable,C,0
b55a9742-185b-489d-b7d3-f9cbf5bef50d,2,Law,400,84.5,8.5,1.64,24.0,33.8,57.9,59.3,1.3,stable,C,0
3359f538-5157-4092-8db1-786c655ba0bd,1,Sociology,200,72.0,14.2,1.71,21.7,60.0,,85.4,0.0,stable,A,0
3359f538-5157-4092-8db1-786c655ba0bd,2,Sociology,200,86.5,8.7,2.81,32.3,50.0,85.4,83.5,-1.9,stable,A,0
d0b90a19-0f31-4841-8886-443cf25471e4,1,Electrical Engineering,300,82.9,11.2,3.63,33.1,40.7,,71.5,0.0,stable,A,0
d0b90a19-0f31-4841-8886-443cf25471e4,2,Electrical Engineering,300,73.3,6.6,2.97,30.1,11.6,71.5,41.0,-30.5,declining,F,1
0c661272-5937-4109-9af8-44b16e1b9ecd,1,Economics,300,57.4,14.5,3.51,24.3,47.9,,74.0,0.0,stable,A,0
0c661272-5937-4109-9af8-44b16e1b9ecd,2,Economics,300,71.6,19.7,2.42,36.7,41.6,74.0,75.8,1.8,stable,A,0
f7f56a6d-d06c-4932-a58e-14cd1bfa1bfa,1,Biochemistry,300,69.7,6.5,3.63,20.9,50.8,,68.9,0.0,stable,B,0
f7f56a6d-d06c-4932-a58e-14cd1bfa1bfa,2,Biochemistry,300,87.5,12.1,3.22,29.6,43.6,68.9,73.6,4.7,stable,A,0
bc8a449a-15b9-40a5-afc7-d0ef145d1200,1,Political Science,200,53.1,7.2,2.57,21.9,47.8,,69.7,0.0,stable,B,0
bc8a449a-15b9-40a5-afc7-d0ef145d1200,2,Political Science,200,63.3,9.5,2.6,26.2,26.3,69.7,50.0,-19.6,declining,C,0
d157c127-2ea2-4777-a45e-46fe677c477d,1,Mechanical Engineering,300,86.5,12.9,2.88,32.3,39.5,,71.2,0.0,stable,A,0
d157c127-2ea2-4777-a45e-46fe677c477d,2,Mechanical Engineering,300,82.8,14.2,1.74,30.9,23.6,71.2,56.4,-14.8,declining,C,0
74d08974-e986-45bc-96b6-9efed5a2e2e0,1,Psychology,100,86.5,8.9,2.91,21.7,46.9,,70.8,0.0,stable,A,0
74d08974-e986-45bc-96b6-9efed5a2e2e0,2,Psychology,100,92.3,19.4,2.02,37.9,57.7,70.8,91.1,20.3,improving,A,0
05c2d119-3ec5-40da-9c9a-dc4cda11a3b8,1,Law,300,72.4,10.2,3.68,17.5,57.8,,75.0,0.0,stable,A,0
05c2d119-3ec5-40da-9c9a-dc4cda11a3b8,2,Law,300,88.7,11.7,3.39,21.1,36.3,75.0,60.0,-15.0,declining,C,0
0c4279c3-646a-4eb6-8aa6-534056ea9b26,1,Biology,300,79.3,3.8,3.05,26.8,24.8,,47.0,0.0,stable,D,0
0c4279c3-646a-4eb6-8aa6-534056ea9b26,2,Biology,300,84.3,17.6,4.7,24.5,54.6,47.0,81.6,34.6,improving,A,0
deb633cd-25f8-4348-a296-8a50e9b0314f,1,Business Administration,100,66.3,7.4,2.13,25.6,36.6,,66.3,0.0,stable,B,0
deb633cd-25f8-4348-a296-8a50e9b0314f,2,Business Administration,100,91.6,3.9,2.37,39.8,25.2,66.3,64.9,-1.4,stable,B,0
4cc6fd0f-a27e-4300-9cad-66b56ea946d4,1,Electrical Engineering,300,49.4,17.8,1.47,16.7,51.1,,73.6,0.0,stable,A,1
4cc6fd0f-a27e-4300-9cad-66b56ea946d4,2,Electrical Engineering,300,70.6,11.8,3.73,30.6,37.1,73.6,66.2,-7.3,declining,B,0
68fa3de9-8942-4550-90f2-fa6d0e15e3ce,1,Computer Science,300,51.5,13.2,2.93,23.1,30.2,,50.6,0.0,stable,C,0
68fa3de9-8942-4550-90f2-fa6d0e15e3ce,2,Computer Science,300,84.3,16.4,2.74,29.7,33.7,50.6,66.2,15.5,improving,B,0
00cbd382-144a-41a3-8daf-1ef8518a88e4,1,Psychology,200,75.5,13.8,3.29,28.6,29.8,,55.4,0.0,stable,C,0
00cbd382-144a-41a3-8daf-1ef8518a88e4,2,Psychology,200,91.9,8.4,2.67,27.7,24.2,55.4,49.6,-5.8,declining,D,0
fef6dd03-6cf4-4347-9569-5d92965e0838,1,Accounting,300,100.0,15.3,2.58,40.0,39.6,,83.6,0.0,stable,A,0
fef6dd03-6cf4-4347-9569-5d92965e0838,2,Accounting,300,100.0,17.1,3.08,38.5,43.5,83.6,76.5,-7.1,declining,A,0
bf7baa6c-0ebc-4216-8378-a23bb2e83f24,1,Computer Science,100,65.2,7.2,2.46,37.0,46.3,,84.6,0.0,stable,A,0
bf7baa6c-0ebc-4216-8378-a23bb2e83f24,2,Computer Science,100,87.2,2.5,3.58,37.1,11.6,84.6,51.0,-33.6,declining,C,0
4ed607d4-80df-484a-b238-914594be7932,1,Psychology,200,53.6,2.1,4.06,20.7,27.5,,51.2,0.0,stable,C,0
4ed607d4-80df-484a-b238-914594be7932,2,Psychology,200,70.4,11.1,2.84,30.8,36.3,51.2,67.5,16.3,improving,B,0
5bd6d67d-b402-4133-afbe-da77d9b71a0b,1,Biochemistry,300,67.4,13.8,3.25,38.0,37.5,,74.9,0.0,stable,A,0
5bd6d67d-b402-4133-afbe-da77d9b71a0b,2,Biochemistry,300,78.6,16.8,2.13,31.2,16.2,74.9,46.6,-28.3,declining,D,0
5edb8e15-ea67-44f0-a257-2c70f4958944,1,Mechanical Engineering,300,91.1,8.4,3.14,30.6,28.7,,62.2,0.0,stable,B,0
5edb8e15-ea67-44f0-a257-2c70f4958944,2,Mechanical Engineering,300,59.3,13.5,3.25,22.6,42.7,62.2,62.5,0.3,stable,B,0
4f59bd31-a7c6-4476-b3f1-7fdce739f05d,1,Psychology,100,82.8,5.4,2.73,30.3,45.5,,76.2,0.0,stable,A,0
4f59bd31-a7c6-4476-b3f1-7fdce739f05d,2,Psychology,100,89.3,14.8,3.44,31.2,52.6,76.2,82.8,6.6,improving,A,0
32bbc858-ee39-4f89-8dc6-b2ebf390a6cb,1,Biochemistry,200,49.1,10.9,3.36,16.8,30.7,,43.8,0.0,stable,F,1
32bbc858-ee39-4f89-8dc6-b2ebf390a6cb,2,Biochemistry,200,86.8,20.4,2.83,35.0,50.3,43.8,89.9,46.2,improving,A,0
6bda9756-dc8f-42e7-823b-4e1dfed3abb4,1,Electrical Engineering,200,65.2,10.9,2.73,28.4,60.0,,88.5,0.0,stable,A,0
6bda9756-dc8f-42e7-823b-4e1dfed3abb4,2,Electrical Engineering,200,62.2,6.2,4.0,23.1,44.1,88.5,65.2,-23.3,declining,B,0
8f2cc9c6-a7fa-45c7-85ee-9c3d4668ccc5,1,Biology,100,56.0,15.0,2.5,28.3,45.7,,75.7,0.0,stable,A,0
8f2cc9c6-a7fa-45c7-85ee-9c3d4668ccc5,2,Biology,100,71.0,15.4,2.26,16.9,47.6,75.7,65.0,-10.6,declining,B,0
1924d658-478c-4a23-8153-17eaa64558ca,1,Mechanical Engineering,200,65.8,4.6,1.37,28.4,47.5,,75.6,0.0,stable,A,0
1924d658-478c-4a23-8153-17eaa64558ca,2,Mechanical Engineering,200,69.6,11.9,4.74,32.7,33.6,75.6,66.4,-9.2,declining,B,0
21845404-fcbe-4be3-a89c-8181d5856aa9,1,Medicine,200,80.0,6.7,3.61,26.9,21.9,,49.0,0.0,stable,D,0
21845404-fcbe-4be3-a89c-8181d5856aa9,2,Medicine,200,73.8,12.0,2.39,26.6,49.6,49.0,77.6,28.5,improving,A,0
0e6075b1-34f4-4391-ae43-286cd677ef0e,1,Sociology,100,60.6,2.2,2.27,27.9,24.8,,50.6,0.0,stable,C,0
0e6075b1-34f4-4391-ae43-286cd677ef0e,2,Sociology,100,66.2,11.6,3.63,28.2,41.2,50.6,68.7,18.1,improving,B,0
c1240796-b626-4fdc-9704-2d9ae91d8bcd,1,Accounting,300,67.5,16.5,3.59,38.7,50.1,,87.3,0.0,stable,A,0
c1240796-b626-4fdc-9704-2d9ae91d8bcd,2,Accounting,300,61.4,16.8,2.35,31.3,34.1,87.3,66.5,-20.8,declining,B,0
04b85f87-6283-4910-bf24-12c519071300,1,Sociology,300,59.1,15.9,2.01,28.2,38.4,,66.9,0.0,stable,B,0
04b85f87-6283-4910-bf24-12c519071300,2,Sociology,300,69.1,9.9,3.12,23.8,28.2,66.9,51.0,-15.9,declining,C,0
34851062-a40b-4d73-a473-8a58ed1b91e4,1,Biology,200,69.0,7.0,3.74,27.1,35.2,,58.3,0.0,stable,C,0
34851062-a40b-4d73-a473-8a58ed1b91e4,2,Biology,200,100.0,24.1,2.38,40.0,46.1,58.3,90.9,32.5,improving,A,0
a7cd2283-0bf2-4c34-9eea-bf3fdf373985,1,Architecture,100,80.0,12.5,1.0,26.6,36.1,,63.3,0.0,stable,B,0
a7cd2283-0bf2-4c34-9eea-bf3fdf373985,2,Architecture,100,56.8,8.4,3.44,19.4,39.2,63.3,62.3,-1.0,stable,B,0
bd374385-1749-4384-876f-75348cf158e9,1,Business Administration,100,80.8,13.7,1.38,27.0,58.1,,83.3,0.0,stable,A,0
bd374385-1749-4384-876f-75348cf158e9,2,Business Administration,100,94.0,8.9,2.78,36.4,38.0,83.3,75.5,-7.9,declining,A,0
0d7eb8a9-3113-4df6-9de8-7b7a02264c5b,1,Mechanical Engineering,300,62.7,6.3,2.29,24.9,31.8,,59.8,0.0,stable,C,0
0d7eb8a9-3113-4df6-9de8-7b7a02264c5b,2,Mechanical Engineering,300,76.3,14.4,3.11,24.7,41.7,59.8,66.8,7.0,improving,B,0
b7e43452-9eff-4f06-b0c4-4806e3bfa8cb,1,Computer Engineering,200,86.4,6.7,1.37,33.2,36.0,,68.7,0.0,stable,B,0
b7e43452-9eff-4f06-b0c4-4806e3bfa8cb,2,Computer Engineering,200,75.4,16.4,2.63,28.7,42.8,68.7,67.8,-0.9,stable,B,0
a49e7426-e3ff-4a61-9723-91f0cfecba97,1,Business Administration,100,72.7,11.7,4.31,28.1,44.0,,74.8,0.0,stable,A,0
a49e7426-e3ff-4a61-9723-91f0cfecba97,2,Business Administration,100,62.4,18.9,4.41,27.3,41.9,74.8,74.1,-0.6,stable,A,0
cdc3ca60-71d3-4778-90e7-d0934316ba06,1,Biology,100,86.9,12.4,4.14,39.0,38.8,,78.5,0.0,stable,A,0
cdc3ca60-71d3-4778-90e7-d0934316ba06,2,Biology,100,83.7,12.1,1.89,27.0,23.9,78.5,52.4,-26.1,declining,C,0
1bec9011-ea9a-4e1a-941f-463bb26aadf8,1,Computer Science,200,57.2,13.0,4.47,33.6,24.8,,54.6,0.0,stable,C,0
1bec9011-ea9a-4e1a-941f-463bb26aadf8,2,Computer Science,200,63.4,6.2,1.68,27.6,39.8,54.6,70.3,15.7,improving,A,0
6abc4fcd-bfbb-4727-a5e0-a9fced31215b,1,Architecture,400,67.9,10.6,3.28,28.0,47.3,,76.6,0.0,stable,A,0
6abc4fcd-bfbb-4727-a5e0-a9fced31215b,2,Architecture,400,69.4,2.7,4.2,25.4,38.9,76.6,58.6,-18.0,declining,C,0
f337bc87-fc7d-4ca4-8f8d-7b0de92930e4,1,Electrical Engineering,200,74.8,12.5,3.12,40.0,33.9,,76.3,0.0,stable,A,0
f337bc87-fc7d-4ca4-8f8d-7b0de92930e4,2,Electrical Engineering,200,82.8,8.6,3.64,30.7,47.2,76.3,83.8,7.5,improving,A,0
1ef82792-3eed-44bd-83e0-aa4ab7a7a2a9,1,Architecture,400,77.3,10.6,3.84,37.4,31.4,,67.5,0.0,stable,B,0
1ef82792-3eed-44bd-83e0-aa4ab7a7a2a9,2,Architecture,400,85.1,11.3,2.24,34.7,44.3,67.5,78.0,10.5,improving,A,0
5cd67df6-08af-455d-8f5b-96bad8c29997,1,Medicine,400,75.9,9.1,2.12,27.7,36.5,,59.8,0.0,stable,C,0
5cd67df6-08af-455d-8f5b-96bad8c29997,2,Medicine,400,68.6,12.4,3.96,27.2,29.3,59.8,55.9,-3.9,stable,C,0
99140c6e-b4fb-438a-8722-e95ac27476d7,1,Computer Engineering,200,66.5,14.8,2.73,14.7,60.0,,75.2,0.0,stable,A,0
99140c6e-b4fb-438a-8722-e95ac27476d7,2,Computer Engineering,200,76.3,4.3,1.83,29.8,35.1,75.2,67.0,-8.2,declining,B,0
cd9eaa7d-4ca2-4e59-9ec1-d01afef19b0d,1,Political Science,300,78.6,6.1,1.0,30.2,26.0,,52.4,0.0,stable,C,0
cd9eaa7d-4ca2-4e59-9ec1-d01afef19b0d,2,Political Science,300,87.4,4.1,3.49,25.4,36.3,52.4,64.5,12.1,improving,B,0
7c020589-b4bd-4f56-98ad-102f0020b7c6,1,Sociology,300,69.9,20.4,4.53,30.2,54.1,,87.4,0.0,stable,A,0
7c020589-b4bd-4f56-98ad-102f0020b7c6,2,Sociology,300,83.2,14.2,2.58,23.2,26.4,87.4,56.7,-30.7,declining,C,0
33444f1f-9970-4508-98f4-da390108b029,1,Mechanical Engineering,100,79.8,10.8,4.01,27.2,46.5,,74.0,0.0,stable,A,0
33444f1f-9970-4508-98f4-da390108b029,2,Mechanical Engineering,100,81.9,10.3,2.23,27.3,29.0,74.0,56.2,-17.8,declining,C,0
34bf7759-79ac-4f77-ab5e-f5c8819711b6,1,Architecture,100,51.7,5.8,3.11,24.7,37.2,,61.8,0.0,stable,B,0
34bf7759-79ac-4f77-ab5e-f5c8819711b6,2,Architecture,100,100.0,12.6,2.7,35.5,49.6,61.8,85.0,23.2,improving,A,0
4bc9214b-3fa2-4959-800b-03897d02cc16,1,Political Science,100,85.3,14.0,2.77,32.6,56.5,,89.8,0.0,stable,A,0
4bc9214b-3fa2-4959-800b-03897d02cc16,2,Political Science,100,60.2,10.4,1.31,27.7,48.2,89.8,71.9,-18.0,declining,A,0
85382179-1eca-411a-8337-c12a7d716b6c,1,Business Administration,100,77.2,16.9,3.87,36.8,26.2,,64.5,0.0,stable,B,0
85382179-1eca-411a-8337-c12a7d716b6c,2,Business Administration,100,52.4,7.0,3.66,26.3,44.6,64.5,68.1,3.6,stable,B,0
681fa4db-eb2c-495d-836b-9a001d6f8cc1,1,Medicine,300,97.1,15.4,3.71,29.0,55.2,,83.2,0.0,stable,A,0
681fa4db-eb2c-495d-836b-9a001d6f8cc1,2,Medicine,300,65.8,15.1,3.47,23.9,60.0,83.2,89.4,6.1,improving,A,0
d69a98ea-f7ca-4d87-9905-339c8a9916fa,1,Computer Engineering,100,84.1,14.2,3.26,24.1,42.8,,67.1,0.0,stable,B,0
d69a98ea-f7ca-4d87-9905-339c8a9916fa,2,Computer Engineering,100,66.4,10.5,1.09,22.8,43.9,67.1,71.9,4.7,stable,A,0
3a03e200-b88f-4e51-8bf3-adf8a0b9757f,1,Medicine,200,60.8,12.9,3.88,24.6,48.7,,73.2,0.0,stable,A,0
3a03e200-b88f-4e51-8bf3-adf8a0b9757f,2,Medicine,200,92.9,5.6,2.12,35.0,34.2,73.2,69.0,-4.2,stable,B,0
9a6adbfc-238a-4fc0-a798-21790a5474cf,1,Biochemistry,200,83.6,7.3,1.9,29.2,30.2,,58.5,0.0,stable,C,0
9a6adbfc-238a-4fc0-a798-21790a5474cf,2,Biochemistry,200,94.0,15.9,3.43,34.9,38.8,58.5,71.2,12.6,improving,A,0
4ec40cdf-c07b-4b7a-9c77-193b1ab0236d,1,Electrical Engineering,300,57.0,8.5,2.97,20.6,38.7,,58.8,0.0,stable,C,0
4ec40cdf-c07b-4b7a-9c77-193b1ab0236d,2,Electrical Engineering,300,69.0,17.8,1.03,26.9,16.3,58.8,43.9,-14.9,declining,F,1
2bc43f65-d411-486b-8f12-3b3fb9064542,1,Computer Engineering,300,86.4,5.2,2.02,23.8,33.4,,56.2,0.0,stable,C,0
2bc43f65-d411-486b-8f12-3b3fb9064542,2,Computer Engineering,300,70.8,10.2,2.22,34.8,39.4,56.2,70.7,14.5,improving,A,0
d9866663-d0f5-4149-843b-edb1556bfb00,1,Biochemistry,100,64.5,7.6,4.12,31.5,37.4,,74.0,0.0,stable,A,0
d9866663-d0f5-4149-843b-edb1556bfb00,2,Biochemistry,100,96.8,10.8,2.67,32.5,28.6,74.0,66.3,-7.7,declining,B,0
fd61f079-34cb-4e89-b739-6f8c8e779b22,1,Medicine,400,59.9,16.3,3.55,25.5,60.0,,80.8,0.0,stable,A,0
fd61f079-34cb-4e89-b739-6f8c8e779b22,2,Medicine,400,73.8,9.6,3.77,31.5,22.1,80.8,57.3,-23.4,declining,C,0
078daa82-5761-4aef-af47-f8d09c8a954a,1,Biology,100,82.3,6.8,2.72,25.0,33.6,,59.0,0.0,stable,C,0
078daa82-5761-4aef-af47-f8d09c8a954a,2,Biology,100,70.0,9.7,1.71,30.7,16.1,59.0,46.9,-12.1,declining,D,0
bdde7fc5-d680-42a1-b64e-724bcdec4af2,1,Law,200,48.0,12.3,3.0,26.6,48.4,,78.1,0.0,stable,A,1
bdde7fc5-d680-42a1-b64e-724bcdec4af2,2,Law,200,50.8,11.7,4.61,25.8,34.3,78.1,59.8,-18.3,declining,C,0
f54fbf97-ec40-47cb-97f3-4f3d355f9a2f,1,Psychology,200,69.2,6.1,3.7,31.8,23.4,,54.9,0.0,stable,C,0
f54fbf97-ec40-47cb-97f3-4f3d355f9a2f,2,Psychology,200,66.5,4.0,1.87,22.0,31.0,54.9,51.6,-3.3,stable,C,0
fa5569c0-2b79-427b-8ac9-a54d7c9e1cf4,1,Electrical Engineering,100,60.6,10.0,3.6,28.9,49.4,,77.6,0.0,stable,A,0
fa5569c0-2b79-427b-8ac9-a54d7c9e1cf4,2,Electrical Engineering,100,99.0,13.7,2.61,35.3,27.6,77.6,61.9,-15.7,declining,B,0
5207a3b2-3a19-49ac-be0b-cf04d0b5c6a8,1,Computer Engineering,200,81.4,15.1,2.67,40.0,39.4,,74.3,0.0,stable,A,0
5207a3b2-3a19-49ac-be0b-cf04d0b5c6a8,2,Computer Engineering,200,93.2,15.0,3.19,31.3,46.0,74.3,82.2,7.9,improving,A,0
54498830-b5f5-4cc6-8dcc-ed2e731beb77,1,Mechanical Engineering,100,78.0,4.6,0.24,32.5,18.9,,51.2,0.0,stable,C,0
54498830-b5f5-4cc6-8dcc-ed2e731beb77,2,Mechanical Engineering,100,62.9,7.6,2.39,24.2,43.0,51.2,68.9,17.7,improving,B,0
c31431c1-38ab-4176-8705-7a14a8dced96,1,Law,300,56.9,6.6,3.3,31.6,46.7,,75.4,0.0,stable,A,0
c31431c1-38ab-4176-8705-7a14a8dced96,2,Law,300,89.8,3.1,2.84,35.4,12.1,75.4,53.8,-21.6,declining,C,0
ce279e64-b143-46c9-84d4-c149fdcab9b7,1,Sociology,200,94.9,15.2,2.23,33.6,48.2,,78.5,0.0,stable,A,0
ce279e64-b143-46c9-84d4-c149fdcab9b7,2,Sociology,200,72.3,16.6,1.8,31.1,22.9,78.5,51.2,-27.3,declining,C,0
1088af22-0b3c-4bdf-92b5-7f77152f3581,1,Business Administration,100,67.4,14.6,2.44,29.1,33.4,,60.9,0.0,stable,B,0
1088af22-0b3c-4bdf-92b5-7f77152f3581,2,Business Administration,100,93.8,6.2,3.61,33.7,30.9,60.9,61.0,0.1,stable,B,0
e35ae06c-7e10-43bf-a4ce-6c5afe0cfd22,1,Computer Engineering,100,57.8,8.3,2.88,29.6,33.7,,62.6,0.0,stable,B,0
e35ae06c-7e10-43bf-a4ce-6c5afe0cfd22,2,Computer Engineering,100,73.7,14.4,3.52,22.8,39.5,62.6,66.0,3.4,stable,B,0
001ec120-428c-4b0b-a408-7f6beb39bedc,1,Law,400,55.3,12.4,2.86,23.2,55.5,,78.8,0.0,stable,A,0
001ec120-428c-4b0b-a408-7f6beb39bedc,2,Law,400,97.7,12.0,3.37,31.6,34.7,78.8,67.5,-11.3,declining,B,0
41b4dbd9-ae55-4eb3-a119-a51fa7926aab,1,Electrical Engineering,100,81.4,15.0,3.3,24.6,34.2,,61.4,0.0,stable,B,0
41b4dbd9-ae55-4eb3-a119-a51fa7926aab,2,Electrical Engineering,100,45.6,13.5,2.91,28.4,44.6,61.4,71.0,9.6,improving,A,1
7ddf1d0b-d2b9-4c35-9fff-ec4d9aaab9f6,1,Medicine,100,64.4,9.4,3.46,16.4,40.2,,53.9,0.0,stable,C,0
7ddf1d0b-d2b9-4c35-9fff-ec4d9aaab9f6,2,Medicine,100,77.9,13.7,1.67,29.4,39.7,53.9,69.4,15.5,improving,B,0
a6afe76e-8d32-4da1-8774-70fff06082de,1,Law,100,73.2,5.9,2.15,22.7,39.0,,61.4,0.0,stable,B,0
a6afe76e-8d32-4da1-8774-70fff06082de,2,Law,100,74.2,3.5,2.97,33.0,15.0,61.4,46.4,-15.0,declining,D,0
1d8b666d-405b-4a60-87ec-95baafe6e49c,1,Business Administration,300,51.4,9.9,2.28,27.2,38.3,,69.4,0.0,stable,B,0
1d8b666d-405b-4a60-87ec-95baafe6e49c,2,Business Administration,300,74.2,13.7,2.55,24.3,48.2,69.4,76.3,6.9,improving,A,0
b8332d02-2be5-458b-91aa-0716e25d5dc3,1,Sociology,300,85.6,12.7,2.22,37.8,44.3,,88.2,0.0,stable,A,0
b8332d02-2be5-458b-91aa-0716e25d5dc3,2,Sociology,300,57.7,16.3,3.44,24.8,57.2,88.2,83.2,-5.0,stable,A,0
69e84b61-f78e-494f-9f21-f6ff1b787ed7,1,Architecture,200,60.9,11.4,2.24,24.8,44.7,,72.5,0.0,stable,A,0
69e84b61-f78e-494f-9f21-f6ff1b787ed7,2,Architecture,200,78.3,8.2,3.31,34.3,17.8,72.5,52.4,-20.1,declining,C,0
98473795-6ba3-4a4e-a814-67e649b9db22,1,Computer Engineering,100,72.1,16.8,3.31,31.9,38.8,,70.6,0.0,stable,A,0
98473795-6ba3-4a4e-a814-67e649b9db22,2,Computer Engineering,100,89.2,11.7,3.14,25.2,38.9,70.6,58.0,-12.6,declining,C,0
d44cd5a0-c3fb-41fd-94db-f6922b2283a5,1,Mechanical Engineering,100,67.3,12.3,3.61,23.5,44.8,,72.6,0.0,stable,A,0
d44cd5a0-c3fb-41fd-94db-f6922b2283a5,2,Mechanical Engineering,100,65.4,4.3,3.23,22.1,26.3,72.6,51.2,-21.4,declining,C,0
e7914d28-d5aa-4b40-9b7b-b4d386ca7518,1,Sociology,200,100.0,7.0,2.41,32.8,29.3,,67.9,0.0,stable,B,0
e7914d28-d5aa-4b40-9b7b-b4d386ca7518,2,Sociology,200,67.0,10.1,4.29,31.3,50.6,67.9,79.2,11.3,improving,A,0
578331d1-4e06-4d98-8cbb-5618d5520e1d,1,Computer Engineering,200,67.0,6.8,3.64,34.5,31.1,,64.6,0.0,stable,B,0
578331d1-4e06-4d98-8cbb-5618d5520e1d,2,Computer Engineering,200,70.2,4.3,2.46,32.9,24.2,64.6,57.4,-7.2,declining,C,0
0ec9c41e-c466-495e-b5e3-5bd78cbf4592,1,Accounting,100,55.4,11.3,2.55,20.0,46.1,,68.6,0.0,stable,B,0
0ec9c41e-c466-495e-b5e3-5bd78cbf4592,2,Accounting,100,60.5,10.9,3.04,18.0,24.9,68.6,46.8,-21.8,declining,D,0
15326f85-6e29-47c9-b41e-fe3b1119a488,1,Business Administration,200,59.0,18.3,1.92,30.1,38.8,,68.4,0.0,stable,B,0
15326f85-6e29-47c9-b41e-fe3b1119a488,2,Business Administration,200,100.0,5.7,3.48,37.8,60.0,68.4,94.5,26.2,improving,A,0
1d1c524d-81f9-4d77-8f8a-c3dac741f668,1,Architecture,400,65.6,16.1,2.84,25.8,51.7,,76.7,0.0,stable,A,0
1d1c524d-81f9-4d77-8f8a-c3dac741f668,2,Architecture,400,61.6,15.6,3.3,25.8,39.2,76.7,62.2,-14.6,declining,B,0
b084dbbe-cd18-468a-93e3-f6717bc986f1,1,Biochemistry,300,85.9,10.2,2.38,25.7,41.0,,65.2,0.0,stable,B,0
b084dbbe-cd18-468a-93e3-f6717bc986f1,2,Biochemistry,300,44.8,6.0,2.81,22.9,32.5,65.2,54.3,-10.9,declining,C,1
68d26547-adb0-4200-9ccc-c0276219ca83,1,Business Administration,100,52.9,7.6,3.95,30.8,44.1,,76.3,0.0,stable,A,0
68d26547-adb0-4200-9ccc-c0276219ca83,2,Business Administration,100,88.6,6.4,3.03,27.1,24.6,76.3,52.8,-23.5,declining,C,0
b210f04c-7eea-41d9-95b6-7e9f144a603f,1,Sociology,300,89.2,11.0,4.32,33.9,33.7,,64.4,0.0,stable,B,0
b210f04c-7eea-41d9-95b6-7e9f144a603f,2,Sociology,300,90.3,12.6,3.54,19.8,43.6,64.4,61.8,-2.6,stable,B,0
84b33e5e-c97f-406e-9031-6c9edecd9278,1,Law,200,54.1,11.7,3.87,37.1,43.5,,78.5,0.0,stable,A,0
84b33e5e-c97f-406e-9031-6c9edecd9278,2,Law,200,63.5,16.8,2.2,30.8,44.4,78.5,75.7,-2.8,stable,A,0
72d787d0-f5b2-4e6f-9b83-83e5b0a514f6,1,Medicine,400,51.5,10.2,1.83,22.4,45.1,,71.2,0.0,stable,A,0
72d787d0-f5b2-4e6f-9b83-83e5b0a514f6,2,Medicine,400,78.2,9.1,4.27,27.7,28.7,71.2,58.5,-12.7,declining,C,0
47dc8d58-c901-452b-a9ad-d8ddfe7f4a73,1,Medicine,200,81.9,9.3,3.08,33.6,39.8,,74.8,0.0,stable,A,0
47dc8d58-c901-452b-a9ad-d8ddfe7f4a73,2,Medicine,200,67.4,14.6,3.01,26.1,39.0,74.8,64.9,-9.9,declining,B,0
dc294f81-09c5-46a5-a215-5542b7c33ad7,1,Architecture,100,53.3,8.8,3.05,18.9,31.2,,57.3,0.0,stable,C,0
dc294f81-09c5-46a5-a215-5542b7c33ad7,2,Architecture,100,58.1,10.1,2.33,26.0,28.7,57.3,54.0,-3.2,stable,C,0
a47d6bf9-93dd-4806-b2fa-cee2a9d552c2,1,Business Administration,200,64.2,17.3,3.07,22.8,51.9,,71.8,0.0,stable,A,0
a47d6bf9-93dd-4806-b2fa-cee2a9d552c2,2,Business Administration,200,51.5,12.0,4.53,16.2,29.3,71.8,47.7,-24.1,declining,D,0
d01b9f35-b3c3-4bca-810e-05ab717e3833,1,Architecture,300,65.4,15.1,2.33,28.8,57.9,,83.1,0.0,stable,A,0
d01b9f35-b3c3-4bca-810e-05ab717e3833,2,Architecture,300,90.4,15.4,1.81,35.9,40.3,83.1,76.5,-6.6,declining,A,0
efc5e34a-5c75-48aa-94d0-0830b6e4ce86,1,Mechanical Engineering,200,80.0,10.2,3.06,32.2,45.9,,73.5,0.0,stable,A,0
efc5e34a-5c75-48aa-94d0-0830b6e4ce86,2,Mechanical Engineering,200,94.4,6.2,3.61,34.3,23.9,73.5,59.7,-13.8,declining,C,0
2e84bf80-567c-492c-a27a-67844fc90ae5,1,Psychology,100,60.8,17.3,2.43,19.7,57.6,,77.8,0.0,stable,A,0
2e84bf80-567c-492c-a27a-67844fc90ae5,2,Psychology,100,88.0,7.7,1.49,40.0,33.4,77.8,74.9,-2.9,stable,A,0
25f85593-9582-44db-9ac6-874b59fa362d,1,Electrical Engineering,300,84.8,10.3,3.18,39.9,38.4,,81.2,0.0,stable,A,0
25f85593-9582-44db-9ac6-874b59fa362d,2,Electrical Engineering,300,45.1,17.6,1.78,29.1,45.1,81.2,73.8,-7.3,declining,A,1
7ceb6f3f-558f-4d08-9a39-d24470ba05e7,1,Sociology,100,73.5,10.7,2.34,28.7,59.4,,92.0,0.0,stable,A,0
7ceb6f3f-558f-4d08-9a39-d24470ba05e7,2,Sociology,100,61.9,13.3,3.08,26.7,30.7,92.0,58.7,-33.3,declining,C,0
1d5375ae-9f86-4df6-ae7b-7b6ea57780cc,1,Computer Engineering,300,87.7,7.8,4.56,40.0,45.2,,81.5,0.0,stable,A,0
1d5375ae-9f86-4df6-ae7b-7b6ea57780cc,2,Computer Engineering,300,81.0,13.4,3.41,39.2,39.6,81.5,84.9,3.4,stable,A,0
ef34634a-1f33-4ed2-9450-2e2de90a3b1e,1,Medicine,400,81.1,10.5,4.92,35.4,37.8,,73.4,0.0,stable,A,0
ef34634a-1f33-4ed2-9450-2e2de90a3b1e,2,Medicine,400,84.5,11.2,3.11,27.8,22.4,73.4,50.5,-22.9,declining,C,0
00e498ad-1f56-428c-ab08-b3954db70aba,1,Political Science,300,77.1,14.6,2.54,23.7,30.9,,57.8,0.0,stable,C,0
00e498ad-1f56-428c-ab08-b3954db70aba,2,Political Science,300,65.0,9.8,2.75,24.9,30.6,57.8,52.9,-4.9,stable,C,0
a361d388-ab07-4a6f-b89f-67323a3ce5f1,1,Mechanical Engineering,300,96.0,15.4,4.0,40.0,20.5,,61.5,0.0,stable,B,0
a361d388-ab07-4a6f-b89f-67323a3ce5f1,2,Mechanical Engineering,300,66.2,17.6,2.41,23.0,28.0,61.5,50.1,-11.4,declining,C,0
93a8d669-2f51-4065-9400-b81dbba8becc,1,Computer Science,200,88.7,13.3,2.04,40.0,45.1,,87.4,0.0,stable,A,0
93a8d669-2f51-4065-9400-b81dbba8becc,2,Computer Science,200,94.3,3.8,2.27,38.0,24.1,87.4,61.3,-26.1,declining,B,0
d03fdb75-6959-4205-bb88-01715cff5845,1,Accounting,300,73.8,5.6,2.71,34.3,41.7,,79.4,0.0,stable,A,0
d03fdb75-6959-4205-bb88-01715cff5845,2,Accounting,300,90.1,14.0,3.26,34.3,35.3,79.4,66.5,-12.9,declining,B,0
78f66975-6360-4a50-978e-e750580d5600,1,Law,400,64.7,10.4,2.48,30.0,39.4,,70.3,0.0,stable,A,0
78f66975-6360-4a50-978e-e750580d5600,2,Law,400,80.3,18.0,2.99,36.1,49.0,70.3,88.5,18.2,improving,A,0
9293b776-abf9-484d-ad65-e3aba5a35c0c,1,Psychology,100,99.2,14.9,3.08,35.3,37.1,,70.9,0.0,stable,A,0
9293b776-abf9-484d-ad65-e3aba5a35c0c,2,Psychology,100,88.5,7.2,4.29,31.9,60.0,70.9,89.9,19.0,improving,A,0
9c69c73c-e715-4e73-818d-92556ebb4f94,1,Architecture,300,78.8,10.2,2.37,36.1,26.0,,60.0,0.0,stable,B,0
9c69c73c-e715-4e73-818d-92556ebb4f94,2,Architecture,300,83.8,15.7,1.89,34.7,41.3,60.0,73.2,13.2,improving,A,0
66dcf277-40fa-4984-a68c-a61a777976f4,1,Computer Engineering,200,63.2,1.8,4.37,32.7,22.2,,57.3,0.0,stable,C,0
66dcf277-40fa-4984-a68c-a61a777976f4,2,Computer Engineering,200,66.4,16.6,2.6,26.5,39.2,57.3,63.7,6.4,improving,B,0
9ec3ea52-6329-4ad4-b5ce-e883ef66d0fb,1,Biochemistry,300,96.0,16.5,3.09,39.3,26.7,,62.3,0.0,stable,B,0
9ec3ea52-6329-4ad4-b5ce-e883ef66d0fb,2,Biochemistry,300,82.1,15.7,3.22,22.0,32.0,62.3,55.3,-7.0,declining,C,0
43d069dd-b500-45c2-9c57-6eb250c53422,1,Computer Science,300,100.0,18.1,4.26,36.7,49.8,,83.4,0.0,stable,A,0
43d069dd-b500-45c2-9c57-6eb250c53422,2,Computer Science,300,89.3,11.6,3.55,33.0,43.2,83.4,76.0,-7.4,declining,A,0
4c7f89fd-516c-4349-870b-85518cd01eab,1,Psychology,300,78.4,17.0,1.99,23.2,45.4,,72.9,0.0,stable,A,0
4c7f89fd-516c-4349-870b-85518cd01eab,2,Psychology,300,100.0,5.9,2.68,27.6,29.0,72.9,60.0,-12.9,declining,B,0
9de3e3dd-5697-4f4d-8f96-0f04175ffc6c,1,Political Science,300,74.8,10.1,3.44,26.0,55.0,,81.0,0.0,stable,A,0
9de3e3dd-5697-4f4d-8f96-0f04175ffc6c,2,Political Science,300,69.0,14.9,3.75,36.8,41.1,81.0,81.1,0.1,stable,A,0
80c08344-96d0-4067-97b5-bf0ddd014cf2,1,Sociology,300,76.5,8.9,2.38,24.8,28.7,,56.9,0.0,stable,C,0
80c08344-96d0-4067-97b5-bf0ddd014cf2,2,Sociology,300,85.6,5.8,1.6,26.6,24.6,56.9,50.2,-6.7,declining,C,0
a95e277b-0e45-4bbc-9219-0e2f2f0c2549,1,Electrical Engineering,100,92.6,9.3,4.34,25.1,36.8,,64.3,0.0,stable,B,0
a95e277b-0e45-4bbc-9219-0e2f2f0c2549,2,Electrical Engineering,100,87.7,10.3,3.8,36.6,33.2,64.3,70.7,6.4,improving,A,0
7a47855a-df04-42cb-aca3-daf2cd8ba003,1,Political Science,200,85.6,8.9,4.36,27.9,41.5,,65.7,0.0,stable,B,0
7a47855a-df04-42cb-aca3-daf2cd8ba003,2,Political Science,200,76.6,6.7,2.76,22.4,43.3,65.7,66.7,1.0,stable,B,0
b2655d83-67a5-4283-8101-011cd5cec5fe,1,Electrical Engineering,100,91.3,10.3,3.91,33.5,41.3,,81.1,0.0,stable,A,0
b2655d83-67a5-4283-8101-011cd5cec5fe,2,Electrical Engineering,100,67.7,18.1,3.38,25.7,31.6,81.1,54.2,-26.9,declining,C,0
e2043ef7-097e-47a1-84ab-83cd9b965bd8,1,Mechanical Engineering,100,92.0,20.7,3.07,34.1,53.7,,88.0,0.0,stable,A,0
e2043ef7-097e-47a1-84ab-83cd9b965bd8,2,Mechanical Engineering,100,91.5,13.5,3.11,29.8,31.4,88.0,51.7,-36.3,declining,C,0
9889f361-7a67-4fdc-ba25-d79bde412fc1,1,Electrical Engineering,100,93.5,11.3,2.68,23.9,32.0,,53.6,0.0,stable,C,0
9889f361-7a67-4fdc-ba25-d79bde412fc1,2,Electrical Engineering,100,63.1,13.7,3.1,20.8,28.0,53.6,44.9,-8.7,declining,F,1
5da9db86-bda3-4231-b34e-de5fa475d7b8,1,Law,100,100.0,19.5,2.32,25.1,44.8,,70.1,0.0,stable,A,0
5da9db86-bda3-4231-b34e-de5fa475d7b8,2,Law,100,79.8,15.7,3.36,25.4,45.9,70.1,73.8,3.7,stable,A,0
58fa3a71-5903-4cdd-abf9-e70d058aaef7,1,Sociology,200,64.1,13.5,2.56,37.8,26.5,,67.8,0.0,stable,B,0
58fa3a71-5903-4cdd-abf9-e70d058aaef7,2,Sociology,200,49.9,21.0,2.09,25.9,27.9,67.8,49.7,-18.0,declining,D,1
39cb5a76-4d02-4cd4-84f7-070602cbf6d7,1,Mechanical Engineering,300,88.5,17.1,3.19,36.4,54.1,,88.4,0.0,stable,A,0
39cb5a76-4d02-4cd4-84f7-070602cbf6d7,2,Mechanical Engineering,300,54.0,11.9,2.54,27.7,44.1,88.4,69.8,-18.6,declining,B,0
fe6c7252-46c7-4b14-be0a-885962c99ca5,1,Electrical Engineering,300,85.6,15.3,3.58,30.1,50.9,,82.5,0.0,stable,A,0
fe6c7252-46c7-4b14-be0a-885962c99ca5,2,Electrical Engineering,300,84.6,20.4,3.26,28.9,35.0,82.5,67.3,-15.2,declining,B,0
60fe885b-ff2b-4b95-aefb-d1020cceb0f8,1,Business Administration,200,80.4,20.4,1.38,35.6,39.7,,74.2,0.0,stable,A,0
60fe885b-ff2b-4b95-aefb-d1020cceb0f8,2,Business Administration,200,63.5,16.5,3.49,22.0,45.4,74.2,69.5,-4.7,stable,B,0
4e41197e-75c6-48cd-a353-d9ce4445fd0b,1,Biochemistry,300,77.7,17.5,2.77,19.3,44.9,,64.7,0.0,stable,B,0
4e41197e-75c6-48cd-a353-d9ce4445fd0b,2,Biochemistry,300,79.7,17.5,1.44,29.7,31.2,64.7,57.3,-7.4,declining,C,0
f6a4be9f-a10d-48be-bae2-2b5000cf81e3,1,Biochemistry,100,73.9,15.5,3.24,26.3,41.1,,70.2,0.0,stable,A,0
f6a4be9f-a10d-48be-bae2-2b5000cf81e3,2,Biochemistry,100,85.2,9.2,2.51,23.5,32.3,70.2,50.6,-19.7,declining,C,0
963fa921-9ce8-46d7-816d-19e7ee0df7d8,1,Computer Engineering,200,100.0,7.7,3.89,40.0,40.5,,80.2,0.0,stable,A,0
963fa921-9ce8-46d7-816d-19e7ee0df7d8,2,Computer Engineering,200,55.2,9.5,4.28,27.8,40.6,80.2,72.3,-7.8,declining,A,0
08ede245-8205-4ae2-ba57-6a93b183b4fe,1,Economics,200,85.4,11.3,3.17,28.2,33.8,,61.4,0.0,stable,B,0
08ede245-8205-4ae2-ba57-6a93b183b4fe,2,Economics,200,83.4,5.8,3.06,29.7,26.2,61.4,54.8,-6.6,declining,C,0
80f60423-ea15-49f9-b1b1-c20e3d3be6b9,1,Economics,200,40.2,8.2,2.12,21.6,12.3,,34.5,0.0,stable,F,1
80f60423-ea15-49f9-b1b1-c20e3d3be6b9,2,Economics,200,88.6,11.4,3.4,30.2,24.4,34.5,54.6,20.1,improving,C,0
56f2c9e3-9efa-4429-8001-fe4a4382ea1a,1,Accounting,200,85.2,5.4,2.63,30.8,60.0,,91.5,0.0,stable,A,0
56f2c9e3-9efa-4429-8001-fe4a4382ea1a,2,Accounting,200,46.4,1.2,3.58,36.7,30.2,91.5,65.9,-25.5,declining,B,1
61432af2-18cd-43d8-bc2d-2c763f18f28d,1,Economics,200,81.5,8.0,0.96,36.5,26.5,,66.1,0.0,stable,B,0
61432af2-18cd-43d8-bc2d-2c763f18f28d,2,Economics,200,63.6,12.6,3.68,33.1,43.7,66.1,77.3,11.2,improving,A,0
78136d91-057b-4484-a28e-b1e9059429e9,1,Biochemistry,100,84.3,14.3,1.97,25.5,18.1,,45.9,0.0,stable,D,0
78136d91-057b-4484-a28e-b1e9059429e9,2,Biochemistry,100,69.1,16.1,3.32,23.8,41.9,45.9,64.4,18.5,improving,B,0
7c758564-c317-4611-838d-11ef83bcb36b,1,Political Science,300,65.9,16.6,5.0,33.8,46.6,,84.1,0.0,stable,A,0
7c758564-c317-4611-838d-11ef83bcb36b,2,Political Science,300,100.0,5.0,3.98,38.8,48.4,84.1,89.7,5.6,improving,A,0
8c40a664-cf34-4e20-9564-cc7eecef31dc,1,Psychology,300,71.6,22.2,3.27,27.1,52.4,,82.5,0.0,stable,A,0
8c40a664-cf34-4e20-9564-cc7eecef31dc,2,Psychology,300,76.4,14.0,3.07,27.0,32.9,82.5,55.7,-26.8,declining,C,0
852efc33-9096-4274-90c5-e1eac750a8fc,1,Economics,200,97.8,10.9,0.26,36.5,37.0,,68.0,0.0,stable,B,0
852efc33-9096-4274-90c5-e1eac750a8fc,2,Economics,200,62.5,7.6,2.41,33.6,33.8,68.0,66.1,-1.9,stable,B,0
a1830c15-4131-4d79-86c6-745642429684,1,Computer Engineering,200,91.8,14.5,1.61,30.3,41.8,,69.3,0.0,stable,B,0
a1830c15-4131-4d79-86c6-745642429684,2,Computer Engineering,200,100.0,12.6,2.4,29.4,48.0,69.3,75.5,6.2,improving,A,0
49e3ead5-a5be-419d-bf0a-0751c831b628,1,Electrical Engineering,100,80.7,6.2,3.06,28.0,32.4,,58.0,0.0,stable,C,0
49e3ead5-a5be-419d-bf0a-0751c831b628,2,Electrical Engineering,100,90.4,9.5,2.89,32.6,53.7,58.0,89.0,31.0,improving,A,0
8e5146a3-4d34-4821-a7c3-a237532e6091,1,Psychology,300,86.9,4.1,2.47,38.3,21.2,,59.7,0.0,stable,C,0
8e5146a3-4d34-4821-a7c3-a237532e6091,2,Psychology,300,59.0,7.2,4.34,30.4,48.6,59.7,81.4,21.7,improving,A,0
e506efc1-825f-4ab4-bfba-1fb39dd11449,1,Psychology,100,72.9,8.5,2.68,28.6,54.2,,78.8,0.0,stable,A,0
e506efc1-825f-4ab4-bfba-1fb39dd11449,2,Psychology,100,66.7,7.4,3.85,37.6,41.1,78.8,79.9,1.0,stable,A,0
4a973a39-e3b7-4711-b25a-bc2e75d34120,1,Biochemistry,100,76.4,14.2,3.62,32.4,47.4,,82.1,0.0,stable,A,0
4a973a39-e3b7-4711-b25a-bc2e75d34120,2,Biochemistry,100,48.3,12.0,3.24,26.7,38.4,82.1,65.6,-16.5,declining,B,1
592754d1-fedd-45c0-8dea-44fcc7c94d84,1,Psychology,100,64.2,3.1,3.79,22.2,33.2,,53.1,0.0,stable,C,0
592754d1-fedd-45c0-8dea-44fcc7c94d84,2,Psychology,100,98.8,11.6,2.75,38.5,60.0,53.1,99.7,46.6,improving,A,0
45818152-076c-4f7b-bd3e-335946c87e6f,1,Political Science,200,69.3,15.5,1.74,29.1,59.5,,89.1,0.0,stable,A,0
45818152-076c-4f7b-bd3e-335946c87e6f,2,Political Science,200,76.6,12.1,2.68,31.9,46.8,89.1,77.7,-11.4,declining,A,0
969ddc19-dc20-4f14-b382-83ec08f7f474,1,Accounting,300,37.6,14.3,4.71,20.6,29.9,,52.6,0.0,stable,C,1
969ddc19-dc20-4f14-b382-83ec08f7f474,2,Accounting,300,100.0,14.6,4.38,39.0,51.3,52.6,88.7,36.1,improving,A,0
2adbf2fd-badc-4128-a00b-647eb604dd51,1,Biochemistry,200,79.3,11.9,2.95,29.6,41.6,,67.3,0.0,stable,B,0
2adbf2fd-badc-4128-a00b-647eb604dd51,2,Biochemistry,200,87.2,7.6,2.8,34.1,26.8,67.3,55.0,-12.4,declining,C,0
cd943559-05d4-4cac-bb79-f30fc4cc3284,1,Biochemistry,200,69.3,4.8,3.57,23.1,50.5,,73.5,0.0,stable,A,0
cd943559-05d4-4cac-bb79-f30fc4cc3284,2,Biochemistry,200,75.9,2.1,3.12,29.8,19.7,73.5,49.8,-23.7,declining,D,0
57926a4d-f339-4dae-8015-8a608f765043,1,Business Administration,200,69.0,10.9,3.02,26.4,41.3,,67.5,0.0,stable,B,0
57926a4d-f339-4dae-8015-8a608f765043,2,Business Administration,200,82.1,9.4,2.15,27.9,50.4,67.5,81.1,13.7,improving,A,0
eda501df-d1fc-40c5-b27a-475f1a2bf855,1,Sociology,200,93.2,18.4,2.63,35.1,44.2,,81.3,0.0,stable,A,0
eda501df-d1fc-40c5-b27a-475f1a2bf855,2,Sociology,200,70.7,12.5,3.06,31.8,46.6,81.3,78.7,-2.6,stable,A,0
eed6b1f4-9494-485b-825d-c7ffeb47df3b,1,Psychology,300,76.9,13.1,4.32,21.7,33.3,,57.1,0.0,stable,C,0
eed6b1f4-9494-485b-825d-c7ffeb47df3b,2,Psychology,300,79.0,13.3,3.53,31.9,36.0,57.1,69.8,12.7,improving,B,0
1d7c69ae-132c-4a61-adef-488712a1bb2e,1,Architecture,100,75.3,9.8,3.55,33.3,41.2,,79.7,0.0,stable,A,0
1d7c69ae-132c-4a61-adef-488712a1bb2e,2,Architecture,100,94.9,17.0,5.0,33.2,42.5,79.7,78.3,-1.4,stable,A,0
0e5b57d4-d78d-42e0-b060-8b4b6ed156f7,1,Electrical Engineering,200,71.2,12.1,2.21,32.3,23.3,,55.3,0.0,stable,C,0
0e5b57d4-d78d-42e0-b060-8b4b6ed156f7,2,Electrical Engineering,200,74.8,9.8,1.59,21.1,27.7,55.3,50.5,-4.8,stable,C,0
a5cc03b0-7294-407d-ab60-54e481602a64,1,Law,200,79.3,11.9,2.29,32.6,20.1,,45.5,0.0,stable,D,0
a5cc03b0-7294-407d-ab60-54e481602a64,2,Law,200,71.4,9.3,3.81,30.1,55.7,45.5,84.2,38.7,improving,A,0
14386327-fba1-4c50-b53a-51bbc1806afe,1,Psychology,300,82.3,10.7,4.11,30.4,49.4,,76.6,0.0,stable,A,0
14386327-fba1-4c50-b53a-51bbc1806afe,2,Psychology,300,68.8,11.6,4.01,17.8,38.0,76.6,54.6,-22.0,declining,C,0
ac46fbde-707b-47b5-9688-02f016a721b1,1,Sociology,300,43.8,9.7,1.77,12.1,32.8,,44.1,0.0,stable,F,1
ac46fbde-707b-47b5-9688-02f016a721b1,2,Sociology,300,71.3,13.3,2.3,38.2,38.7,44.1,80.8,36.8,improving,A,0
1f87a0cd-7059-4a94-8694-034533c92642,1,Law,100,49.8,7.8,3.55,23.8,27.0,,45.3,0.0,stable,D,1
1f87a0cd-7059-4a94-8694-034533c92642,2,Law,100,86.0,15.3,3.19,29.7,31.2,45.3,60.7,15.4,improving,B,0
037776e5-d7c9-4162-ba79-1c26bf3b5e26,1,Law,300,55.3,8.2,4.01,16.8,45.7,,67.0,0.0,stable,B,0
037776e5-d7c9-4162-ba79-1c26bf3b5e26,2,Law,300,87.2,14.0,2.63,29.2,17.8,67.0,47.1,-19.9,declining,D,0
767c0c55-edc0-440f-80df-ef23c7299281,1,Biology,100,69.0,8.5,2.98,29.1,30.7,,64.6,0.0,stable,B,0
767c0c55-edc0-440f-80df-ef23c7299281,2,Biology,100,86.0,16.5,2.92,34.7,33.7,64.6,70.4,5.8,improving,A,0
7a3949b3-d3a2-4492-a47b-3e77178dec91,1,Computer Science,300,71.9,6.9,2.98,27.9,59.1,,88.3,0.0,stable,A,0
7a3949b3-d3a2-4492-a47b-3e77178dec91,2,Computer Science,300,98.7,17.7,3.03,32.5,26.3,88.3,56.2,-32.2,declining,C,0
68d16dd1-1c5c-4539-8fc0-3ecba2dcc78e,1,Architecture,300,84.9,10.5,3.3,21.8,43.6,,68.8,0.0,stable,B,0
68d16dd1-1c5c-4539-8fc0-3ecba2dcc78e,2,Architecture,300,48.4,13.9,4.07,33.1,38.0,68.8,73.4,4.7,stable,A,1
2df7ea4c-f874-49e1-b099-e5cea5d57e20,1,Biochemistry,200,96.4,14.0,4.03,34.1,47.0,,79.2,0.0,stable,A,0
2df7ea4c-f874-49e1-b099-e5cea5d57e20,2,Biochemistry,200,72.5,14.2,2.44,28.4,47.6,79.2,82.2,2.9,stable,A,0
26157796-08b6-4e2b-a37f-7cd0fe7db7ab,1,Computer Science,200,44.3,21.9,2.79,28.7,57.8,,91.2,0.0,stable,A,1
26157796-08b6-4e2b-a37f-7cd0fe7db7ab,2,Computer Science,200,64.1,10.9,2.96,26.0,51.9,91.2,77.7,-13.5,declining,A,0
4e112c38-25ba-4ccc-a573-341899cace54,1,Accounting,200,50.7,8.8,1.74,24.0,41.5,,63.5,0.0,stable,B,0
4e112c38-25ba-4ccc-a573-341899cace54,2,Accounting,200,69.0,10.6,3.11,31.4,46.9,63.5,85.0,21.5,improving,A,0
45e0b259-4691-41e3-b1d2-ac97b41e7262,1,Business Administration,200,76.9,15.7,1.73,28.5,37.0,,62.4,0.0,stable,B,0
45e0b259-4691-41e3-b1d2-ac97b41e7262,2,Business Administration,200,67.0,11.5,2.6,40.0,43.5,62.4,89.5,27.1,improving,A,0
4485bdc3-cb6a-45fb-af27-8d95dc6f1f4f,1,Accounting,200,97.4,8.8,3.03,32.3,35.7,,65.1,0.0,stable,B,0
4485bdc3-cb6a-45fb-af27-8d95dc6f1f4f,2,Accounting,200,68.4,13.8,3.27,29.9,40.8,65.1,73.3,8.2,improving,A,0
69104607-8ce2-467f-ac8d-0de055b2dd42,1,Accounting,300,71.1,19.0,1.52,32.5,46.5,,77.0,0.0,stable,A,0
69104607-8ce2-467f-ac8d-0de055b2dd42,2,Accounting,300,69.7,14.3,3.73,20.2,49.0,77.0,67.8,-9.2,declining,B,0
a03f7995-82e6-4ad4-8dde-53b6445e2123,1,Sociology,100,91.9,2.8,4.96,28.9,51.2,,80.0,0.0,stable,A,0
a03f7995-82e6-4ad4-8dde-53b6445e2123,2,Sociology,100,62.7,13.3,3.82,19.8,49.2,80.0,68.9,-11.0,declining,B,0
48a6322c-e675-4ea2-b0f0-2015f1df1037,1,Accounting,100,83.7,12.1,2.54,26.2,45.4,,73.6,0.0,stable,A,0
48a6322c-e675-4ea2-b0f0-2015f1df1037,2,Accounting,100,84.9,14.1,3.76,39.0,23.8,73.6,55.8,-17.8,declining,C,0
4aaa4a64-c3c4-490b-b5e4-30df6bb9073a,1,Electrical Engineering,200,100.0,5.3,2.13,33.6,16.5,,48.9,0.0,stable,D,0
4aaa4a64-c3c4-490b-b5e4-30df6bb9073a,2,Electrical Engineering,200,60.8,10.8,3.22,25.4,35.2,48.9,61.5,12.5,improving,B,0
3a97a61c-5e10-4cb7-9170-f3fa512dd6a3,1,Biology,200,90.7,20.0,2.83,40.0,53.7,,90.0,0.0,stable,A,0
3a97a61c-5e10-4cb7-9170-f3fa512dd6a3,2,Biology,200,56.1,9.1,4.16,23.7,20.9,90.0,43.9,-46.1,declining,F,1
4ba993d5-8ea9-49a9-af22-a603747b694f,1,Political Science,200,45.3,6.7,2.53,24.8,45.1,,72.0,0.0,stable,A,1
4ba993d5-8ea9-49a9-af22-a603747b694f,2,Political Science,200,57.3,10.1,3.06,25.2,35.7,72.0,55.7,-16.3,declining,C,0
72365bac-ca92-4309-bbf5-e869fccd6a86,1,Business Administration,300,57.7,10.0,0.53,29.7,19.5,,51.3,0.0,stable,C,0
72365bac-ca92-4309-bbf5-e869fccd6a86,2,Business Administration,300,84.0,9.3,3.8,35.5,36.1,51.3,70.4,19.1,improving,A,0
645f9a65-0608-447b-a339-98306530ee4d,1,Law,100,91.5,13.2,3.84,21.3,43.1,,59.7,0.0,stable,C,0
645f9a65-0608-447b-a339-98306530ee4d,2,Law,100,74.6,15.6,4.39,25.2,39.6,59.7,64.6,4.9,stable,B,0
6a93f7a7-1645-4a5d-bb5b-54700d00b112,1,Mechanical Engineering,200,60.4,16.9,2.94,27.7,49.2,,76.6,0.0,stable,A,0
6a93f7a7-1645-4a5d-bb5b-54700d00b112,2,Mechanical Engineering,200,62.7,11.7,2.32,28.1,47.9,76.6,72.5,-4.1,stable,A,0
fe2cb4f2-3136-4277-ab88-62d1df549117,1,Mechanical Engineering,200,52.0,12.2,2.39,25.6,41.7,,60.9,0.0,stable,B,0
fe2cb4f2-3136-4277-ab88-62d1df549117,2,Mechanical Engineering,200,85.3,6.2,2.98,28.8,29.8,60.9,63.7,2.8,stable,B,0
a31e8e7a-89ff-4a89-9076-5dfc66e541f4,1,Biology,200,79.8,16.5,3.12,34.1,47.2,,82.0,0.0,stable,A,0
a31e8e7a-89ff-4a89-9076-5dfc66e541f4,2,Biology,200,91.6,12.8,4.83,38.1,32.4,82.0,70.0,-12.1,declining,B,0
b07cf13d-9eed-496f-95c7-aac99994720c,1,Political Science,300,81.0,12.2,3.55,35.2,27.2,,66.3,0.0,stable,B,0
b07cf13d-9eed-496f-95c7-aac99994720c,2,Political Science,300,67.5,9.0,2.52,32.6,33.8,66.3,64.4,-1.9,stable,B,0
7cda80bf-9de8-4907-afaf-ff74c4224ad1,1,Accounting,200,68.6,3.0,2.33,22.5,29.1,,53.6,0.0,stable,C,0
7cda80bf-9de8-4907-afaf-ff74c4224ad1,2,Accounting,200,83.3,18.3,3.83,29.0,45.9,53.6,74.8,21.2,improving,A,0
276ccda1-a293-4d1d-b5b3-54d9291887f3,1,Accounting,100,42.7,5.9,2.87,22.7,40.1,,64.2,0.0,stable,B,1
276ccda1-a293-4d1d-b5b3-54d9291887f3,2,Accounting,100,48.4,14.6,3.14,27.8,52.4,64.2,79.8,15.6,improving,A,1
0effee73-5ea7-431b-b7c2-c7fe30f1721f,1,Economics,100,93.7,7.6,2.24,35.9,31.2,,67.9,0.0,stable,B,0
0effee73-5ea7-431b-b7c2-c7fe30f1721f,2,Economics,100,100.0,14.0,3.17,30.7,24.3,67.9,54.8,-13.1,declining,C,0
567cb706-c572-4606-90cc-5436b08aac84,1,Computer Engineering,200,91.0,10.4,3.32,40.0,53.1,,94.4,0.0,stable,A,0
567cb706-c572-4606-90cc-5436b08aac84,2,Computer Engineering,200,77.6,4.4,2.5,29.1,24.6,94.4,54.5,-39.9,declining,C,0
92c90f3e-f5c9-45b8-b564-fcaf7b481df2,1,Biology,300,100.0,19.6,3.2,38.9,38.1,,81.4,0.0,stable,A,0
92c90f3e-f5c9-45b8-b564-fcaf7b481df2,2,Biology,300,51.6,16.6,3.4,21.5,41.5,81.4,59.7,-21.7,declining,C,0
a9bee9af-67ef-4da8-918b-64497ba3cbe1,1,Law,200,58.6,4.0,3.61,32.8,13.5,,51.8,0.0,stable,C,0
a9bee9af-67ef-4da8-918b-64497ba3cbe1,2,Law,200,74.8,13.4,1.82,36.6,40.3,51.8,80.2,28.5,improving,A,0
a029627c-c7c6-4293-88b9-9bc3de567eb6,1,Political Science,300,93.3,18.7,2.48,32.6,37.2,,72.5,0.0,stable,A,0
a029627c-c7c6-4293-88b9-9bc3de567eb6,2,Political Science,300,80.0,17.3,3.89,22.4,58.7,72.5,83.9,11.4,improving,A,0
3fda1e23-c218-4a43-809b-1e90d49ca453,1,Biochemistry,300,69.5,13.7,2.9,32.0,36.9,,70.3,0.0,stable,A,0
3fda1e23-c218-4a43-809b-1e90d49ca453,2,Biochemistry,300,76.0,9.8,3.15,40.0,31.5,70.3,70.7,0.4,stable,A,0
f1b16a7b-4f85-4db5-8d69-1dac39db8d63,1,Computer Science,100,65.0,9.2,3.65,31.6,38.8,,73.5,0.0,stable,A,0
f1b16a7b-4f85-4db5-8d69-1dac39db8d63,2,Computer Science,100,86.9,11.2,1.77,36.5,38.2,73.5,74.8,1.4,stable,A,0
8b34f099-56fd-4432-946b-5b07d9a91ad9,1,Mechanical Engineering,100,68.0,15.7,3.28,27.4,30.5,,61.2,0.0,stable,B,0
8b34f099-56fd-4432-946b-5b07d9a91ad9,2,Mechanical Engineering,100,84.1,13.3,0.87,31.6,33.8,61.2,63.6,2.4,stable,B,0
36cda5f2-74db-4fae-82c6-a9c71f5c8f51,1,Accounting,100,86.3,15.6,3.35,37.5,32.6,,68.7,0.0,stable,B,0
36cda5f2-74db-4fae-82c6-a9c71f5c8f51,2,Accounting,100,76.1,8.9,3.58,27.6,51.5,68.7,76.3,7.6,improving,A,0
29d4dddf-d55b-49eb-9831-985e86313a03,1,Mechanical Engineering,100,100.0,22.1,2.92,40.0,42.7,,85.7,0.0,stable,A,0
29d4dddf-d55b-49eb-9831-985e86313a03,2,Mechanical Engineering,100,72.4,5.6,0.17,28.1,32.1,85.7,64.2,-21.5,declining,B,0
e7f5ef26-742a-41ab-869b-37dceb76f758,1,Architecture,100,75.5,17.0,2.64,28.4,53.0,,74.0,0.0,stable,A,0
e7f5ef26-742a-41ab-869b-37dceb76f758,2,Architecture,100,75.2,10.0,4.09,27.4,45.5,74.0,75.6,1.7,stable,A,0
6c610095-839f-4fdb-bbba-ea61bb0abc62,1,Biochemistry,200,52.6,11.3,2.65,30.3,45.1,,74.7,0.0,stable,A,0
6c610095-839f-4fdb-bbba-ea61bb0abc62,2,Biochemistry,200,59.3,17.2,2.95,18.8,27.8,74.7,47.9,-26.8,declining,D,0
6f48c503-ff90-44a6-ae2b-7fda6af45f6f,1,Biology,100,55.9,21.3,2.25,26.2,46.3,,70.3,0.0,stable,A,0
6f48c503-ff90-44a6-ae2b-7fda6af45f6f,2,Biology,100,41.4,13.0,2.4,23.9,37.8,70.3,62.5,-7.8,declining,B,1
a21b0fa3-9d15-4840-9ffd-55ba323845c7,1,Business Administration,200,98.4,9.3,2.62,26.4,34.9,,62.5,0.0,stable,B,0
a21b0fa3-9d15-4840-9ffd-55ba323845c7,2,Business Administration,200,67.7,14.1,2.86,22.0,43.9,62.5,65.3,2.8,stable,B,0
dde0a4a2-6dee-4cca-b4c7-8357c4ac8d76,1,Accounting,200,76.8,9.2,2.48,31.2,34.2,,70.5,0.0,stable,A,0
dde0a4a2-6dee-4cca-b4c7-8357c4ac8d76,2,Accounting,200,87.0,14.7,2.86,22.3,33.2,70.5,53.5,-17.0,declining,C,0
a291ae4c-ff4d-4b6b-8a3a-ddb8940bc95e,1,Economics,200,70.9,11.8,3.52,30.5,52.1,,81.7,0.0,stable,A,0
a291ae4c-ff4d-4b6b-8a3a-ddb8940bc95e,2,Economics,200,78.9,13.7,3.2,37.2,49.2,81.7,82.5,0.8,stable,A,0
d0a1f3f8-cc45-430c-8596-ca87573c791e,1,Sociology,100,73.3,11.9,4.72,28.0,33.1,,62.5,0.0,stable,B,0
d0a1f3f8-cc45-430c-8596-ca87573c791e,2,Sociology,100,82.5,11.6,2.82,36.2,30.4,62.5,65.6,3.2,stable,B,0
b289838e-3c9b-4ea2-9382-e69862a340a0,1,Sociology,100,67.2,17.5,3.23,23.1,34.3,,63.0,0.0,stable,B,0
b289838e-3c9b-4ea2-9382-e69862a340a0,2,Sociology,100,91.2,16.2,3.01,40.0,31.6,63.0,73.8,10.8,improving,A,0
9f117414-ffa6-4daa-8935-16d4307ca64b,1,Mechanical Engineering,200,68.4,10.8,3.58,28.0,35.5,,62.0,0.0,stable,B,0
9f117414-ffa6-4daa-8935-16d4307ca64b,2,Mechanical Engineering,200,45.2,15.8,2.19,33.3,37.8,62.0,75.1,13.1,improving,A,1
09f8f434-a3f9-43cf-82ad-d27aef9d86d2,1,Architecture,400,47.9,15.7,3.79,31.1,28.5,,57.5,0.0,stable,C,1
09f8f434-a3f9-43cf-82ad-d27aef9d86d2,2,Architecture,400,83.6,12.7,3.23,29.9,56.1,57.5,93.8,36.4,improving,A,0
6093b55f-5cc4-4958-87bb-21383e2f391e,1,Electrical Engineering,200,76.6,14.3,3.04,36.7,49.6,,83.1,0.0,stable,A,0
6093b55f-5cc4-4958-87bb-21383e2f391e,2,Electrical Engineering,200,65.8,7.0,5.0,31.3,34.0,83.1,63.3,-19.8,declining,B,0
ea02b794-b97d-4503-bc90-59edb0276852,1,Psychology,300,87.1,16.5,3.64,30.3,47.1,,77.8,0.0,stable,A,0
ea02b794-b97d-4503-bc90-59edb0276852,2,Psychology,300,61.0,7.4,3.33,28.2,42.5,77.8,73.0,-4.8,stable,A,0
f4b9761d-6c0d-4f45-8a08-48d807078a9c,1,Medicine,300,97.5,8.1,3.5,38.2,34.7,,73.3,0.0,stable,A,0
f4b9761d-6c0d-4f45-8a08-48d807078a9c,2,Medicine,300,70.7,22.5,3.08,31.4,44.6,73.3,74.6,1.3,stable,A,0
a3f379cf-1aaa-495f-a76e-417dd7fa4dcf,1,Electrical Engineering,200,55.5,17.5,3.61,24.6,35.7,,60.9,0.0,stable,B,0
a3f379cf-1aaa-495f-a76e-417dd7fa4dcf,2,Electrical Engineering,200,67.5,10.9,1.99,29.6,39.1,60.9,72.0,11.1,improving,A,0
f52e5ffa-e0ab-4c0e-9ec6-4517481c5028,1,Biology,300,72.7,10.3,1.75,35.1,44.8,,80.0,0.0,stable,A,0
f52e5ffa-e0ab-4c0e-9ec6-4517481c5028,2,Biology,300,55.1,5.9,2.56,30.8,37.3,80.0,63.6,-16.3,declining,B,0
7d02efa8-0d39-46cf-91a0-a5e38162f441,1,Computer Engineering,200,81.1,7.8,2.58,36.1,43.4,,82.7,0.0,stable,A,0
7d02efa8-0d39-46cf-91a0-a5e38162f441,2,Computer Engineering,200,74.7,16.4,2.53,28.6,38.5,82.7,67.2,-15.5,declining,B,0
aa4ddf4b-570c-4ef6-9cc4-130c8a71022e,1,Computer Science,200,55.7,10.9,4.16,20.7,27.8,,44.7,0.0,stable,F,1
aa4ddf4b-570c-4ef6-9cc4-130c8a71022e,2,Computer Science,200,100.0,14.3,2.78,35.3,43.1,44.7,76.5,31.8,improving,A,0
f1094bb9-d01e-4dfc-a6ba-aeeb592a5821,1,Computer Science,100,67.2,11.2,2.42,26.5,41.4,,64.9,0.0,stable,B,0
f1094bb9-d01e-4dfc-a6ba-aeeb592a5821,2,Computer Science,100,100.0,15.8,1.98,22.6,33.4,64.9,58.0,-6.8,declining,C,0
e457fc88-f439-416c-9325-ef09b40d39fe,1,Accounting,300,82.4,11.4,2.52,27.0,34.2,,58.1,0.0,stable,C,0
e457fc88-f439-416c-9325-ef09b40d39fe,2,Accounting,300,69.0,18.7,2.38,31.9,50.7,58.1,79.3,21.2,improving,A,0
224d1dee-009a-4e06-9b3d-0307c79918b1,1,Political Science,100,62.3,17.3,2.26,27.2,60.0,,90.1,0.0,stable,A,0
224d1dee-009a-4e06-9b3d-0307c79918b1,2,Political Science,100,76.3,16.2,2.96,35.3,22.0,90.1,57.0,-33.2,declining,C,0
8138a6c9-5200-4ea5-9aa5-dede054347d3,1,Accounting,100,43.7,12.8,2.81,30.5,46.9,,75.9,0.0,stable,A,1
8138a6c9-5200-4ea5-9aa5-dede054347d3,2,Accounting,100,68.9,13.9,2.54,28.6,53.2,75.9,79.3,3.5,stable,A,0
3d7a20c8-66c7-4d9d-8ba4-2edc8d748c87,1,Sociology,100,68.3,10.5,5.0,31.7,53.8,,87.8,0.0,stable,A,0
3d7a20c8-66c7-4d9d-8ba4-2edc8d748c87,2,Sociology,100,87.5,14.4,3.29,25.3,45.4,87.8,70.4,-17.4,declining,A,0
d025c4f1-af32-4891-94d9-57eb9678148d,1,Sociology,100,83.2,11.6,3.61,36.3,11.4,,46.5,0.0,stable,D,0
d025c4f1-af32-4891-94d9-57eb9678148d,2,Sociology,100,47.1,13.2,2.76,31.2,42.0,46.5,71.8,25.3,improving,A,1
0e0be34a-81dd-449e-8075-ff84c8221efa,1,Business Administration,300,89.1,10.4,2.6,34.8,53.8,,91.1,0.0,stable,A,0
0e0be34a-81dd-449e-8075-ff84c8221efa,2,Business Administration,300,83.5,25.8,2.41,27.9,49.7,91.1,82.2,-9.0,declining,A,0
bf950623-ecc0-42d6-9834-1866ac4d7357,1,Law,100,60.9,20.8,1.85,26.6,45.3,,69.2,0.0,stable,B,0
bf950623-ecc0-42d6-9834-1866ac4d7357,2,Law,100,65.7,16.0,4.15,17.6,46.5,69.2,63.7,-5.4,declining,B,0
4ee25e9b-efd9-49f8-a602-cfebb7a344e5,1,Accounting,300,76.6,10.4,1.97,38.0,48.0,,85.7,0.0,stable,A,0
4ee25e9b-efd9-49f8-a602-cfebb7a344e5,2,Accounting,300,67.7,9.0,0.93,30.3,41.1,85.7,71.8,-13.9,declining,A,0
822c0cdd-0a5b-4a36-b95a-989e6931e84f,1,Computer Science,200,73.7,12.7,2.32,27.2,37.0,,66.4,0.0,stable,B,0
822c0cdd-0a5b-4a36-b95a-989e6931e84f,2,Computer Science,200,95.7,10.9,2.16,34.3,57.2,66.4,88.6,22.3,improving,A,0
d0460d56-34ff-42f8-94e3-f68b182a7ef0,1,Biochemistry,100,88.3,18.7,2.71,29.2,49.5,,79.7,0.0,stable,A,0
d0460d56-34ff-42f8-94e3-f68b182a7ef0,2,Biochemistry,100,85.4,22.4,3.13,26.1,47.9,79.7,74.8,-5.0,stable,A,0
f4486c73-7665-487a-9a19-b01b157ec2bf,1,Sociology,100,94.0,11.0,2.67,26.9,43.7,,80.7,0.0,stable,A,0
f4486c73-7665-487a-9a19-b01b157ec2bf,2,Sociology,100,71.7,14.3,2.56,22.9,44.7,80.7,67.7,-13.0,declining,B,0
497d770d-b90b-42c2-a80b-699c3b1e558d,1,Psychology,100,39.2,20.1,3.33,23.2,41.8,,66.2,0.0,stable,B,1
497d770d-b90b-42c2-a80b-699c3b1e558d,2,Psychology,100,81.8,14.0,3.85,37.8,60.0,66.2,95.3,29.1,improving,A,0
d9df2c60-eefb-4efb-87c1-af8944b71b32,1,Mechanical Engineering,200,66.4,13.8,2.38,25.2,44.4,,72.3,0.0,stable,A,0
d9df2c60-eefb-4efb-87c1-af8944b71b32,2,Mechanical Engineering,200,94.1,11.0,3.37,35.0,39.8,72.3,72.4,0.1,stable,A,0
246e48ca-57f2-41f3-a0d1-56c09902a661,1,Psychology,200,60.9,15.3,2.33,18.3,40.3,,63.0,0.0,stable,B,0
246e48ca-57f2-41f3-a0d1-56c09902a661,2,Psychology,200,33.1,10.6,3.54,12.5,37.5,63.0,46.6,-16.4,declining,D,1
49803a04-c113-4ce5-82cd-dcf87db4a34b,1,Biology,300,59.9,10.0,2.1,20.9,35.7,,63.4,0.0,stable,B,0
49803a04-c113-4ce5-82cd-dcf87db4a34b,2,Biology,300,86.4,17.1,3.64,28.8,47.6,63.4,79.6,16.3,improving,A,0
5b7f48ce-3a84-47c8-b202-487fe11848a8,1,Sociology,200,87.4,13.0,3.42,40.0,49.5,,88.5,0.0,stable,A,0
5b7f48ce-3a84-47c8-b202-487fe11848a8,2,Sociology,200,73.9,6.7,4.88,37.8,40.4,88.5,84.7,-3.8,stable,A,0
436e42f5-59d9-40fb-a5ef-fba4cca7d6c3,1,Law,400,84.5,9.8,3.73,33.9,47.9,,77.6,0.0,stable,A,0
436e42f5-59d9-40fb-a5ef-fba4cca7d6c3,2,Law,400,62.8,19.4,4.35,34.6,60.0,77.6,96.4,18.7,improving,A,0
16dd2cb4-6f9d-431b-85b6-e2f6ce447ba1,1,Accounting,200,82.6,7.4,2.54,21.6,32.2,,47.6,0.0,stable,D,0
16dd2cb4-6f9d-431b-85b6-e2f6ce447ba1,2,Accounting,200,91.2,13.9,1.38,32.3,57.4,47.6,89.3,41.7,improving,A,0
02595ed0-6647-467c-b6d3-8b0c18fa2685,1,Architecture,300,60.0,3.1,1.6,29.7,26.0,,54.7,0.0,stable,C,0
02595ed0-6647-467c-b6d3-8b0c18fa2685,2,Architecture,300,68.6,11.3,2.02,30.3,22.9,54.7,50.9,-3.8,stable,C,0
ca7b6bb4-3d1f-4b25-b23b-27d8494dfed3,1,Mechanical Engineering,200,90.2,13.9,3.55,40.0,41.4,,81.5,0.0,stable,A,0
ca7b6bb4-3d1f-4b25-b23b-27d8494dfed3,2,Mechanical Engineering,200,71.0,9.8,2.19,29.6,39.9,81.5,70.8,-10.7,declining,A,0
6c7008b8-e5b8-4246-994b-058a72d180cc,1,Business Administration,300,76.0,16.6,3.02,28.1,33.7,,57.2,0.0,stable,C,0
6c7008b8-e5b8-4246-994b-058a72d180cc,2,Business Administration,300,96.9,8.5,2.26,32.3,32.8,57.2,70.0,12.9,improving,A,0
a530753c-414d-4cce-8c2d-fb823281f1b8,1,Economics,300,70.1,25.2,3.05,39.3,58.0,,98.4,0.0,stable,A,0
a530753c-414d-4cce-8c2d-fb823281f1b8,2,Economics,300,98.7,17.6,3.51,40.0,39.6,98.4,76.6,-21.8,declining,A,0
93b75f12-5c0a-402e-a541-97d76b5ad9f6,1,Law,100,64.9,20.8,4.16,25.3,24.6,,49.3,0.0,stable,D,0
93b75f12-5c0a-402e-a541-97d76b5ad9f6,2,Law,100,59.8,9.5,2.16,18.9,55.0,49.3,71.8,22.5,improving,A,0
7cb6234e-f2d1-43f9-b451-fbea12859b33,1,Computer Science,300,96.2,10.9,2.1,36.8,33.1,,69.2,0.0,stable,B,0
7cb6234e-f2d1-43f9-b451-fbea12859b33,2,Computer Science,300,77.2,7.9,1.7,30.2,43.7,69.2,71.2,2.0,stable,A,0
3784dfca-48d8-4f22-a1f5-0c1e47290475,1,Sociology,200,77.3,19.5,2.93,30.9,45.4,,74.2,0.0,stable,A,0
3784dfca-48d8-4f22-a1f5-0c1e47290475,2,Sociology,200,60.1,7.1,3.29,30.8,44.7,74.2,74.4,0.1,stable,A,0
96fd0b6c-7f85-4747-b6c3-f92199e96048,1,Economics,300,91.4,13.5,3.06,16.6,32.6,,44.6,0.0,stable,F,1
96fd0b6c-7f85-4747-b6c3-f92199e96048,2,Economics,300,84.4,12.5,2.14,33.4,24.0,44.6,54.2,9.6,improving,C,0
9d16e742-475f-4c7c-ab39-005da127f402,1,Psychology,300,64.3,14.7,4.12,24.9,57.0,,82.0,0.0,stable,A,0
9d16e742-475f-4c7c-ab39-005da127f402,2,Psychology,300,78.5,11.7,2.84,32.9,46.4,82.0,76.7,-5.4,declining,A,0
20ee5ea3-725e-47a1-bdfa-36970e9beb1f,1,Business Administration,200,72.2,20.3,3.14,30.9,57.5,,86.9,0.0,stable,A,0
20ee5ea3-725e-47a1-bdfa-36970e9beb1f,2,Business Administration,200,74.5,16.1,3.99,18.1,37.1,86.9,52.2,-34.7,declining,C,0
70ee6053-47ee-4dfa-88fc-ec433d85bc02,1,Sociology,100,73.1,7.4,3.53,30.5,46.2,,79.6,0.0,stable,A,0
70ee6053-47ee-4dfa-88fc-ec433d85bc02,2,Sociology,100,85.2,10.3,3.08,29.7,24.9,79.6,57.5,-22.1,declining,C,0
13e8138c-c6fd-41b0-b967-d11e074a08f6,1,Architecture,100,73.7,4.5,3.43,28.6,14.5,,39.0,0.0,stable,F,1
13e8138c-c6fd-41b0-b967-d11e074a08f6,2,Architecture,100,64.5,13.1,3.63,31.7,47.6,39.0,79.2,40.2,improving,A,0
c5048715-b0e1-4c86-8696-a3d50c131f4c,1,Medicine,300,100.0,15.5,3.18,37.8,38.4,,76.1,0.0,stable,A,0
c5048715-b0e1-4c86-8696-a3d50c131f4c,2,Medicine,300,43.8,10.1,4.41,24.5,42.1,76.1,69.6,-6.5,declining,B,1
894ae60b-1108-4632-bdbb-a4aefda75fc2,1,Sociology,200,80.4,8.1,3.02,25.4,38.6,,61.5,0.0,stable,B,0
894ae60b-1108-4632-bdbb-a4aefda75fc2,2,Sociology,200,88.9,9.4,2.34,32.2,40.1,61.5,68.7,7.2,improving,B,0
578c7e98-0ff8-4d1f-b9f8-04cfd0f47f74,1,Accounting,200,67.2,12.5,4.07,15.8,48.2,,62.9,0.0,stable,B,0
578c7e98-0ff8-4d1f-b9f8-04cfd0f47f74,2,Accounting,200,67.6,8.6,2.71,31.6,31.2,62.9,67.8,4.9,stable,B,0
d8e4e6ac-cfe6-4cc3-9927-db42006eddec,1,Business Administration,300,84.4,13.0,2.87,37.8,53.4,,87.7,0.0,stable,A,0
d8e4e6ac-cfe6-4cc3-9927-db42006eddec,2,Business Administration,300,64.5,15.2,3.75,26.4,35.9,87.7,62.5,-25.2,declining,B,0
7dfd3bf9-b834-42b4-b1c9-4215a6d54d96,1,Biology,300,97.2,12.2,1.99,35.0,45.5,,80.2,0.0,stable,A,0
7dfd3bf9-b834-42b4-b1c9-4215a6d54d96,2,Biology,300,93.9,16.3,2.95,34.0,24.1,80.2,61.8,-18.4,declining,B,0
eeb1e06b-4546-44a9-9297-ddf862d97e04,1,Business Administration,100,70.1,10.0,2.56,31.3,26.0,,54.3,0.0,stable,C,0
eeb1e06b-4546-44a9-9297-ddf862d97e04,2,Business Administration,100,74.2,8.9,3.27,26.9,53.8,54.3,82.8,28.5,improving,A,0
0b8073f7-705c-4305-86f5-0dccfde2c6ee,1,Electrical Engineering,300,85.2,9.0,4.92,29.8,34.1,,66.1,0.0,stable,B,0
0b8073f7-705c-4305-86f5-0dccfde2c6ee,2,Electrical Engineering,300,77.9,7.9,4.76,35.5,40.2,66.1,82.9,16.8,improving,A,0
5e65dc05-151b-448a-8909-c7d5cf7101cd,1,Political Science,100,87.2,11.9,4.83,35.7,49.3,,83.9,0.0,stable,A,0
5e65dc05-151b-448a-8909-c7d5cf7101cd,2,Political Science,100,75.7,9.9,4.15,22.1,54.1,83.9,73.5,-10.4,declining,A,0
7eb7dc0d-7a7a-4b70-8ce7-00a63ed96b4a,1,Biochemistry,100,74.1,10.5,2.58,33.3,37.6,,68.9,0.0,stable,B,0
7eb7dc0d-7a7a-4b70-8ce7-00a63ed96b4a,2,Biochemistry,100,77.3,8.5,2.57,23.0,31.7,68.9,56.2,-12.7,declining,C,0
38d2be89-0e3b-44e4-84f3-528376cf5148,1,Political Science,300,75.6,21.1,5.0,27.8,41.7,,72.9,0.0,stable,A,0
38d2be89-0e3b-44e4-84f3-528376cf5148,2,Political Science,300,80.0,17.7,3.32,30.0,42.4,72.9,73.7,0.8,stable,A,0
74e23edd-ce9d-47d4-a729-a9a71ef3060c,1,Law,300,71.8,18.1,1.96,35.4,23.1,,59.0,0.0,stable,C,0
74e23edd-ce9d-47d4-a729-a9a71ef3060c,2,Law,300,70.0,4.4,1.35,23.5,31.3,59.0,53.0,-6.0,declining,C,0
7303a59d-cce5-4ff7-a697-fddfac2cd85d,1,Sociology,100,59.4,18.8,2.01,30.3,33.5,,60.4,0.0,stable,B,0
7303a59d-cce5-4ff7-a697-fddfac2cd85d,2,Sociology,100,65.9,15.1,1.9,29.6,30.0,60.4,57.3,-3.2,stable,C,0
057cf9f4-8865-4cdd-ab46-5f47e934700d,1,Biology,100,81.0,22.9,2.27,34.8,42.7,,76.1,0.0,stable,A,0
057cf9f4-8865-4cdd-ab46-5f47e934700d,2,Biology,100,91.1,7.8,2.08,35.5,50.7,76.1,88.4,12.3,improving,A,0
acf1b646-c639-4df0-8054-ec419dad6e55,1,Sociology,200,53.9,8.9,3.78,33.7,41.2,,73.2,0.0,stable,A,0
acf1b646-c639-4df0-8054-ec419dad6e55,2,Sociology,200,99.7,11.6,2.52,31.1,26.4,73.2,65.9,-7.2,declining,B,0
a1e590a4-aa1c-4bee-b031-cb213fd23cd5,1,Business Administration,200,96.3,8.7,4.39,36.9,44.7,,79.5,0.0,stable,A,0
a1e590a4-aa1c-4bee-b031-cb213fd23cd5,2,Business Administration,200,67.3,11.8,1.43,26.0,36.3,79.5,66.3,-13.2,declining,B,0
069c3c8d-b818-4dd2-9976-16b9a0737a19,1,Biochemistry,200,65.8,16.1,1.35,34.0,30.2,,64.5,0.0,stable,B,0
069c3c8d-b818-4dd2-9976-16b9a0737a19,2,Biochemistry,200,81.1,13.1,2.91,25.0,31.3,64.5,59.3,-5.3,declining,C,0
cf52a5cd-f9fb-42a8-b225-45bdd9310ef9,1,Law,400,66.0,11.5,1.81,32.5,23.6,,58.9,0.0,stable,C,0
cf52a5cd-f9fb-42a8-b225-45bdd9310ef9,2,Law,400,59.1,17.1,3.01,24.0,59.2,58.9,83.0,24.2,improving,A,0
19fefad7-0efa-4b73-a90e-c7e4dba35def,1,Biology,100,69.6,16.5,1.82,16.3,52.0,,65.8,0.0,stable,B,0
19fefad7-0efa-4b73-a90e-c7e4dba35def,2,Biology,100,88.0,12.2,2.07,35.6,33.8,65.8,66.2,0.4,stable,B,0
6dd82a68-3b2b-479a-8568-fea3c39b254d,1,Psychology,300,59.2,3.3,3.32,22.2,33.7,,55.3,0.0,stable,C,0
6dd82a68-3b2b-479a-8568-fea3c39b254d,2,Psychology,300,60.9,4.4,5.0,26.9,56.4,55.3,86.8,31.5,improving,A,0
2e107570-b9df-46b7-a787-d0b7456ca80d,1,Psychology,100,70.2,12.9,3.12,38.3,48.8,,84.6,0.0,stable,A,0
2e107570-b9df-46b7-a787-d0b7456ca80d,2,Psychology,100,80.3,16.0,2.06,33.5,54.0,84.6,85.0,0.4,stable,A,0
f978b4d7-37e8-4f5f-b229-4dea1abb377f,1,Medicine,200,64.2,17.8,2.72,22.9,52.0,,76.6,0.0,stable,A,0
f978b4d7-37e8-4f5f-b229-4dea1abb377f,2,Medicine,200,76.4,17.6,3.96,29.9,60.0,76.6,94.6,18.0,improving,A,0
706cb038-e581-47d4-bf1d-86c10226c06a,1,Sociology,300,45.2,6.8,1.2,22.4,20.2,,40.2,0.0,stable,F,1
706cb038-e581-47d4-bf1d-86c10226c06a,2,Sociology,300,91.4,3.2,3.1,33.9,32.7,40.2,67.0,26.8,improving,B,0
3cd2ff38-4b38-4d0c-bcb3-959f3c41db1d,1,Sociology,200,41.5,8.0,4.23,17.3,55.8,,68.9,0.0,stable,B,1
3cd2ff38-4b38-4d0c-bcb3-959f3c41db1d,2,Sociology,200,52.1,7.2,3.9,22.7,41.4,68.9,64.3,-4.6,stable,B,0
f95708db-276f-4eeb-989c-f2e2b3227f93,1,Biochemistry,300,74.2,18.4,3.62,24.1,42.6,,72.0,0.0,stable,A,0
f95708db-276f-4eeb-989c-f2e2b3227f93,2,Biochemistry,300,79.8,4.5,1.85,35.4,38.9,72.0,71.6,-0.4,stable,A,0
f084110c-8457-4d3a-9e43-93e1fe9c3343,1,Medicine,300,86.2,20.0,4.17,40.0,53.2,,92.6,0.0,stable,A,0
f084110c-8457-4d3a-9e43-93e1fe9c3343,2,Medicine,300,69.0,11.9,2.3,27.0,50.9,92.6,73.0,-19.6,declining,A,0
147b1da2-bcaf-461e-9005-fc71bb8c22bf,1,Accounting,100,51.9,16.2,2.72,15.7,41.4,,56.5,0.0,stable,C,0
147b1da2-bcaf-461e-9005-fc71bb8c22bf,2,Accounting,100,68.5,15.4,1.93,28.8,37.8,56.5,66.7,10.2,improving,B,0
7ab0b06d-ca9e-457d-a744-8ece98f4e78c,1,Accounting,300,49.0,9.4,3.02,27.5,56.2,,86.1,0.0,stable,A,1
7ab0b06d-ca9e-457d-a744-8ece98f4e78c,2,Accounting,300,81.9,18.4,2.76,39.2,54.8,86.1,92.6,6.5,improving,A,0
902649c4-6188-48b4-84a8-50415ecea84f,1,Biochemistry,300,100.0,14.2,4.75,36.5,39.1,,73.3,0.0,stable,A,0
902649c4-6188-48b4-84a8-50415ecea84f,2,Biochemistry,300,69.7,9.1,4.02,28.8,23.4,73.3,52.9,-20.4,declining,C,0
fe42e0c0-4d82-4221-a28c-a8b8431381e3,1,Electrical Engineering,200,76.9,9.7,3.21,30.2,44.7,,76.5,0.0,stable,A,0
fe42e0c0-4d82-4221-a28c-a8b8431381e3,2,Electrical Engineering,200,80.5,5.5,4.7,23.3,37.0,76.5,57.1,-19.5,declining,C,0
97be671f-f091-4a0a-8a88-c24c384b95db,1,Computer Engineering,200,80.9,12.7,2.86,38.8,50.9,,88.7,0.0,stable,A,0
97be671f-f091-4a0a-8a88-c24c384b95db,2,Computer Engineering,200,87.1,19.8,3.88,31.7,31.0,88.7,63.7,-25.0,declining,B,0
ed8b5269-6250-47bf-8979-ba32bceceef0,1,Electrical Engineering,300,85.0,8.2,3.02,31.6,50.7,,87.9,0.0,stable,A,0
ed8b5269-6250-47bf-8979-ba32bceceef0,2,Electrical Engineering,300,92.6,11.6,3.92,36.8,40.4,87.9,83.4,-4.5,stable,A,0
12b53e8e-a3b2-4543-ba84-102d67cc11e7,1,Business Administration,300,63.9,15.0,3.67,26.3,48.7,,77.8,0.0,stable,A,0
12b53e8e-a3b2-4543-ba84-102d67cc11e7,2,Business Administration,300,78.7,14.4,3.08,34.7,39.1,77.8,72.9,-4.9,stable,A,0
c0e3458d-9f1f-4fc8-aec9-bec0d1872937,1,Political Science,300,75.3,17.9,1.6,25.5,60.0,,86.3,0.0,stable,A,0
c0e3458d-9f1f-4fc8-aec9-bec0d1872937,2,Political Science,300,68.9,16.0,2.37,18.3,44.7,86.3,60.8,-25.6,declining,B,0
41c3b84e-2929-44a9-9aec-437476cbc1bf,1,Political Science,100,76.5,13.6,3.11,21.8,41.2,,64.3,0.0,stable,B,0
41c3b84e-2929-44a9-9aec-437476cbc1bf,2,Political Science,100,54.0,4.4,2.14,29.5,12.5,64.3,44.5,-19.9,declining,F,1
d0582373-d246-4d71-ad95-95bcdebc4dd1,1,Sociology,200,80.9,10.7,1.82,27.2,44.1,,75.1,0.0,stable,A,0
d0582373-d246-4d71-ad95-95bcdebc4dd1,2,Sociology,200,59.5,17.7,3.55,26.9,37.4,75.1,62.5,-12.6,declining,B,0
2315a905-c914-44d1-84ab-e9e04e1ff5de,1,Sociology,100,100.0,12.9,4.06,36.2,37.8,,75.8,0.0,stable,A,0
2315a905-c914-44d1-84ab-e9e04e1ff5de,2,Sociology,100,100.0,8.8,3.73,36.0,24.2,75.8,55.8,-20.0,declining,C,0
a98dc906-c020-44de-95e0-2a9bd71813cd,1,Mechanical Engineering,200,68.2,13.7,3.7,20.8,48.7,,69.2,0.0,stable,B,0
a98dc906-c020-44de-95e0-2a9bd71813cd,2,Mechanical Engineering,200,75.0,14.9,4.4,31.5,30.9,69.2,61.9,-7.3,declining,B,0
8884f53b-592a-4fbf-9fcf-8e6bbcf86b9d,1,Mechanical Engineering,300,87.8,16.4,3.53,30.0,30.1,,61.9,0.0,stable,B,0
8884f53b-592a-4fbf-9fcf-8e6bbcf86b9d,2,Mechanical Engineering,300,56.8,15.5,3.55,24.0,42.0,61.9,66.6,4.8,stable,B,0
b80c27c6-d80f-4d10-bed1-9efd727f9d84,1,Accounting,200,65.8,5.1,2.97,28.5,48.2,,74.3,0.0,stable,A,0
b80c27c6-d80f-4d10-bed1-9efd727f9d84,2,Accounting,200,91.0,6.3,1.92,31.7,23.9,74.3,51.5,-22.8,declining,C,0
9a5bd727-6a58-4236-a539-25a3767a54d5,1,Law,300,100.0,9.7,4.85,30.0,24.6,,58.5,0.0,stable,C,0
9a5bd727-6a58-4236-a539-25a3767a54d5,2,Law,300,64.1,12.7,1.92,27.6,24.2,58.5,51.6,-6.9,declining,C,0
4e954c30-97a4-4855-be5c-6c8d619f269f,1,Medicine,300,67.9,13.2,3.5,29.8,45.9,,75.4,0.0,stable,A,0
4e954c30-97a4-4855-be5c-6c8d619f269f,2,Medicine,300,68.5,14.4,2.91,28.3,45.0,75.4,70.3,-5.1,declining,A,0
f8f98afa-f971-49f8-91e6-6e141fd4f7a2,1,Psychology,200,96.4,10.8,3.1,34.1,45.4,,80.5,0.0,stable,A,0
f8f98afa-f971-49f8-91e6-6e141fd4f7a2,2,Psychology,200,74.3,19.2,0.44,36.1,48.8,80.5,79.4,-1.1,stable,A,0
e820c50e-f04f-4c93-bf66-7e5e4beee630,1,Architecture,100,88.9,17.3,3.45,25.0,51.1,,79.1,0.0,stable,A,0
e820c50e-f04f-4c93-bf66-7e5e4beee630,2,Architecture,100,66.4,14.2,2.72,32.7,37.4,79.1,68.4,-10.7,declining,B,0
2370ea69-ddcf-4f6f-9393-7d3334fdd5ac,1,Architecture,100,74.4,5.3,2.89,31.7,43.3,,75.7,0.0,stable,A,0
2370ea69-ddcf-4f6f-9393-7d3334fdd5ac,2,Architecture,100,53.5,18.8,4.15,26.3,39.2,75.7,63.8,-11.8,declining,B,0
115624c1-05dc-43b4-8c21-e13eddeca88b,1,Accounting,300,71.9,13.4,2.76,25.1,50.3,,76.2,0.0,stable,A,0
115624c1-05dc-43b4-8c21-e13eddeca88b,2,Accounting,300,59.2,13.5,3.13,23.3,52.8,76.2,76.5,0.3,stable,A,0
764f5c8a-b43c-4ad7-b0b2-1563b25c43c3,1,Psychology,300,71.8,11.6,3.36,29.0,39.2,,71.4,0.0,stable,A,0
764f5c8a-b43c-4ad7-b0b2-1563b25c43c3,2,Psychology,300,53.7,5.7,3.62,37.8,45.1,71.4,88.5,17.2,improving,A,0
e1fdd0cd-3e75-4b2f-89f0-1b6c0bea823a,1,Psychology,100,68.5,8.8,3.37,33.5,24.9,,57.7,0.0,stable,C,0
e1fdd0cd-3e75-4b2f-89f0-1b6c0bea823a,2,Psychology,100,74.6,8.6,2.55,34.1,40.9,57.7,77.5,19.7,improving,A,0
a4f3eaf2-9778-4ca1-a713-733141679108,1,Architecture,200,80.1,7.6,3.34,26.3,34.0,,57.2,0.0,stable,C,0
a4f3eaf2-9778-4ca1-a713-733141679108,2,Architecture,200,65.8,12.5,2.63,23.8,50.5,57.2,73.9,16.8,improving,A,0
cb26dcc2-7b99-44b7-be8a-0bec7ccf6a52,1,Economics,100,67.1,6.6,1.5,27.3,18.9,,48.4,0.0,stable,D,0
cb26dcc2-7b99-44b7-be8a-0bec7ccf6a52,2,Economics,100,75.4,19.8,3.18,26.5,26.7,48.4,55.6,7.2,improving,C,0
b0e5a97b-cbce-48cf-bdfc-25c0e97bb61b,1,Accounting,300,55.5,10.0,4.34,29.2,44.7,,76.7,0.0,stable,A,0
b0e5a97b-cbce-48cf-bdfc-25c0e97bb61b,2,Accounting,300,88.6,19.9,2.52,30.8,35.0,76.7,65.8,-10.9,declining,B,0
1b978550-016c-41a0-86b5-2eb962e12a37,1,Law,300,73.0,3.2,2.48,36.8,34.7,,73.6,0.0,stable,A,0
1b978550-016c-41a0-86b5-2eb962e12a37,2,Law,300,73.2,2.6,2.9,34.8,20.8,73.6,57.9,-15.8,declining,C,0
9c29a4ae-b82c-4781-8511-062feaff1f42,1,Law,100,49.5,12.1,3.44,23.3,60.0,,81.9,0.0,stable,A,1
9c29a4ae-b82c-4781-8511-062feaff1f42,2,Law,100,66.3,13.0,2.4,21.1,28.1,81.9,51.4,-30.4,declining,C,0
a2e7c0f2-8631-48d0-a082-452571a8a05b,1,Accounting,100,70.4,20.5,2.65,32.6,50.1,,81.3,0.0,stable,A,0
a2e7c0f2-8631-48d0-a082-452571a8a05b,2,Accounting,100,61.8,3.3,3.44,33.4,18.4,81.3,50.6,-30.7,declining,C,0
1516fc61-ca1e-4f86-9c26-1e7281aace5c,1,Electrical Engineering,100,65.0,14.8,2.74,34.6,37.2,,68.1,0.0,stable,B,0
1516fc61-ca1e-4f86-9c26-1e7281aace5c,2,Electrical Engineering,100,68.0,10.2,3.42,26.7,43.5,68.1,67.9,-0.2,stable,B,0
38b4b1b9-35b2-4dc1-9405-21b7dfd69d28,1,Medicine,400,70.6,8.1,2.32,35.5,28.3,,62.7,0.0,stable,B,0
38b4b1b9-35b2-4dc1-9405-21b7dfd69d28,2,Medicine,400,90.7,15.8,4.31,35.5,38.9,62.7,80.6,17.9,improving,A,0
73e80060-a33f-48b2-ae15-e487dccea99c,1,Psychology,200,83.7,11.2,3.05,32.6,36.7,,65.3,0.0,stable,B,0
73e80060-a33f-48b2-ae15-e487dccea99c,2,Psychology,200,99.4,11.9,3.15,40.0,33.0,65.3,74.9,9.7,improving,A,0
4d616c1d-16da-49e1-a1fe-e91990d6cbd4,1,Electrical Engineering,200,63.1,13.6,3.16,31.6,53.1,,83.0,0.0,stable,A,0
4d616c1d-16da-49e1-a1fe-e91990d6cbd4,2,Electrical Engineering,200,96.3,19.4,2.8,34.2,39.5,83.0,72.8,-10.1,declining,A,0
53dd3dfa-5d13-4788-b60a-238dd446e379,1,Accounting,300,56.9,15.9,1.36,22.9,38.6,,65.4,0.0,stable,B,0
53dd3dfa-5d13-4788-b60a-238dd446e379,2,Accounting,300,66.8,14.1,2.94,33.1,44.7,65.4,80.3,14.9,improving,A,0
20c3d000-ac91-49ef-b683-884d8e42d0f6,1,Electrical Engineering,100,66.7,6.9,3.29,25.9,36.8,,63.7,0.0,stable,B,0
20c3d000-ac91-49ef-b683-884d8e42d0f6,2,Electrical Engineering,100,93.6,15.9,2.46,28.0,58.4,63.7,81.6,17.9,improving,A,0
fe502958-3634-4e75-b786-10d1f1a0ed43,1,Architecture,300,68.2,15.2,4.31,27.7,44.8,,69.8,0.0,stable,B,0
fe502958-3634-4e75-b786-10d1f1a0ed43,2,Architecture,300,76.9,6.2,2.4,34.2,29.9,69.8,66.9,-3.0,stable,B,0
a69aa846-acf3-456c-ab13-4a635bd63d8a,1,Sociology,100,72.7,5.2,3.93,23.0,30.5,,52.9,0.0,stable,C,0
a69aa846-acf3-456c-ab13-4a635bd63d8a,2,Sociology,100,90.1,9.4,2.26,33.8,34.1,52.9,66.5,13.6,improving,B,0
c69c6079-2621-4dd9-897b-36793fdeaaa7,1,Medicine,100,78.2,6.0,1.62,40.0,33.6,,74.1,0.0,stable,A,0
c69c6079-2621-4dd9-897b-36793fdeaaa7,2,Medicine,100,63.3,16.5,2.57,13.7,36.3,74.1,49.1,-24.9,declining,D,0
8d9a6c85-9ca3-416d-ab4d-2fca411d0cd1,1,Computer Science,200,72.4,11.0,2.48,25.8,34.8,,55.7,0.0,stable,C,0
8d9a6c85-9ca3-416d-ab4d-2fca411d0cd1,2,Computer Science,200,45.6,12.5,3.09,28.5,37.5,55.7,62.5,6.8,improving,B,1
2c5d744e-b96b-415b-a5ea-63c46fbe6122,1,Business Administration,100,45.9,7.5,3.34,31.4,37.6,,65.4,0.0,stable,B,1
2c5d744e-b96b-415b-a5ea-63c46fbe6122,2,Business Administration,100,61.8,7.8,2.68,33.0,47.9,65.4,80.3,15.0,improving,A,0
4703f657-6f66-4b53-9e95-94d0d629060c,1,Political Science,100,77.7,8.0,1.63,39.5,10.8,,44.7,0.0,stable,F,1
4703f657-6f66-4b53-9e95-94d0d629060c,2,Political Science,100,100.0,12.1,2.1,38.4,45.6,44.7,80.0,35.2,improving,A,0
c9953dd4-d0b9-43bb-b5f3-3c8272995aca,1,Psychology,100,67.0,16.4,2.35,29.8,55.6,,78.3,0.0,stable,A,0
c9953dd4-d0b9-43bb-b5f3-3c8272995aca,2,Psychology,100,69.9,13.3,1.57,26.3,48.1,78.3,72.3,-6.0,declining,A,0
1a251c35-339c-4e91-b9b6-836ffd48354e,1,Architecture,100,52.7,17.7,3.36,25.2,43.3,,71.6,0.0,stable,A,0
1a251c35-339c-4e91-b9b6-836ffd48354e,2,Architecture,100,79.4,15.2,2.45,21.3,47.0,71.6,71.6,-0.0,stable,A,0
ce6b705f-99da-44c7-9686-a9131861563b,1,Electrical Engineering,300,71.6,16.4,2.73,28.9,59.7,,87.7,0.0,stable,A,0
ce6b705f-99da-44c7-9686-a9131861563b,2,Electrical Engineering,300,69.7,2.7,3.55,25.4,35.5,87.7,59.9,-27.8,declining,C,0
c8a3234b-3e73-459f-a450-b32deadcd0ac,1,Law,400,68.3,11.4,2.97,34.5,54.3,,90.8,0.0,stable,A,0
c8a3234b-3e73-459f-a450-b32deadcd0ac,2,Law,400,94.1,16.3,3.4,40.0,30.3,90.8,68.3,-22.5,declining,B,0
ec4e102a-faa6-4926-988e-a400181f0c39,1,Law,400,62.7,10.5,3.55,22.0,44.6,,64.8,0.0,stable,B,0
ec4e102a-faa6-4926-988e-a400181f0c39,2,Law,400,69.8,13.0,4.34,25.4,42.2,64.8,64.3,-0.5,stable,B,0
01fde2d8-f10a-406b-90b3-d1ac3af8b13d,1,Architecture,400,64.2,6.6,3.2,30.0,43.0,,70.6,0.0,stable,A,0
01fde2d8-f10a-406b-90b3-d1ac3af8b13d,2,Architecture,400,82.6,12.6,2.95,25.3,41.4,70.6,67.3,-3.4,stable,B,0
db90d2eb-7dc0-4236-a42f-2c392608749e,1,Computer Science,100,76.5,14.0,3.56,24.8,39.9,,66.3,0.0,stable,B,0
db90d2eb-7dc0-4236-a42f-2c392608749e,2,Computer Science,100,71.0,16.8,3.07,19.4,51.5,66.3,70.6,4.3,stable,A,0
05c2de7e-ebad-449b-bf49-4dbfb87f93e3,1,Economics,100,48.5,10.7,1.99,28.5,36.3,,62.0,0.0,stable,B,1
05c2de7e-ebad-449b-bf49-4dbfb87f93e3,2,Economics,100,87.2,14.3,2.81,26.2,32.4,62.0,56.0,-5.9,declining,C,0
097e5747-4ac7-4c2c-8582-c6823fcfe657,1,Biology,200,86.2,3.6,2.96,31.0,43.8,,75.5,0.0,stable,A,0
097e5747-4ac7-4c2c-8582-c6823fcfe657,2,Biology,200,83.0,9.4,2.02,30.0,43.5,75.5,75.8,0.3,stable,A,0
608e2103-0e23-459b-9215-87d0ae5fb2ac,1,Computer Science,200,68.5,7.7,2.15,28.0,36.2,,68.6,0.0,stable,B,0
608e2103-0e23-459b-9215-87d0ae5fb2ac,2,Computer Science,200,76.8,15.1,2.38,30.6,41.9,68.6,72.1,3.5,stable,A,0
3b8d3f0b-a7ab-49d0-aa43-d93d16233df0,1,Political Science,300,74.7,12.6,3.38,35.8,18.1,,57.3,0.0,stable,C,0
3b8d3f0b-a7ab-49d0-aa43-d93d16233df0,2,Political Science,300,49.3,13.5,4.88,24.7,46.2,57.3,70.0,12.7,improving,B,1
8531e2dd-d345-4414-97cb-de2005c738f6,1,Mechanical Engineering,100,85.0,13.8,2.46,31.4,28.6,,59.7,0.0,stable,C,0
8531e2dd-d345-4414-97cb-de2005c738f6,2,Mechanical Engineering,100,68.7,12.7,2.43,27.7,39.0,59.7,66.9,7.2,improving,B,0
51ff5178-a8b7-47a1-933c-b0bf9f5521af,1,Sociology,100,79.1,11.1,2.37,31.2,35.9,,70.2,0.0,stable,A,0
51ff5178-a8b7-47a1-933c-b0bf9f5521af,2,Sociology,100,92.3,5.1,3.49,37.5,22.2,70.2,61.5,-8.7,declining,B,0
d54d241a-b5be-4766-87df-bfd882e772fa,1,Sociology,300,88.4,7.3,2.81,33.6,41.5,,72.2,0.0,stable,A,0
d54d241a-b5be-4766-87df-bfd882e772fa,2,Sociology,300,92.4,1.9,4.06,36.2,28.2,72.2,67.0,-5.1,declining,B,0
16e21100-58d4-400b-a496-c33dd2ad3d58,1,Mechanical Engineering,100,59.3,12.6,3.19,28.0,32.0,,58.5,0.0,stable,C,0
16e21100-58d4-400b-a496-c33dd2ad3d58,2,Mechanical Engineering,100,76.9,8.4,3.22,27.3,47.4,58.5,79.4,20.9,improving,A,0
8977d72b-f476-4f8b-b0d5-e08324e447fb,1,Biology,200,70.5,16.6,2.83,24.4,38.3,,62.9,0.0,stable,B,0
8977d72b-f476-4f8b-b0d5-e08324e447fb,2,Biology,200,48.2,15.1,3.07,29.6,48.0,62.9,78.0,15.1,improving,A,1
36d3fec9-60c8-4c6b-83c0-e50c4346742c,1,Business Administration,100,69.7,19.6,4.74,27.2,58.9,,84.0,0.0,stable,A,0
36d3fec9-60c8-4c6b-83c0-e50c4346742c,2,Business Administration,100,66.2,10.1,3.55,22.9,54.8,84.0,80.5,-3.6,stable,A,0
b5a69aca-e966-4be3-806b-4ac3d8461838,1,Computer Engineering,200,84.9,10.5,3.66,17.4,44.3,,62.1,0.0,stable,B,0
b5a69aca-e966-4be3-806b-4ac3d8461838,2,Computer Engineering,200,46.7,14.0,3.47,15.1,30.1,62.1,51.4,-10.8,declining,C,1
e21b104f-d8ec-4331-8982-54ca3270eb5e,1,Economics,300,72.2,16.9,3.9,31.4,55.0,,80.1,0.0,stable,A,0
e21b104f-d8ec-4331-8982-54ca3270eb5e,2,Economics,300,71.5,0.0,1.6,26.6,21.6,80.1,48.3,-31.8,declining,D,0
e525f7ac-0b1f-457c-b2d3-715b6f70b47b,1,Business Administration,100,74.7,12.7,3.14,31.6,30.7,,60.2,0.0,stable,B,0
e525f7ac-0b1f-457c-b2d3-715b6f70b47b,2,Business Administration,100,74.4,11.9,2.13,35.3,45.0,60.2,77.7,17.6,improving,A,0
2a067217-bc22-42a6-ade1-f89b148c1015,1,Computer Engineering,100,71.9,22.0,3.13,31.4,40.9,,71.3,0.0,stable,A,0
2a067217-bc22-42a6-ade1-f89b148c1015,2,Computer Engineering,100,97.7,12.6,2.94,34.6,60.0,71.3,94.7,23.4,improving,A,0
02c814dc-a3eb-4ecf-9d25-0603371445e8,1,Business Administration,200,62.5,8.7,3.62,20.4,43.0,,61.2,0.0,stable,B,0
02c814dc-a3eb-4ecf-9d25-0603371445e8,2,Business Administration,200,47.1,7.1,3.02,31.4,45.2,61.2,75.8,14.6,improving,A,1
4cd91234-4787-4069-beb4-5ca6ae19fc28,1,Architecture,300,89.6,10.2,1.83,33.0,20.9,,56.3,0.0,stable,C,0
4cd91234-4787-4069-beb4-5ca6ae19fc28,2,Architecture,300,87.1,7.6,3.12,33.1,45.4,56.3,74.7,18.5,improving,A,0
0d7aac05-78b1-4ef3-ae1c-88213f1c6ad3,1,Law,200,84.0,5.4,3.62,37.1,29.4,,70.2,0.0,stable,A,0
0d7aac05-78b1-4ef3-ae1c-88213f1c6ad3,2,Law,200,51.4,17.5,4.15,27.0,43.8,70.2,71.8,1.6,stable,A,0
0167c68c-224e-444c-8eb2-7076a4847842,1,Medicine,400,65.9,25.1,2.53,34.8,40.6,,80.2,0.0,stable,A,0
0167c68c-224e-444c-8eb2-7076a4847842,2,Medicine,400,100.0,13.9,3.23,30.2,30.7,80.2,61.8,-18.4,declining,B,0
9bb68c92-499b-497f-903e-b4db326f8f5c,1,Medicine,200,96.9,9.3,4.77,31.3,43.4,,75.5,0.0,stable,A,0
9bb68c92-499b-497f-903e-b4db326f8f5c,2,Medicine,200,73.5,1.8,2.5,30.7,30.3,75.5,62.9,-12.5,declining,B,0
ac10d4dc-f745-4013-ba95-4a1ff831bd3e,1,Electrical Engineering,200,86.4,10.8,2.23,40.0,23.6,,61.8,0.0,stable,B,0
ac10d4dc-f745-4013-ba95-4a1ff831bd3e,2,Electrical Engineering,200,62.3,15.7,4.05,26.6,46.6,61.8,74.5,12.7,improving,A,0
cd931ada-ea57-4564-9c20-54aa42358dd3,1,Computer Science,100,100.0,3.1,3.6,36.9,30.7,,68.6,0.0,stable,B,0
cd931ada-ea57-4564-9c20-54aa42358dd3,2,Computer Science,100,86.1,14.9,4.73,32.9,45.4,68.6,77.7,9.1,improving,A,0
565d68e1-01ea-40ce-b3b8-66f80ced5ac9,1,Mechanical Engineering,300,83.3,11.8,3.01,31.7,38.1,,68.1,0.0,stable,B,0
565d68e1-01ea-40ce-b3b8-66f80ced5ac9,2,Mechanical Engineering,300,81.3,10.6,3.49,31.8,35.7,68.1,72.2,4.1,stable,A,0
2a94e38b-b7b3-4f38-b8bd-fc205c16b158,1,Electrical Engineering,100,73.5,15.1,2.44,19.6,35.0,,48.2,0.0,stable,D,0
2a94e38b-b7b3-4f38-b8bd-fc205c16b158,2,Electrical Engineering,100,71.4,19.3,2.28,18.8,58.4,48.2,75.7,27.5,improving,A,0
a4144f6a-ecd8-4af8-be7b-0873c0a15cba,1,Biology,100,74.8,15.9,3.42,33.7,52.2,,80.7,0.0,stable,A,0
a4144f6a-ecd8-4af8-be7b-0873c0a15cba,2,Biology,100,53.8,17.9,2.37,22.4,29.9,80.7,51.1,-29.6,declining,C,0
d314da0f-3105-4fce-a05a-2e97b21deda3,1,Psychology,300,69.8,7.3,2.16,30.5,26.5,,55.2,0.0,stable,C,0
d314da0f-3105-4fce-a05a-2e97b21deda3,2,Psychology,300,42.2,21.7,3.75,21.0,39.0,55.2,60.0,4.8,stable,B,1
fd14df2e-6703-4f59-a340-f0f1173282f8,1,Electrical Engineering,100,74.8,5.6,0.96,27.3,15.3,,43.1,0.0,stable,F,1
fd14df2e-6703-4f59-a340-f0f1173282f8,2,Electrical Engineering,100,77.7,7.1,2.57,39.3,43.0,43.1,81.0,37.9,improving,A,0
e5a1efac-f948-473b-aa22-802652cf06c1,1,Medicine,100,100.0,6.0,2.35,34.4,18.7,,58.5,0.0,stable,C,0
e5a1efac-f948-473b-aa22-802652cf06c1,2,Medicine,100,77.7,8.1,3.36,31.3,34.4,58.5,62.1,3.6,stable,B,0
831393eb-7136-4d9c-bf48-93519b4ffc08,1,Law,300,53.5,22.9,1.92,34.2,36.8,,73.3,0.0,stable,A,0
831393eb-7136-4d9c-bf48-93519b4ffc08,2,Law,300,82.0,15.3,3.59,23.3,36.4,73.3,55.6,-17.7,declining,C,0
80eb2e17-b961-4ab0-91d3-8404a04fceb8,1,Political Science,300,77.8,5.4,1.42,29.4,9.6,,39.7,0.0,stable,F,1
80eb2e17-b961-4ab0-91d3-8404a04fceb8,2,Political Science,300,56.1,7.8,1.18,34.5,18.3,39.7,51.7,11.9,improving,C,0
fcce13fa-eb37-430c-a4d4-9f07a6e000a6,1,Psychology,100,48.1,7.8,4.4,26.1,32.2,,58.2,0.0,stable,C,1
fcce13fa-eb37-430c-a4d4-9f07a6e000a6,2,Psychology,100,66.6,11.5,3.6,26.7,42.6,58.2,70.0,11.8,improving,A,0
a4dc5181-6681-49e7-bcfd-6cf60ea42bbe,1,Psychology,100,70.1,8.3,2.58,32.5,43.9,,73.0,0.0,stable,A,0
a4dc5181-6681-49e7-bcfd-6cf60ea42bbe,2,Psychology,100,71.1,8.2,3.64,26.9,60.0,73.0,87.5,14.5,improving,A,0
18892648-c645-41d8-8b9b-772d9ae88741,1,Sociology,100,92.7,6.9,3.01,36.6,25.6,,62.3,0.0,stable,B,0
18892648-c645-41d8-8b9b-772d9ae88741,2,Sociology,100,90.8,10.4,2.32,40.0,25.3,62.3,65.8,3.5,stable,B,0
58d2de4a-4622-4b7c-a2d4-cdd02006dd59,1,Sociology,100,64.4,7.3,3.59,26.8,41.5,,61.6,0.0,stable,B,0
58d2de4a-4622-4b7c-a2d4-cdd02006dd59,2,Sociology,100,82.5,8.4,1.5,40.0,40.0,61.6,80.7,19.1,improving,A,0
5076d5a4-d3ce-4f77-aeb7-d3f77b9ab2b0,1,Computer Science,300,93.7,13.2,2.36,32.9,32.4,,63.8,0.0,stable,B,0
5076d5a4-d3ce-4f77-aeb7-d3f77b9ab2b0,2,Computer Science,300,56.1,7.1,3.72,27.9,32.5,63.8,57.3,-6.5,declining,C,0
2c8735b7-08c1-440e-9253-2f07c6825a1a,1,Computer Engineering,200,68.9,3.6,3.1,33.5,57.4,,87.6,0.0,stable,A,0
2c8735b7-08c1-440e-9253-2f07c6825a1a,2,Computer Engineering,200,88.6,8.5,2.1,27.1,36.6,87.6,60.9,-26.7,declining,B,0
f1c24841-5aab-48de-b3cf-4f2403b128fc,1,Architecture,400,65.9,9.8,2.41,24.1,12.5,,36.9,0.0,stable,F,1
f1c24841-5aab-48de-b3cf-4f2403b128fc,2,Architecture,400,76.0,8.0,3.29,37.2,37.5,36.9,78.7,41.8,improving,A,0
ab81cfab-0691-405c-bd00-f8663a1ee6a7,1,Computer Engineering,300,100.0,24.7,2.05,29.1,42.3,,71.7,0.0,stable,A,0
ab81cfab-0691-405c-bd00-f8663a1ee6a7,2,Computer Engineering,300,98.8,15.1,2.04,31.7,39.5,71.7,66.7,-5.0,declining,B,0
73194802-72f2-4cdd-b81a-ec6714c70cc7,1,Business Administration,200,75.2,6.1,1.68,25.3,36.8,,63.3,0.0,stable,B,0
73194802-72f2-4cdd-b81a-ec6714c70cc7,2,Business Administration,200,76.4,17.0,3.71,31.3,45.2,63.3,76.9,13.6,improving,A,0
6f82da46-b1c9-4193-87d2-85f3e20d019b,1,Biology,100,72.8,1.1,3.91,31.5,21.5,,57.3,0.0,stable,C,0
6f82da46-b1c9-4193-87d2-85f3e20d019b,2,Biology,100,66.2,11.5,3.82,29.3,54.2,57.3,82.5,25.2,improving,A,0
f8d778e9-3f74-45e6-93e8-a65bce5475e9,1,Mechanical Engineering,300,100.0,8.1,4.05,23.7,27.9,,52.5,0.0,stable,C,0
f8d778e9-3f74-45e6-93e8-a65bce5475e9,2,Mechanical Engineering,300,69.0,11.6,3.03,22.8,28.2,52.5,51.8,-0.7,stable,C,0
bcb13c4f-448f-4e06-8a27-9248e2964551,1,Sociology,300,65.0,18.7,2.85,31.6,48.5,,78.3,0.0,stable,A,0
bcb13c4f-448f-4e06-8a27-9248e2964551,2,Sociology,300,45.3,17.9,2.22,22.0,40.7,78.3,62.6,-15.7,declining,B,1
48f7c796-4b95-4edc-8519-0ec76d6cb05d,1,Computer Science,200,89.4,12.0,2.9,38.0,45.4,,81.2,0.0,stable,A,0
48f7c796-4b95-4edc-8519-0ec76d6cb05d,2,Computer Science,200,57.8,7.9,2.96,20.3,37.5,81.2,57.4,-23.8,declining,C,0
4c8a2960-8cf0-4899-b162-0e88aeecb795,1,Law,100,36.9,5.0,0.69,20.7,40.7,,55.7,0.0,stable,C,1
4c8a2960-8cf0-4899-b162-0e88aeecb795,2,Law,100,55.2,11.2,2.15,20.7,42.7,55.7,61.9,6.3,improving,B,0
07bfced2-a31a-4b90-8fa0-0f55c2bf5278,1,Sociology,300,52.7,1.6,4.77,31.2,31.1,,62.6,0.0,stable,B,0
07bfced2-a31a-4b90-8fa0-0f55c2bf5278,2,Sociology,300,67.7,14.6,2.32,25.8,44.6,62.6,74.8,12.2,improving,A,0
83c931c0-8274-472d-8ff1-92ae0e89a6ee,1,Business Administration,300,86.1,18.2,2.75,29.1,24.1,,53.4,0.0,stable,C,0
83c931c0-8274-472d-8ff1-92ae0e89a6ee,2,Business Administration,300,80.7,10.5,2.38,37.4,43.6,53.4,84.9,31.4,improving,A,0
f8ee0094-34cf-43f9-9340-850bf2c02c22,1,Psychology,300,60.7,8.5,3.96,26.9,33.3,,58.7,0.0,stable,C,0
f8ee0094-34cf-43f9-9340-850bf2c02c22,2,Psychology,300,74.8,17.0,2.87,33.9,47.6,58.7,78.9,20.2,improving,A,0
e97143a2-1083-4d42-b90c-85dcad39e58f,1,Electrical Engineering,200,61.8,9.7,1.93,24.8,51.0,,75.7,0.0,stable,A,0
e97143a2-1083-4d42-b90c-85dcad39e58f,2,Electrical Engineering,200,63.5,21.6,2.26,22.9,57.2,75.7,82.1,6.4,improving,A,0
9527f883-f9a4-4533-8579-9e0fe06fd8ec,1,Accounting,100,73.0,16.2,3.24,23.7,19.0,,41.0,0.0,stable,F,1
9527f883-f9a4-4533-8579-9e0fe06fd8ec,2,Accounting,100,91.3,9.9,3.37,34.2,21.8,41.0,54.8,13.8,improving,C,0
4b5c5dfb-3799-4f02-bb41-9c674c85ffba,1,Economics,300,80.4,8.1,2.71,33.0,36.9,,73.1,0.0,stable,A,0
4b5c5dfb-3799-4f02-bb41-9c674c85ffba,2,Economics,300,80.8,7.2,2.62,31.3,48.8,73.1,78.6,5.5,improving,A,0
313252bf-e9e1-49d7-a34b-f72b7fe4f2e0,1,Psychology,100,49.0,14.2,2.4,18.4,40.1,,61.4,0.0,stable,B,1
313252bf-e9e1-49d7-a34b-f72b7fe4f2e0,2,Psychology,100,66.4,14.5,3.55,32.2,35.1,61.4,64.0,2.6,stable,B,0
4f28e8c6-5ce8-4b08-a1b8-92aa3b068427,1,Business Administration,100,60.2,16.0,3.53,22.3,60.0,,79.0,0.0,stable,A,0
4f28e8c6-5ce8-4b08-a1b8-92aa3b068427,2,Business Administration,100,90.0,19.6,3.09,29.1,37.7,79.0,66.1,-13.0,declining,B,0
d1d110a2-ff60-42e9-a464-e8ed506c74eb,1,Political Science,100,91.2,6.0,1.53,35.1,38.2,,79.1,0.0,stable,A,0
d1d110a2-ff60-42e9-a464-e8ed506c74eb,2,Political Science,100,54.3,11.3,3.93,26.5,39.0,79.1,67.8,-11.3,declining,B,0
ad10b087-5160-4d2c-bd69-66d132671cf1,1,Architecture,200,66.0,16.3,2.0,20.6,37.9,,50.8,0.0,stable,C,0
ad10b087-5160-4d2c-bd69-66d132671cf1,2,Architecture,200,76.3,3.3,3.23,31.2,33.2,50.8,65.6,14.9,improving,B,0
bdfbaf4b-b221-4ee8-a636-4f433c73ed4a,1,Psychology,100,78.1,10.5,4.46,32.6,49.2,,85.0,0.0,stable,A,0
bdfbaf4b-b221-4ee8-a636-4f433c73ed4a,2,Psychology,100,85.0,22.3,3.13,32.0,40.7,85.0,71.9,-13.1,declining,A,0
8de4525c-c907-4f5b-a6cb-26756994f30c,1,Political Science,200,64.0,15.4,2.27,28.2,46.1,,74.8,0.0,stable,A,0
8de4525c-c907-4f5b-a6cb-26756994f30c,2,Political Science,200,61.6,15.5,2.93,12.9,32.1,74.8,49.2,-25.5,declining,D,0
3c55842f-42cf-41e8-a402-a24759d1576a,1,Accounting,300,97.3,14.6,3.63,30.6,40.1,,74.4,0.0,stable,A,0
3c55842f-42cf-41e8-a402-a24759d1576a,2,Accounting,300,81.4,12.3,2.85,37.2,50.7,74.4,89.8,15.5,improving,A,0
526cfe18-af27-4d32-8d69-19ce1fb8fe98,1,Mechanical Engineering,200,76.0,10.2,3.55,24.7,30.5,,50.8,0.0,stable,C,0
526cfe18-af27-4d32-8d69-19ce1fb8fe98,2,Mechanical Engineering,200,93.5,8.4,3.32,33.1,60.0,50.8,94.4,43.6,improving,A,0
5edf86a5-f893-4cbf-bc6a-1f2f9cf34dd5,1,Biology,200,47.1,17.9,2.69,23.4,36.4,,60.4,0.0,stable,B,1
5edf86a5-f893-4cbf-bc6a-1f2f9cf34dd5,2,Biology,200,77.7,8.8,2.59,31.1,13.0,60.4,39.8,-20.7,declining,F,1
5be67dd5-c532-476c-848a-b7bc5038ccfb,1,Business Administration,100,100.0,13.6,2.58,26.5,39.3,,68.8,0.0,stable,B,0
5be67dd5-c532-476c-848a-b7bc5038ccfb,2,Business Administration,100,100.0,21.5,2.29,32.5,30.2,68.8,60.2,-8.6,declining,B,0
2345e9c8-bbbb-4bba-92bf-eaa4dd3606d4,1,Computer Science,300,71.8,10.2,4.64,22.8,41.1,,57.7,0.0,stable,C,0
2345e9c8-bbbb-4bba-92bf-eaa4dd3606d4,2,Computer Science,300,80.0,5.3,3.88,29.5,22.5,57.7,45.8,-11.9,declining,D,0
7ad1bd42-76ed-442f-9156-1a091385baf3,1,Architecture,200,60.3,13.2,3.34,24.6,50.4,,71.5,0.0,stable,A,0
7ad1bd42-76ed-442f-9156-1a091385baf3,2,Architecture,200,31.1,13.4,4.03,27.7,29.6,71.5,55.7,-15.8,declining,C,1
748995be-4ca1-48c9-adf0-7542e13c1a19,1,Biology,200,85.9,8.9,3.08,28.6,26.6,,52.5,0.0,stable,C,0
748995be-4ca1-48c9-adf0-7542e13c1a19,2,Biology,200,89.3,12.1,4.02,35.5,57.7,52.5,95.6,43.1,improving,A,0
2c1496cc-dd0f-40d1-854b-39074b028c45,1,Medicine,200,86.4,11.4,5.0,32.8,23.4,,57.1,0.0,stable,C,0
2c1496cc-dd0f-40d1-854b-39074b028c45,2,Medicine,200,60.3,17.1,3.58,26.1,35.5,57.1,62.0,5.0,stable,B,0
db38011b-2528-47dc-a1da-a56ec7c2207d,1,Computer Science,100,65.4,15.9,3.44,40.0,38.8,,77.9,0.0,stable,A,0
db38011b-2528-47dc-a1da-a56ec7c2207d,2,Computer Science,100,72.7,11.4,3.82,28.2,60.0,77.9,89.9,12.0,improving,A,0
f99b0d9f-50b4-4887-abe6-d6133bcb7fc0,1,Sociology,100,67.7,8.3,3.83,28.7,38.7,,65.6,0.0,stable,B,0
f99b0d9f-50b4-4887-abe6-d6133bcb7fc0,2,Sociology,100,74.1,8.8,4.09,33.4,37.7,65.6,70.6,5.0,stable,A,0
34391be3-2410-41ca-9134-aa4a05533fd4,1,Biochemistry,100,76.4,12.0,2.23,20.8,30.0,,50.4,0.0,stable,C,0
34391be3-2410-41ca-9134-aa4a05533fd4,2,Biochemistry,100,63.9,16.1,2.82,37.2,36.5,50.4,74.1,23.7,improving,A,0
07dac02e-9ec1-47a5-b7f7-0a48f0575026,1,Accounting,300,70.7,14.2,3.85,32.2,22.5,,56.2,0.0,stable,C,0
07dac02e-9ec1-47a5-b7f7-0a48f0575026,2,Accounting,300,59.8,10.5,3.55,21.4,51.1,56.2,71.4,15.2,improving,A,0
ea3fa3e8-0416-4a86-9931-283d4fe4035a,1,Sociology,200,100.0,12.3,4.36,40.0,36.4,,72.5,0.0,stable,A,0
ea3fa3e8-0416-4a86-9931-283d4fe4035a,2,Sociology,200,76.7,9.1,4.26,29.1,37.0,72.5,61.9,-10.6,declining,B,0
2ad21654-6139-4ec8-90f0-89005ae18fde,1,Electrical Engineering,100,81.3,6.1,3.35,34.2,28.6,,65.6,0.0,stable,B,0
2ad21654-6139-4ec8-90f0-89005ae18fde,2,Electrical Engineering,100,70.9,4.6,4.24,24.6,41.9,65.6,67.7,2.1,stable,B,0
56c0c467-c5f6-4f01-85a0-d52ed55e1994,1,Political Science,300,80.8,13.9,2.22,39.6,48.9,,90.0,0.0,stable,A,0
56c0c467-c5f6-4f01-85a0-d52ed55e1994,2,Political Science,300,55.0,7.1,3.53,16.0,40.5,90.0,52.5,-37.5,declining,C,0
e47e80cf-4be7-4e5e-83f2-a5f24f08e63c,1,Computer Engineering,300,62.0,4.9,3.2,33.0,38.4,,72.8,0.0,stable,A,0
e47e80cf-4be7-4e5e-83f2-a5f24f08e63c,2,Computer Engineering,300,77.5,15.4,3.37,16.9,51.8,72.8,71.2,-1.6,stable,A,0
f75d6cb8-4812-4815-bc28-9391c77e2a88,1,Biology,100,69.6,2.1,3.19,30.5,28.5,,59.6,0.0,stable,C,0
f75d6cb8-4812-4815-bc28-9391c77e2a88,2,Biology,100,91.1,24.0,3.12,34.9,40.1,59.6,73.5,13.9,improving,A,0
3aeae9c1-c42c-4f89-8add-31853efad6b5,1,Biochemistry,200,73.0,17.9,3.66,39.2,30.2,,65.5,0.0,stable,B,0
3aeae9c1-c42c-4f89-8add-31853efad6b5,2,Biochemistry,200,91.5,19.2,3.03,11.0,37.4,65.5,49.3,-16.1,declining,D,0
d09b10c5-5a1b-465c-882e-2de0205202fd,1,Sociology,100,61.5,12.9,4.52,34.4,51.4,,85.6,0.0,stable,A,0
d09b10c5-5a1b-465c-882e-2de0205202fd,2,Sociology,100,67.6,15.8,3.02,28.8,26.8,85.6,53.5,-32.1,declining,C,0
6f8f94b6-0c20-4e0e-b6b2-893a2f047c1e,1,Architecture,300,86.3,6.5,3.21,34.3,40.8,,76.8,0.0,stable,A,0
6f8f94b6-0c20-4e0e-b6b2-893a2f047c1e,2,Architecture,300,84.4,8.9,1.83,27.5,42.3,76.8,66.2,-10.6,declining,B,0
824b2c7a-3e61-4d89-9599-fe6acdad0ccb,1,Business Administration,200,59.4,6.8,1.52,21.1,42.9,,61.9,0.0,stable,B,0
824b2c7a-3e61-4d89-9599-fe6acdad0ccb,2,Business Administration,200,48.8,9.4,3.41,15.6,48.1,61.9,59.4,-2.5,stable,C,1
5b286926-5fc9-4fe1-aa4f-31bcf7943f58,1,Computer Science,100,69.1,10.0,2.55,28.5,45.0,,73.4,0.0,stable,A,0
5b286926-5fc9-4fe1-aa4f-31bcf7943f58,2,Computer Science,100,65.9,14.3,3.17,24.8,42.0,73.4,64.5,-8.8,declining,B,0
8ead1a05-5c7c-47fd-bcde-b10886ea3e51,1,Accounting,100,62.0,16.0,3.36,31.3,49.5,,78.1,0.0,stable,A,0
8ead1a05-5c7c-47fd-bcde-b10886ea3e51,2,Accounting,100,90.0,10.5,3.74,32.4,43.1,78.1,76.5,-1.6,stable,A,0
e822bb98-45ee-4f0b-b138-1f087b2dbf79,1,Accounting,100,87.2,3.8,1.74,35.8,34.8,,68.2,0.0,stable,B,0
e822bb98-45ee-4f0b-b138-1f087b2dbf79,2,Accounting,100,80.5,5.0,5.0,37.7,44.8,68.2,82.6,14.4,improving,A,0
ea9db714-9bcf-4149-885f-789a6e35c34a,1,Accounting,200,65.7,5.4,2.91,23.8,26.7,,46.3,0.0,stable,D,0
ea9db714-9bcf-4149-885f-789a6e35c34a,2,Accounting,200,78.7,10.1,3.43,33.0,41.4,46.3,82.4,36.1,improving,A,0
38589fe7-3d35-442f-aaac-3dc917fb4cba,1,Medicine,300,87.4,5.7,3.37,32.2,22.4,,50.3,0.0,stable,C,0
38589fe7-3d35-442f-aaac-3dc917fb4cba,2,Medicine,300,81.8,15.5,2.16,36.2,43.2,50.3,83.0,32.7,improving,A,0
5ddb8e58-e0f8-405b-b732-651638660c2b,1,Law,100,91.3,11.2,4.31,27.6,60.0,,85.0,0.0,stable,A,0
5ddb8e58-e0f8-405b-b732-651638660c2b,2,Law,100,74.3,9.2,2.7,40.0,32.3,85.0,74.9,-10.1,declining,A,0
71874e0e-52f1-4711-b5e8-c7f64c008ed4,1,Computer Engineering,100,71.5,16.7,2.56,30.6,48.3,,76.7,0.0,stable,A,0
71874e0e-52f1-4711-b5e8-c7f64c008ed4,2,Computer Engineering,100,100.0,15.4,2.82,31.5,42.6,76.7,70.4,-6.3,declining,A,0
aabff0e6-8b72-4cee-898e-a7cde385fe74,1,Computer Science,100,100.0,14.2,2.93,40.0,33.8,,70.3,0.0,stable,A,0
aabff0e6-8b72-4cee-898e-a7cde385fe74,2,Computer Science,100,73.0,12.6,3.42,22.2,36.3,70.3,49.3,-21.0,declining,D,0
d29e75a1-0102-48e9-bcac-0aad1bc463fc,1,Sociology,300,57.3,15.6,3.77,20.7,40.4,,61.2,0.0,stable,B,0
d29e75a1-0102-48e9-bcac-0aad1bc463fc,2,Sociology,300,91.2,19.6,3.12,31.9,30.8,61.2,63.1,1.9,stable,B,0
9299b095-ea05-49ce-9d64-c86db5663d66,1,Electrical Engineering,200,100.0,18.5,3.14,36.5,37.6,,73.0,0.0,stable,A,0
9299b095-ea05-49ce-9d64-c86db5663d66,2,Electrical Engineering,200,77.2,12.8,3.81,35.3,46.9,73.0,79.2,6.2,improving,A,0
34b04cbc-26b7-46b1-8d72-72529340b84f,1,Medicine,400,60.6,7.6,3.19,17.0,36.7,,57.9,0.0,stable,C,0
34b04cbc-26b7-46b1-8d72-72529340b84f,2,Medicine,400,85.0,10.2,2.44,36.0,40.3,57.9,75.6,17.6,improving,A,0
361170fd-948f-4ea6-9c75-b25e3433c946,1,Psychology,200,66.2,12.4,2.76,32.2,51.8,,79.8,0.0,stable,A,0
361170fd-948f-4ea6-9c75-b25e3433c946,2,Psychology,200,56.6,18.7,3.13,20.7,54.5,79.8,76.2,-3.7,stable,A,0
ac8f81c1-9975-40c5-b02b-d9b2e3478c52,1,Biochemistry,300,100.0,10.8,3.89,27.8,54.5,,85.1,0.0,stable,A,0
ac8f81c1-9975-40c5-b02b-d9b2e3478c52,2,Biochemistry,300,99.1,17.6,2.92,29.0,37.4,85.1,61.0,-24.0,declining,B,0
695ffde4-c4a9-49aa-984b-8688cd307f29,1,Computer Engineering,200,61.2,14.1,2.96,26.1,33.1,,53.9,0.0,stable,C,0
695ffde4-c4a9-49aa-984b-8688cd307f29,2,Computer Engineering,200,77.7,13.9,2.21,27.9,54.8,53.9,86.1,32.2,improving,A,0
f055987c-830f-4e3c-ab47-510a52d3ba6e,1,Accounting,200,52.7,11.6,4.16,24.5,38.9,,66.7,0.0,stable,B,0
f055987c-830f-4e3c-ab47-510a52d3ba6e,2,Accounting,200,89.8,16.7,2.79,36.3,57.4,66.7,93.6,26.9,improving,A,0
e45f9fb0-3e7d-4941-a031-57199a50da99,1,Electrical Engineering,100,68.9,18.2,4.64,39.4,43.5,,82.0,0.0,stable,A,0
e45f9fb0-3e7d-4941-a031-57199a50da99,2,Electrical Engineering,100,59.6,12.6,2.14,24.3,45.3,82.0,70.7,-11.3,declining,A,0
a3503174-da1a-43fe-afec-ba79d81a4bde,1,Law,400,47.8,19.9,2.13,19.8,31.1,,48.8,0.0,stable,D,1
a3503174-da1a-43fe-afec-ba79d81a4bde,2,Law,400,61.5,7.6,1.03,28.0,34.8,48.8,69.5,20.7,improving,B,0
e84dfb98-2d85-41f0-ab6f-4932b22ca45f,1,Architecture,300,82.3,9.5,2.04,31.0,40.4,,69.8,0.0,stable,B,0
e84dfb98-2d85-41f0-ab6f-4932b22ca45f,2,Architecture,300,75.9,21.5,2.69,20.7,54.5,69.8,76.2,6.3,improving,A,0
5ce2f559-8a3d-4b96-a408-aa0ba3b4a067,1,Accounting,200,49.4,14.1,2.2,27.1,58.6,,85.1,0.0,stable,A,1
5ce2f559-8a3d-4b96-a408-aa0ba3b4a067,2,Accounting,200,91.2,5.9,1.78,40.0,35.8,85.1,77.7,-7.4,declining,A,0
45277b9c-e070-4aeb-b5fe-38b1a874ff20,1,Biology,200,92.3,9.4,3.66,36.8,26.1,,67.4,0.0,stable,B,0
45277b9c-e070-4aeb-b5fe-38b1a874ff20,2,Biology,200,94.6,5.6,3.16,32.8,49.5,67.4,78.0,10.6,improving,A,0
09bb868c-0710-4455-957e-c6f1da09568f,1,Political Science,200,100.0,11.1,3.59,40.0,38.2,,77.8,0.0,stable,A,0
09bb868c-0710-4455-957e-c6f1da09568f,2,Political Science,200,67.5,7.6,3.22,27.8,31.8,77.8,58.2,-19.6,declining,C,0
2ce9af3a-f426-41a2-86f7-bd99a5522b10,1,Sociology,100,83.6,8.0,2.8,36.2,38.8,,71.9,0.0,stable,A,0
2ce9af3a-f426-41a2-86f7-bd99a5522b10,2,Sociology,100,74.6,14.2,3.79,26.2,37.1,71.9,61.2,-10.7,declining,B,0
cf74b8e9-43da-4e5a-ac44-b76f7a650852,1,Computer Engineering,100,65.3,14.0,3.48,33.3,41.1,,70.2,0.0,stable,A,0
cf74b8e9-43da-4e5a-ac44-b76f7a650852,2,Computer Engineering,100,85.0,12.8,3.05,25.6,38.3,70.2,60.3,-9.9,declining,B,0
f8885159-5099-47d3-bc73-c644f8248534,1,Biology,300,82.2,9.9,2.58,23.8,47.5,,70.5,0.0,stable,A,0
f8885159-5099-47d3-bc73-c644f8248534,2,Biology,300,76.3,8.3,1.68,27.6,30.6,70.5,59.1,-11.4,declining,C,0
d97d4f60-4108-423d-a068-15ba5d74a699,1,Computer Science,100,69.7,8.4,1.8,29.2,26.6,,59.8,0.0,stable,C,0
d97d4f60-4108-423d-a068-15ba5d74a699,2,Computer Science,100,77.3,14.8,2.8,31.5,32.3,59.8,60.2,0.4,stable,B,0
df12fb0a-945a-4f15-b467-3b4b1074eb73,1,Computer Engineering,200,75.2,14.9,1.44,27.5,56.9,,85.9,0.0,stable,A,0
df12fb0a-945a-4f15-b467-3b4b1074eb73,2,Computer Engineering,200,98.1,8.8,2.63,39.4,42.8,85.9,82.0,-3.9,stable,A,0
8aae3379-2f12-4ac1-ad89-4c020d561fb9,1,Biochemistry,300,56.1,17.8,5.0,18.4,60.0,,76.9,0.0,stable,A,0
8aae3379-2f12-4ac1-ad89-4c020d561fb9,2,Biochemistry,300,70.0,13.3,2.04,28.8,22.5,76.9,52.7,-24.2,declining,C,0
35920403-4452-4282-998e-94884ef6534f,1,Architecture,400,100.0,8.8,2.87,34.4,46.9,,82.5,0.0,stable,A,0
35920403-4452-4282-998e-94884ef6534f,2,Architecture,400,88.8,9.5,3.35,15.9,45.1,82.5,57.4,-25.1,declining,C,0
6dd6a589-2422-4a5e-b06b-4c3357a3d842,1,Electrical Engineering,300,70.1,15.7,1.77,34.5,38.5,,77.4,0.0,stable,A,0
6dd6a589-2422-4a5e-b06b-4c3357a3d842,2,Electrical Engineering,300,61.5,2.9,2.98,30.2,39.8,77.4,66.6,-10.8,declining,B,0
5970ab70-b398-426c-96bf-3465034b0fc6,1,Law,300,50.6,10.4,3.41,27.5,55.0,,81.3,0.0,stable,A,0
5970ab70-b398-426c-96bf-3465034b0fc6,2,Law,300,47.3,18.0,3.16,25.9,51.8,81.3,81.5,0.2,stable,A,1
e4f087d6-74a5-460a-aa03-966717a1bd41,1,Psychology,100,74.7,17.9,3.44,26.7,42.3,,70.8,0.0,stable,A,0
e4f087d6-74a5-460a-aa03-966717a1bd41,2,Psychology,100,64.4,16.4,3.13,29.8,57.4,70.8,88.2,17.4,improving,A,0
af25ae34-a64c-4de1-bb87-15c6245c4465,1,Accounting,300,76.1,11.6,2.89,31.8,52.7,,82.6,0.0,stable,A,0
af25ae34-a64c-4de1-bb87-15c6245c4465,2,Accounting,300,64.7,18.4,2.55,29.0,37.3,82.6,61.3,-21.3,declining,B,0
cc286452-8f32-473f-8502-d269cccabbef,1,Biochemistry,300,78.0,17.6,2.95,23.2,44.5,,65.5,0.0,stable,B,0
cc286452-8f32-473f-8502-d269cccabbef,2,Biochemistry,300,35.7,11.6,3.41,28.0,57.7,65.5,87.7,22.2,improving,A,1
ed6b0a00-c907-4888-a759-9ba90dcc545e,1,Biochemistry,100,89.0,5.6,4.3,39.1,33.9,,75.1,0.0,stable,A,0
ed6b0a00-c907-4888-a759-9ba90dcc545e,2,Biochemistry,100,83.7,19.4,2.88,28.0,39.7,75.1,70.4,-4.7,stable,A,0
46c90a79-0952-4b8d-be54-ac6baea21394,1,Architecture,400,46.2,0.0,3.72,25.6,32.6,,54.3,0.0,stable,C,1
46c90a79-0952-4b8d-be54-ac6baea21394,2,Architecture,400,49.4,8.8,3.29,21.9,46.9,54.3,66.0,11.7,improving,B,1
d5201804-7de4-482a-b517-b9026d8744d8,1,Computer Engineering,200,67.2,15.5,2.7,26.8,35.0,,59.4,0.0,stable,C,0
d5201804-7de4-482a-b517-b9026d8744d8,2,Computer Engineering,200,80.3,14.4,3.18,28.0,39.6,59.4,72.4,13.1,improving,A,0
ee6ef635-a793-4a19-b880-850bb0812ba3,1,Architecture,100,53.7,21.4,3.08,24.8,56.0,,74.6,0.0,stable,A,0
ee6ef635-a793-4a19-b880-850bb0812ba3,2,Architecture,100,95.7,21.3,3.87,23.6,55.6,74.6,84.2,9.5,improving,A,0
bb6ebe1f-5f7d-421e-9a67-e228d73b75a6,1,Computer Engineering,200,98.1,5.0,3.81,40.0,36.5,,72.1,0.0,stable,A,0
bb6ebe1f-5f7d-421e-9a67-e228d73b75a6,2,Computer Engineering,200,87.4,17.3,2.89,26.5,52.9,72.1,77.2,5.1,improving,A,0
0c500b86-18b9-49ea-8f7b-45e3afefbd9d,1,Sociology,200,81.0,19.8,1.67,35.7,40.4,,75.6,0.0,stable,A,0
0c500b86-18b9-49ea-8f7b-45e3afefbd9d,2,Sociology,200,82.7,8.1,2.06,22.6,47.3,75.6,68.8,-6.8,declining,B,0
6418c17b-a4b3-4862-ba59-fd613b82a4bc,1,Computer Science,300,83.5,9.6,2.07,35.0,39.3,,73.5,0.0,stable,A,0
6418c17b-a4b3-4862-ba59-fd613b82a4bc,2,Computer Science,300,79.5,7.2,3.85,37.4,45.4,73.5,81.7,8.2,improving,A,0
a9839e98-690a-4111-8531-8bcdeb497ffb,1,Accounting,300,75.9,19.8,4.02,40.0,39.4,,76.8,0.0,stable,A,0
a9839e98-690a-4111-8531-8bcdeb497ffb,2,Accounting,300,77.0,14.0,2.89,28.5,53.5,76.8,81.7,4.8,stable,A,0
244ce4bc-9307-42a0-a71c-8d0afda1c3c5,1,Economics,300,56.8,6.5,3.2,40.0,26.3,,65.3,0.0,stable,B,0
244ce4bc-9307-42a0-a71c-8d0afda1c3c5,2,Economics,300,100.0,9.6,3.36,40.0,29.1,65.3,68.1,2.8,stable,B,0
1edd57f2-b78f-493b-b61e-8e0fb0bcffc2,1,Psychology,300,67.7,4.4,4.26,25.6,27.9,,52.2,0.0,stable,C,0
1edd57f2-b78f-493b-b61e-8e0fb0bcffc2,2,Psychology,300,88.9,12.6,2.37,34.8,46.8,52.2,81.6,29.4,improving,A,0
2aba1bc6-28a0-43b5-b54f-069a3a90dbbf,1,Psychology,100,71.5,17.1,2.86,37.3,35.3,,70.3,0.0,stable,A,0
2aba1bc6-28a0-43b5-b54f-069a3a90dbbf,2,Psychology,100,61.4,10.8,3.0,20.7,39.7,70.3,62.0,-8.3,declining,B,0
3db798af-2726-445d-8039-2a0abe32c052,1,Sociology,200,53.0,9.4,3.45,20.2,35.5,,58.9,0.0,stable,C,0
3db798af-2726-445d-8039-2a0abe32c052,2,Sociology,200,100.0,14.2,2.86,32.5,50.0,58.9,85.9,27.0,improving,A,0
9a7cc94b-4e64-4b10-81ce-8e0ebca72e87,1,Economics,300,57.7,16.6,2.51,22.2,40.3,,65.5,0.0,stable,B,0
9a7cc94b-4e64-4b10-81ce-8e0ebca72e87,2,Economics,300,79.6,13.4,3.28,33.3,40.0,65.5,75.2,9.6,improving,A,0
f50d4bd4-88a1-42a7-bdaa-fc626a9bbb70,1,Biology,300,65.1,15.3,3.69,31.5,50.8,,83.7,0.0,stable,A,0
f50d4bd4-88a1-42a7-bdaa-fc626a9bbb70,2,Biology,300,92.6,0.6,3.68,40.0,26.6,83.7,64.4,-19.3,declining,B,0
c3ae751e-5964-4191-b6eb-d03621fd6512,1,Psychology,100,94.3,7.4,2.47,34.7,27.2,,64.5,0.0,stable,B,0
c3ae751e-5964-4191-b6eb-d03621fd6512,2,Psychology,100,63.1,13.8,3.23,35.9,53.0,64.5,87.3,22.8,improving,A,0
86c85a69-1701-41c6-82a8-ab39203221b2,1,Law,200,56.0,16.2,2.48,24.5,30.9,,57.5,0.0,stable,C,0
86c85a69-1701-41c6-82a8-ab39203221b2,2,Law,200,65.3,11.8,2.98,29.0,46.0,57.5,74.3,16.8,improving,A,0
375e976e-b280-49e8-ac84-d33aa5fffac6,1,Architecture,300,63.9,2.7,3.08,27.0,26.0,,53.2,0.0,stable,C,0
375e976e-b280-49e8-ac84-d33aa5fffac6,2,Architecture,300,87.8,17.6,1.77,30.8,50.7,53.2,86.2,33.1,improving,A,0
4089160a-1c29-4315-a80b-412344e39415,1,Sociology,300,62.7,18.9,1.92,33.3,39.5,,77.5,0.0,stable,A,0
4089160a-1c29-4315-a80b-412344e39415,2,Sociology,300,68.0,10.5,2.89,20.9,20.6,77.5,43.1,-34.4,declining,F,1
6e36edf2-d34f-481e-a88c-7e0ab0095e37,1,Sociology,200,89.8,15.0,2.0,35.4,29.8,,66.4,0.0,stable,B,0
6e36edf2-d34f-481e-a88c-7e0ab0095e37,2,Sociology,200,92.0,13.8,4.17,32.6,41.1,66.4,73.9,7.5,improving,A,0
cf92f259-d701-4bb6-899f-7603e543f391,1,Electrical Engineering,300,54.9,10.0,2.75,24.6,40.3,,60.4,0.0,stable,B,0
cf92f259-d701-4bb6-899f-7603e543f391,2,Electrical Engineering,300,57.8,17.7,1.39,29.6,36.7,60.4,66.8,6.4,improving,B,0
6fb30ee4-5ec7-4c63-af90-661ca6e7a6b0,1,Biochemistry,300,98.4,11.3,3.5,35.0,39.0,,73.3,0.0,stable,A,0
6fb30ee4-5ec7-4c63-af90-661ca6e7a6b0,2,Biochemistry,300,85.5,8.3,2.09,32.5,37.1,73.3,64.1,-9.2,declining,B,0
edb8673c-fa05-413f-910d-b3d5edff403b,1,Computer Science,100,74.8,5.9,3.5,21.0,55.4,,75.4,0.0,stable,A,0
edb8673c-fa05-413f-910d-b3d5edff403b,2,Computer Science,100,62.0,10.6,3.45,31.9,36.7,75.4,64.2,-11.1,declining,B,0
fa50e2d1-3057-43cb-9937-a1bb91ad3e2e,1,Sociology,100,56.8,13.4,3.79,32.0,43.9,,78.7,0.0,stable,A,0
fa50e2d1-3057-43cb-9937-a1bb91ad3e2e,2,Sociology,100,100.0,18.0,3.74,31.0,54.9,78.7,87.3,8.6,improving,A,0
f3bfe017-45e7-410a-9b73-b02b20e86567,1,Economics,200,84.8,18.3,3.29,31.4,34.0,,64.5,0.0,stable,B,0
f3bfe017-45e7-410a-9b73-b02b20e86567,2,Economics,200,78.2,13.4,3.2,35.4,49.6,64.5,84.9,20.4,improving,A,0
2f5e177e-f52a-4760-82ae-d9f9146f5c33,1,Accounting,200,62.3,13.9,4.8,29.1,41.6,,72.2,0.0,stable,A,0
2f5e177e-f52a-4760-82ae-d9f9146f5c33,2,Accounting,200,83.9,14.9,4.1,33.7,57.1,72.2,91.5,19.3,improving,A,0
7bc50b1c-10e4-415e-bb6a-563001b1a00f,1,Accounting,100,97.7,18.0,3.74,38.5,60.0,,100.0,0.0,stable,A,0
7bc50b1c-10e4-415e-bb6a-563001b1a00f,2,Accounting,100,62.3,13.2,2.79,37.8,52.5,100.0,96.4,-3.6,stable,A,0
14c35ec2-9071-422f-a2e6-db9fc3ea2b9a,1,Computer Engineering,200,63.6,17.5,1.91,19.8,37.4,,61.6,0.0,stable,B,0
14c35ec2-9071-422f-a2e6-db9fc3ea2b9a,2,Computer Engineering,200,60.1,11.9,3.95,31.3,60.0,61.6,91.3,29.6,improving,A,0
1550a845-aafe-4a9d-8adb-1568489892c0,1,Medicine,200,68.4,6.5,2.71,23.2,17.1,,46.2,0.0,stable,D,0
1550a845-aafe-4a9d-8adb-1568489892c0,2,Medicine,200,75.7,25.0,2.33,28.0,39.7,46.2,65.8,19.7,improving,B,0
4de843d4-04cf-48be-8abd-4fd66ce283cc,1,Medicine,300,88.1,14.8,3.7,39.3,54.1,,90.4,0.0,stable,A,0
4de843d4-04cf-48be-8abd-4fd66ce283cc,2,Medicine,300,67.1,12.6,5.0,32.3,45.1,90.4,79.4,-11.0,declining,A,0
d037e1df-6d45-4e11-b2e3-9fca5e784d80,1,Computer Science,300,66.0,13.3,3.76,28.0,34.5,,62.3,0.0,stable,B,0
d037e1df-6d45-4e11-b2e3-9fca5e784d80,2,Computer Science,300,70.2,5.2,2.54,22.1,21.4,62.3,40.1,-22.2,declining,F,1
6afd87bf-d404-44e0-b3b9-3937ebccf098,1,Mechanical Engineering,300,89.3,19.4,1.77,40.0,31.2,,73.4,0.0,stable,A,0
6afd87bf-d404-44e0-b3b9-3937ebccf098,2,Mechanical Engineering,300,78.9,15.2,2.07,21.7,31.9,73.4,54.9,-18.5,declining,C,0
c338e2a6-71e6-49d8-b910-36e2d471d6c2,1,Sociology,200,100.0,6.9,2.92,31.3,35.6,,61.0,0.0,stable,B,0
c338e2a6-71e6-49d8-b910-36e2d471d6c2,2,Sociology,200,97.5,12.1,3.73,33.3,43.0,61.0,79.8,18.7,improving,A,0
ac88f756-064f-4a7d-a2f1-aa790564975f,1,Law,200,77.0,12.8,2.36,27.7,28.8,,54.3,0.0,stable,C,0
ac88f756-064f-4a7d-a2f1-aa790564975f,2,Law,200,93.8,21.0,2.0,35.7,40.9,54.3,80.8,26.5,improving,A,0
3df1f909-bc82-41d2-a021-b67af06f0939,1,Computer Engineering,200,77.0,12.0,2.4,22.7,46.0,,69.8,0.0,stable,B,0
3df1f909-bc82-41d2-a021-b67af06f0939,2,Computer Engineering,200,80.7,9.0,2.88,35.1,47.0,69.8,78.6,8.8,improving,A,0
49d2aa2c-1c3a-4249-b784-64b804cf736a,1,Architecture,400,65.5,5.1,3.16,32.5,32.1,,62.7,0.0,stable,B,0
49d2aa2c-1c3a-4249-b784-64b804cf736a,2,Architecture,400,70.0,23.5,3.95,32.6,52.9,62.7,85.5,22.9,improving,A,0
6d44bf3e-9c82-453d-b863-7bed0204e5f0,1,Computer Engineering,200,61.4,6.7,2.55,22.5,28.8,,51.0,0.0,stable,C,0
6d44bf3e-9c82-453d-b863-7bed0204e5f0,2,Computer Engineering,200,74.6,8.9,3.4,29.0,40.3,51.0,67.0,16.0,improving,B,0
6e52f310-207a-4c89-855e-d32dc442ced2,1,Architecture,300,85.4,9.3,4.29,31.0,39.3,,72.0,0.0,stable,A,0
6e52f310-207a-4c89-855e-d32dc442ced2,2,Architecture,300,87.2,16.6,4.42,35.7,45.0,72.0,79.2,7.2,improving,A,0
2403b4f0-191c-40cc-b816-d2fdefc50f76,1,Computer Engineering,200,73.0,19.4,1.89,25.5,40.5,,63.5,0.0,stable,B,0
2403b4f0-191c-40cc-b816-d2fdefc50f76,2,Computer Engineering,200,68.9,21.0,2.76,30.8,29.0,63.5,56.5,-7.0,declining,C,0
a6dd4569-5ce3-442b-88a4-23496b0f05c5,1,Biology,300,89.0,20.3,3.18,31.3,50.8,,74.3,0.0,stable,A,0
a6dd4569-5ce3-442b-88a4-23496b0f05c5,2,Biology,300,78.4,6.8,3.64,19.7,30.8,74.3,50.4,-23.9,declining,C,0
5ee30574-5c3c-4f48-8c50-fcf61ea8a1d4,1,Computer Science,100,63.6,10.1,3.72,27.6,30.4,,60.8,0.0,stable,B,0
5ee30574-5c3c-4f48-8c50-fcf61ea8a1d4,2,Computer Science,100,78.8,13.5,2.29,18.0,30.1,60.8,45.1,-15.7,declining,D,0
0d8f8457-ab2b-440f-b48b-12a4e46b1684,1,Law,400,65.8,7.8,3.09,32.6,47.5,,82.6,0.0,stable,A,0
0d8f8457-ab2b-440f-b48b-12a4e46b1684,2,Law,400,61.5,12.3,4.25,19.4,55.8,82.6,72.2,-10.4,declining,A,0
80ee08cc-fcbf-4d4c-b9f4-956db5e008a0,1,Computer Science,300,79.4,14.1,3.15,40.0,38.3,,73.4,0.0,stable,A,0
80ee08cc-fcbf-4d4c-b9f4-956db5e008a0,2,Computer Science,300,80.3,11.1,3.44,35.5,39.5,73.4,76.3,2.9,stable,A,0
677ed3e2-2c27-44ec-ba02-d76c773739a3,1,Economics,100,77.2,21.0,2.7,27.0,54.2,,78.4,0.0,stable,A,0
677ed3e2-2c27-44ec-ba02-d76c773739a3,2,Economics,100,80.9,11.2,2.92,40.0,51.1,78.4,94.2,15.8,improving,A,0
f6f36352-81ef-40e6-a110-98fcc7be9d7a,1,Accounting,100,83.0,8.5,3.21,34.5,39.5,,74.3,0.0,stable,A,0
f6f36352-81ef-40e6-a110-98fcc7be9d7a,2,Accounting,100,69.0,13.4,2.58,32.3,19.5,74.3,56.0,-18.4,declining,C,0
57bb7b1c-7a57-45cf-a633-5dfbf0431383,1,Political Science,300,55.3,6.7,3.33,28.8,57.2,,86.9,0.0,stable,A,0
57bb7b1c-7a57-45cf-a633-5dfbf0431383,2,Political Science,300,74.4,13.0,4.27,40.0,41.0,86.9,82.6,-4.3,stable,A,0
c61408f9-3bd8-41bc-b404-63ae694c5cad,1,Psychology,300,73.9,11.5,4.5,25.1,18.9,,45.0,0.0,stable,F,1
c61408f9-3bd8-41bc-b404-63ae694c5cad,2,Psychology,300,93.0,13.1,3.4,37.4,42.3,45.0,81.3,36.3,improving,A,0
d8dc53bf-1852-4c07-9404-07b5193a8967,1,Business Administration,300,83.1,2.2,3.09,23.8,32.4,,54.6,0.0,stable,C,0
d8dc53bf-1852-4c07-9404-07b5193a8967,2,Business Administration,300,90.5,13.2,3.38,32.1,51.7,54.6,79.1,24.4,improving,A,0
0bb411c8-c56c-45e7-9b68-f2ec0137aeb4,1,Economics,100,61.6,18.4,2.65,16.6,58.0,,77.8,0.0,stable,A,0
0bb411c8-c56c-45e7-9b68-f2ec0137aeb4,2,Economics,100,85.7,12.5,4.33,38.4,58.0,77.8,98.6,20.7,improving,A,0
cfa10290-7871-4f70-87bf-5116015649a3,1,Sociology,300,76.8,10.0,1.98,32.9,42.0,,73.8,0.0,stable,A,0
cfa10290-7871-4f70-87bf-5116015649a3,2,Sociology,300,84.2,10.3,3.69,27.4,29.2,73.8,55.9,-17.9,declining,C,0
7ff8817c-50c9-45e2-9367-3e12fb11018f,1,Architecture,300,87.4,6.2,3.84,24.3,34.6,,54.7,0.0,stable,C,0
7ff8817c-50c9-45e2-9367-3e12fb11018f,2,Architecture,300,35.9,13.8,2.86,15.2,35.4,54.7,51.9,-2.7,stable,C,1
a1927421-c661-434d-a198-2e03c75fd13a,1,Medicine,100,69.5,11.0,2.68,26.0,32.3,,56.4,0.0,stable,C,0
a1927421-c661-434d-a198-2e03c75fd13a,2,Medicine,100,63.7,6.9,2.7,24.5,24.6,56.4,51.5,-4.9,stable,C,0
74dc27b6-cd8b-4863-b7a3-96ad25a82847,1,Accounting,100,93.5,12.0,3.05,30.2,50.3,,85.8,0.0,stable,A,0
74dc27b6-cd8b-4863-b7a3-96ad25a82847,2,Accounting,100,72.5,9.4,3.27,30.2,33.3,85.8,64.8,-21.0,declining,B,0
677c7633-6fc2-45ac-8c6c-09e31ac29b03,1,Accounting,200,89.1,8.1,5.0,25.1,32.2,,58.1,0.0,stable,C,0
677c7633-6fc2-45ac-8c6c-09e31ac29b03,2,Accounting,200,100.0,9.2,2.15,37.7,33.4,58.1,73.1,15.0,improving,A,0
8843c3e7-866e-47a5-bb55-5817e9c168d1,1,Medicine,400,73.9,7.7,4.88,15.0,58.5,,76.3,0.0,stable,A,0
8843c3e7-866e-47a5-bb55-5817e9c168d1,2,Medicine,400,63.8,21.4,1.9,32.8,23.2,76.3,52.6,-23.7,declining,C,0
ab400f40-ab60-4fac-a63d-65c7b5fcf633,1,Biology,300,57.8,8.2,3.01,22.4,16.5,,40.4,0.0,stable,F,1
ab400f40-ab60-4fac-a63d-65c7b5fcf633,2,Biology,300,75.7,14.0,3.14,34.9,40.6,40.4,78.5,38.1,improving,A,0
c2ae7e7a-30e6-4bfd-a047-7167f5bcc83b,1,Medicine,400,63.4,8.4,4.1,34.5,44.9,,76.7,0.0,stable,A,0
c2ae7e7a-30e6-4bfd-a047-7167f5bcc83b,2,Medicine,400,60.5,18.6,4.02,26.8,60.0,76.7,88.1,11.4,improving,A,0
253df808-6cfe-4a29-bdd7-c7553035b9a4,1,Computer Engineering,100,58.4,10.6,3.0,27.1,51.1,,75.3,0.0,stable,A,0
253df808-6cfe-4a29-bdd7-c7553035b9a4,2,Computer Engineering,100,55.0,15.0,2.59,38.1,50.3,75.3,86.9,11.6,improving,A,0
97c96d79-1cf0-4eeb-91e7-fc2def91ffd4,1,Political Science,300,93.2,15.7,3.51,33.0,47.4,,74.1,0.0,stable,A,0
97c96d79-1cf0-4eeb-91e7-fc2def91ffd4,2,Political Science,300,94.8,0.0,2.65,26.0,25.3,74.1,51.0,-23.1,declining,C,0
259a666e-a6f3-4e50-b87e-618a291dc791,1,Mechanical Engineering,100,57.0,0.0,3.17,36.8,27.8,,67.5,0.0,stable,B,0
259a666e-a6f3-4e50-b87e-618a291dc791,2,Mechanical Engineering,100,97.6,2.5,2.63,28.1,24.0,67.5,57.2,-10.3,declining,C,0
af6124ec-89d4-4409-b228-6f0d5fe0543e,1,Medicine,300,78.4,15.9,2.96,24.6,49.1,,77.5,0.0,stable,A,0
af6124ec-89d4-4409-b228-6f0d5fe0543e,2,Medicine,300,79.8,14.4,2.01,34.5,52.8,77.5,88.5,11.0,improving,A,0
7b3a295f-272a-4c1a-b1c4-b78e549163c8,1,Accounting,300,48.0,20.2,2.24,26.5,53.4,,83.2,0.0,stable,A,1
7b3a295f-272a-4c1a-b1c4-b78e549163c8,2,Accounting,300,48.0,12.6,3.04,31.8,44.7,83.2,80.8,-2.4,stable,A,1
b14a6571-6fe6-4c3a-8391-b39ba2431150,1,Political Science,200,83.1,11.6,3.16,39.2,26.6,,68.6,0.0,stable,B,0
b14a6571-6fe6-4c3a-8391-b39ba2431150,2,Political Science,200,65.6,7.8,3.82,23.7,42.0,68.6,64.2,-4.4,stable,B,0
13efd835-42a7-4ee5-bfa2-01f843faf472,1,Economics,300,39.6,14.4,3.1,13.4,34.5,,42.5,0.0,stable,F,1
13efd835-42a7-4ee5-bfa2-01f843faf472,2,Economics,300,86.0,18.9,3.68,37.1,40.7,42.5,79.5,37.0,improving,A,0
00c6fcee-aa48-46d0-9421-9942e517c956,1,Medicine,100,74.9,12.9,3.77,35.9,37.9,,69.5,0.0,stable,B,0
00c6fcee-aa48-46d0-9421-9942e517c956,2,Medicine,100,72.2,10.9,3.23,33.6,20.1,69.5,51.7,-17.8,declining,C,0
88bed796-3295-4760-bf4d-9916a375a527,1,Computer Science,100,60.5,18.3,2.83,24.5,49.1,,71.9,0.0,stable,A,0
88bed796-3295-4760-bf4d-9916a375a527,2,Computer Science,100,74.8,21.1,4.43,27.9,47.1,71.9,73.1,1.3,stable,A,0
7a81ae5f-bb12-41c3-b1e7-47ce5a9bf961,1,Architecture,200,46.1,17.2,4.94,22.0,39.0,,60.2,0.0,stable,B,1
7a81ae5f-bb12-41c3-b1e7-47ce5a9bf961,2,Architecture,200,76.3,6.3,2.63,35.3,36.1,60.2,75.2,15.0,improving,A,0
88016b35-85ad-4179-9379-ffc7935dbbed,1,Accounting,300,80.5,6.6,2.54,32.3,23.5,,52.1,0.0,stable,C,0
88016b35-85ad-4179-9379-ffc7935dbbed,2,Accounting,300,57.1,14.6,2.71,32.3,31.9,52.1,56.8,4.7,stable,C,0
b8bbb0b2-57ae-4ba6-9237-36deb44f016b,1,Biology,300,73.0,20.2,3.03,22.7,29.3,,55.6,0.0,stable,C,0
b8bbb0b2-57ae-4ba6-9237-36deb44f016b,2,Biology,300,62.9,19.7,3.52,23.7,57.8,55.6,78.8,23.1,improving,A,0
741cb412-627a-47f5-8567-200f9de21c37,1,Law,100,53.3,7.7,3.61,31.3,33.7,,59.5,0.0,stable,C,0
741cb412-627a-47f5-8567-200f9de21c37,2,Law,100,51.6,6.7,1.96,26.7,53.1,59.5,82.1,22.6,improving,A,0
8e433c4b-5456-4c6f-9c12-e660dafb967f,1,Business Administration,300,58.1,8.5,2.6,28.6,52.0,,79.2,0.0,stable,A,0
8e433c4b-5456-4c6f-9c12-e660dafb967f,2,Business Administration,300,98.1,22.5,2.72,32.7,42.9,79.2,75.8,-3.3,stable,A,0
00b4f5d8-e68a-4082-8ed6-dfd7bad99c37,1,Mechanical Engineering,100,69.6,16.4,1.76,26.3,43.5,,72.4,0.0,stable,A,0
00b4f5d8-e68a-4082-8ed6-dfd7bad99c37,2,Mechanical Engineering,100,100.0,5.6,2.48,23.7,22.8,72.4,41.2,-31.2,declining,F,1
5fd4b112-a3fc-408d-9fc3-df32dc763cf3,1,Computer Engineering,200,67.2,10.9,3.38,26.9,44.2,,71.5,0.0,stable,A,0
5fd4b112-a3fc-408d-9fc3-df32dc763cf3,2,Computer Engineering,200,59.5,3.6,3.47,35.1,59.8,71.5,97.8,26.3,improving,A,0
78c9d554-552e-4c61-b095-4fa7ca9dcff7,1,Mechanical Engineering,200,96.9,14.3,3.24,34.9,40.6,,77.4,0.0,stable,A,0
78c9d554-552e-4c61-b095-4fa7ca9dcff7,2,Mechanical Engineering,200,67.2,11.3,2.06,30.8,27.6,77.4,58.5,-18.9,declining,C,0
5498bd5c-1203-45bb-970a-c0b71d167ca1,1,Accounting,100,82.5,14.9,3.62,30.4,47.8,,76.7,0.0,stable,A,0
5498bd5c-1203-45bb-970a-c0b71d167ca1,2,Accounting,100,45.4,14.7,3.24,29.2,41.7,76.7,66.0,-10.7,declining,B,1
bc5357d6-714f-43b8-a425-94543377e670,1,Biology,200,73.6,16.4,3.38,29.0,26.9,,52.8,0.0,stable,C,0
bc5357d6-714f-43b8-a425-94543377e670,2,Biology,200,82.2,3.7,2.75,31.6,44.6,52.8,78.1,25.3,improving,A,0
988cb28b-64c5-4714-88b5-b1f7e793016e,1,Computer Engineering,200,89.4,13.5,2.32,29.8,30.0,,61.6,0.0,stable,B,0
988cb28b-64c5-4714-88b5-b1f7e793016e,2,Computer Engineering,200,64.6,10.0,3.02,36.1,44.8,61.6,78.6,17.0,improving,A,0
6133edf1-fcbb-4d9c-94b0-799bfce90834,1,Computer Science,300,77.3,20.3,3.49,22.5,37.3,,56.8,0.0,stable,C,0
6133edf1-fcbb-4d9c-94b0-799bfce90834,2,Computer Science,300,96.6,18.3,2.5,31.1,43.5,56.8,74.8,18.0,improving,A,0
4002ca5d-0cd6-4792-84dd-b3a5b99ea53a,1,Accounting,300,60.6,10.8,1.84,33.5,18.8,,46.9,0.0,stable,D,0
4002ca5d-0cd6-4792-84dd-b3a5b99ea53a,2,Accounting,300,81.5,5.8,2.6,31.6,41.1,46.9,72.1,25.2,improving,A,0
4d616899-4d23-4d8e-8ea5-f8ce215b0775,1,Psychology,100,100.0,12.0,3.95,36.4,60.0,,99.6,0.0,stable,A,0
4d616899-4d23-4d8e-8ea5-f8ce215b0775,2,Psychology,100,75.7,15.1,2.79,28.8,28.4,99.6,54.7,-44.9,declining,C,0
1baf89f8-70f0-46b5-816e-8b2e90de3057,1,Political Science,200,100.0,6.0,2.48,34.5,33.6,,69.3,0.0,stable,B,0
1baf89f8-70f0-46b5-816e-8b2e90de3057,2,Political Science,200,68.0,14.2,3.91,34.9,40.3,69.3,77.1,7.8,improving,A,0
30ae1935-ceb1-4498-bbb2-cb7795ee669c,1,Architecture,200,57.8,8.4,2.06,26.3,26.5,,48.3,0.0,stable,D,0
30ae1935-ceb1-4498-bbb2-cb7795ee669c,2,Architecture,200,69.2,3.4,4.06,26.1,45.4,48.3,70.0,21.7,improving,B,0
311fe8a1-69d2-41d4-9c0f-e8c5e5f8a243,1,Architecture,100,57.1,17.9,3.07,35.8,39.2,,73.8,0.0,stable,A,0
311fe8a1-69d2-41d4-9c0f-e8c5e5f8a243,2,Architecture,100,90.1,17.1,3.12,40.0,40.6,73.8,76.8,3.1,stable,A,0
65c681b8-ee6b-4fd4-9551-cb600278ca39,1,Economics,300,60.0,10.6,4.22,26.1,56.7,,84.0,0.0,stable,A,0
65c681b8-ee6b-4fd4-9551-cb600278ca39,2,Economics,300,91.3,13.9,3.3,37.0,35.9,84.0,71.2,-12.8,declining,A,0
e4108001-150f-42cd-b7ea-0a8c86d08d34,1,Computer Science,300,80.2,21.7,1.77,20.9,41.4,,65.4,0.0,stable,B,0
e4108001-150f-42cd-b7ea-0a8c86d08d34,2,Computer Science,300,75.8,6.2,3.06,21.5,41.8,65.4,62.4,-3.0,stable,B,0
e25ccef0-0681-4493-8ad4-fd534c8b0d82,1,Biochemistry,200,73.8,14.1,3.16,27.0,51.8,,81.2,0.0,stable,A,0
e25ccef0-0681-4493-8ad4-fd534c8b0d82,2,Biochemistry,200,48.4,10.8,2.14,18.3,42.4,81.2,59.5,-21.7,declining,C,1
c6f9e750-004f-4cd3-bd33-19337f189543,1,Accounting,300,72.9,8.7,3.3,33.0,59.5,,91.9,0.0,stable,A,0
c6f9e750-004f-4cd3-bd33-19337f189543,2,Accounting,300,53.3,9.5,3.68,21.8,24.3,91.9,43.8,-48.1,declining,F,1
b42f3edc-a232-40a6-a343-4302513ad259,1,Architecture,200,67.0,6.6,3.17,28.0,43.9,,70.6,0.0,stable,A,0
b42f3edc-a232-40a6-a343-4302513ad259,2,Architecture,200,83.4,9.5,2.1,29.0,19.8,70.6,54.1,-16.5,declining,C,0
2fc6d4eb-23b3-4c85-9717-b68dd4215c27,1,Biology,300,77.1,8.0,2.7,18.2,50.5,,72.7,0.0,stable,A,0
2fc6d4eb-23b3-4c85-9717-b68dd4215c27,2,Biology,300,76.6,13.6,1.99,24.3,21.7,72.7,45.6,-27.1,declining,D,0
d928f272-ace4-4427-81ec-327ceab0c2c6,1,Electrical Engineering,300,90.9,10.1,3.28,38.1,22.5,,66.1,0.0,stable,B,0
d928f272-ace4-4427-81ec-327ceab0c2c6,2,Electrical Engineering,300,92.4,14.6,3.74,38.3,45.8,66.1,88.4,22.3,improving,A,0
655c18a9-7756-43d9-a005-877b3630632c,1,Accounting,100,68.2,14.3,4.06,15.2,47.7,,65.1,0.0,stable,B,0
655c18a9-7756-43d9-a005-877b3630632c,2,Accounting,100,49.4,13.4,2.37,26.9,38.4,65.1,62.4,-2.7,stable,B,1
671b2438-45df-4d24-9b75-4ec8b53f05ab,1,Computer Engineering,200,91.6,9.9,3.22,39.9,29.3,,69.3,0.0,stable,B,0
671b2438-45df-4d24-9b75-4ec8b53f05ab,2,Computer Engineering,200,67.6,10.6,4.72,30.8,45.2,69.3,77.6,8.3,improving,A,0
9ae89ee4-834c-4e3c-b5bc-8fb200ff19b9,1,Sociology,300,81.5,2.9,4.84,24.0,54.1,,79.9,0.0,stable,A,0
9ae89ee4-834c-4e3c-b5bc-8fb200ff19b9,2,Sociology,300,77.7,10.5,5.0,33.6,42.7,79.9,74.6,-5.3,declining,A,0
3d0974e1-a26e-493d-8448-54df5e7e71f6,1,Psychology,200,65.2,12.3,2.26,31.4,31.8,,66.3,0.0,stable,B,0
3d0974e1-a26e-493d-8448-54df5e7e71f6,2,Psychology,200,89.7,11.7,3.46,36.1,25.7,66.3,67.0,0.7,stable,B,0
115598e3-c39f-48b6-9396-ff08e5036f64,1,Economics,200,71.2,15.5,3.58,16.8,36.6,,56.0,0.0,stable,C,0
115598e3-c39f-48b6-9396-ff08e5036f64,2,Economics,200,75.9,15.4,3.07,36.3,43.3,56.0,83.9,28.0,improving,A,0
1ee1055c-34f2-4480-a17f-5682bf4607bd,1,Law,200,60.3,11.4,2.53,29.0,35.4,,63.7,0.0,stable,B,0
1ee1055c-34f2-4480-a17f-5682bf4607bd,2,Law,200,64.4,9.7,2.99,17.8,14.9,63.7,32.8,-30.8,declining,F,1
cdc7ea0d-30fe-4523-b874-65ea71a6ca7e,1,Business Administration,200,33.5,11.0,2.7,24.4,31.6,,60.7,0.0,stable,B,1
cdc7ea0d-30fe-4523-b874-65ea71a6ca7e,2,Business Administration,200,87.7,4.4,2.77,40.0,26.7,60.7,66.6,5.9,improving,B,0
bc97fc93-95ae-4041-b18a-ee598d74edaa,1,Medicine,300,96.1,9.3,3.9,29.7,10.6,,43.9,0.0,stable,F,1
bc97fc93-95ae-4041-b18a-ee598d74edaa,2,Medicine,300,81.6,14.5,2.13,26.2,51.1,43.9,78.1,34.2,improving,A,0
52dcb2f4-9f58-4411-bac4-f4883adb187a,1,Architecture,200,73.2,13.1,4.21,33.3,38.0,,67.1,0.0,stable,B,0
52dcb2f4-9f58-4411-bac4-f4883adb187a,2,Architecture,200,83.8,7.4,2.05,38.3,43.1,67.1,82.6,15.5,improving,A,0
a7b8c7f2-103b-42d2-a81f-73907f4cb9c3,1,Electrical Engineering,200,56.4,20.9,3.82,24.8,42.5,,67.5,0.0,stable,B,0
a7b8c7f2-103b-42d2-a81f-73907f4cb9c3,2,Electrical Engineering,200,67.8,23.1,2.69,23.2,60.0,67.5,81.5,14.1,improving,A,0
f59a9a35-c256-4edc-be55-42a2a643bdb3,1,Psychology,300,86.8,15.4,2.95,27.5,41.4,,65.4,0.0,stable,B,0
f59a9a35-c256-4edc-be55-42a2a643bdb3,2,Psychology,300,74.6,15.9,4.37,24.5,42.6,65.4,65.5,0.1,stable,B,0
2376f348-b0c4-4854-b421-ef7bba608c5d,1,Biochemistry,300,79.1,4.4,2.26,22.4,18.3,,38.6,0.0,stable,F,1
2376f348-b0c4-4854-b421-ef7bba608c5d,2,Biochemistry,300,100.0,13.7,3.05,40.0,44.8,38.6,86.2,47.5,improving,A,0
a5361683-ba80-48d1-aaf2-55d8370e0526,1,Economics,200,67.9,8.8,1.95,25.6,32.4,,59.0,0.0,stable,C,0
a5361683-ba80-48d1-aaf2-55d8370e0526,2,Economics,200,74.4,10.2,2.27,31.9,31.8,59.0,64.8,5.8,improving,B,0
ee949d6b-99bc-479a-8e38-e04dc2444b2c,1,Accounting,300,46.3,13.7,3.6,27.4,40.0,,70.1,0.0,stable,A,1
ee949d6b-99bc-479a-8e38-e04dc2444b2c,2,Accounting,300,55.9,11.6,2.85,31.4,18.7,70.1,46.9,-23.2,declining,D,0
df928edf-876c-4192-9ac5-2d2b34431edc,1,Economics,200,100.0,0.0,3.65,31.5,34.9,,70.6,0.0,stable,A,0
df928edf-876c-4192-9ac5-2d2b34431edc,2,Economics,200,79.4,19.2,2.61,29.1,51.8,70.6,79.5,8.9,improving,A,0
8c08026a-0a65-4b9d-aea3-7aa452943181,1,Biology,300,84.0,17.9,3.69,23.9,41.8,,66.5,0.0,stable,B,0
8c08026a-0a65-4b9d-aea3-7aa452943181,2,Biology,300,71.3,12.4,3.24,26.6,38.4,66.5,61.5,-5.0,declining,B,0
dadb2dc6-3e2d-46ef-9b84-4612d5786e95,1,Biochemistry,300,67.8,4.4,3.09,27.6,25.1,,58.1,0.0,stable,C,0
dadb2dc6-3e2d-46ef-9b84-4612d5786e95,2,Biochemistry,300,71.3,13.4,2.49,27.2,42.8,58.1,69.0,10.9,improving,B,0
8accb8ce-400b-4b30-a3ba-1a566fd96acf,1,Sociology,100,75.0,16.0,2.59,23.3,26.4,,54.0,0.0,stable,C,0
8accb8ce-400b-4b30-a3ba-1a566fd96acf,2,Sociology,100,89.0,15.3,2.65,26.1,38.4,54.0,64.2,10.2,improving,B,0
d2ee8ada-2e1e-4508-b9a8-e9c0bb049a65,1,Mechanical Engineering,100,58.0,4.7,1.62,29.9,19.5,,50.3,0.0,stable,C,0
d2ee8ada-2e1e-4508-b9a8-e9c0bb049a65,2,Mechanical Engineering,100,69.0,14.9,3.27,27.6,43.5,50.3,70.8,20.5,improving,A,0
d80f1a23-8269-477a-8e51-3cba028998df,1,Psychology,300,65.8,16.9,2.66,27.7,28.2,,56.8,0.0,stable,C,0
d80f1a23-8269-477a-8e51-3cba028998df,2,Psychology,300,65.8,9.6,2.33,27.5,16.5,56.8,46.1,-10.7,declining,D,0
3039ffb7-1c63-42a5-94ee-6602dadb60ee,1,Business Administration,300,74.4,9.7,1.76,32.0,29.1,,65.0,0.0,stable,B,0
3039ffb7-1c63-42a5-94ee-6602dadb60ee,2,Business Administration,300,82.3,19.7,3.11,36.8,49.9,65.0,85.4,20.3,improving,A,0
8e664281-68fd-4480-9b6f-fc44d6a8b7c3,1,Medicine,200,77.8,7.8,4.66,30.1,40.2,,71.4,0.0,stable,A,0
8e664281-68fd-4480-9b6f-fc44d6a8b7c3,2,Medicine,200,58.7,18.6,2.18,20.5,41.0,71.4,57.6,-13.8,declining,C,0
eaa6ef6a-9a1b-418f-a283-f7a0fce769d1,1,Biology,300,98.4,10.8,0.42,35.7,39.1,,73.5,0.0,stable,A,0
eaa6ef6a-9a1b-418f-a283-f7a0fce769d1,2,Biology,300,54.7,11.5,2.61,21.1,27.8,73.5,49.3,-24.2,declining,D,0
db826746-1468-484a-a734-ec4a0b3c9ec2,1,Electrical Engineering,300,88.5,14.3,1.62,35.8,46.2,,86.1,0.0,stable,A,0
db826746-1468-484a-a734-ec4a0b3c9ec2,2,Electrical Engineering,300,60.8,11.7,3.45,24.5,45.8,86.1,70.2,-15.9,declining,A,0
8679e7d1-d760-4a43-bc8e-cc3112c81956,1,Economics,300,62.3,8.2,4.0,22.5,27.2,,50.7,0.0,stable,C,0
8679e7d1-d760-4a43-bc8e-cc3112c81956,2,Economics,300,74.5,5.4,2.58,25.8,27.6,50.7,61.0,10.4,improving,B,0
066d64e6-bfa4-4923-a776-2c60c3504272,1,Sociology,200,70.5,7.6,4.62,33.5,46.9,,77.9,0.0,stable,A,0
066d64e6-bfa4-4923-a776-2c60c3504272,2,Sociology,200,92.9,16.1,3.12,25.0,42.5,77.9,72.7,-5.2,declining,A,0
29cf5019-0731-407b-aa77-5df4689a6b67,1,Biology,100,78.3,10.1,2.82,29.9,29.9,,59.6,0.0,stable,C,0
29cf5019-0731-407b-aa77-5df4689a6b67,2,Biology,100,96.6,18.6,2.4,40.0,50.7,59.6,92.6,33.0,improving,A,0
fdcb2bd4-1e60-4591-be39-4a3cb252a371,1,Political Science,200,81.5,7.3,2.68,35.5,23.5,,55.9,0.0,stable,C,0
fdcb2bd4-1e60-4591-be39-4a3cb252a371,2,Political Science,200,79.6,8.1,3.66,27.1,40.5,55.9,68.6,12.8,improving,B,0
8603309d-b08a-4767-b8c7-ad47f3d997b1,1,Economics,200,67.8,10.8,2.46,28.5,28.0,,55.8,0.0,stable,C,0
8603309d-b08a-4767-b8c7-ad47f3d997b1,2,Economics,200,86.2,6.3,2.61,34.8,14.0,55.8,54.4,-1.4,stable,C,0
5439ff49-f0a6-4b57-bc1b-b89921792fc8,1,Psychology,300,90.7,4.3,1.32,33.3,19.5,,55.7,0.0,stable,C,0
5439ff49-f0a6-4b57-bc1b-b89921792fc8,2,Psychology,300,80.9,12.6,2.54,39.2,46.6,55.7,87.6,31.9,improving,A,0
7c429579-c71b-4f18-9364-033d0d12923d,1,Sociology,300,93.0,6.9,4.03,32.3,41.3,,73.1,0.0,stable,A,0
7c429579-c71b-4f18-9364-033d0d12923d,2,Sociology,300,46.8,16.8,1.54,19.5,35.5,73.1,49.2,-23.9,declining,D,1
c976c22a-81cd-4ddb-8798-80a1849f14eb,1,Law,300,58.5,13.2,2.72,25.4,30.7,,56.3,0.0,stable,C,0
c976c22a-81cd-4ddb-8798-80a1849f14eb,2,Law,300,70.1,3.8,2.84,22.8,42.4,56.3,64.0,7.7,improving,B,0
dbcab6f1-3dbb-467a-9780-08f153459ed1,1,Biochemistry,200,100.0,16.8,2.9,37.9,21.9,,62.7,0.0,stable,B,0
dbcab6f1-3dbb-467a-9780-08f153459ed1,2,Biochemistry,200,62.7,12.4,2.42,24.4,36.9,62.7,61.6,-1.1,stable,B,0
bce56638-1e65-41e2-bcb4-161d1bbe07f5,1,Political Science,100,74.6,12.0,1.7,40.0,39.3,,80.6,0.0,stable,A,0
bce56638-1e65-41e2-bcb4-161d1bbe07f5,2,Political Science,100,69.9,7.6,3.12,30.4,49.7,80.6,86.4,5.8,improving,A,0
b2442c80-317e-4d1f-98ec-ecdd8468b710,1,Economics,100,97.2,3.2,2.63,36.1,28.5,,64.5,0.0,stable,B,0
b2442c80-317e-4d1f-98ec-ecdd8468b710,2,Economics,100,42.8,16.6,1.5,15.7,29.7,64.5,45.1,-19.4,declining,D,1
7605e4e1-8e62-4d66-997d-8477fab4605f,1,Computer Science,200,50.7,6.7,3.92,24.6,42.0,,62.8,0.0,stable,B,0
7605e4e1-8e62-4d66-997d-8477fab4605f,2,Computer Science,200,74.2,11.3,2.36,29.6,18.9,62.8,49.8,-13.0,declining,D,0
ebd5757b-5f72-48b0-9cfc-e80ae3d2a992,1,Electrical Engineering,100,69.0,10.7,3.68,31.0,36.8,,64.4,0.0,stable,B,0
ebd5757b-5f72-48b0-9cfc-e80ae3d2a992,2,Electrical Engineering,100,94.9,5.3,3.5,26.0,45.0,64.4,74.0,9.6,improving,A,0
53bcec2c-4088-406f-8527-cda5bbba60ba,1,Sociology,100,46.3,14.2,3.29,27.8,45.4,,70.3,0.0,stable,A,1
53bcec2c-4088-406f-8527-cda5bbba60ba,2,Sociology,100,71.7,20.3,2.11,31.0,55.3,70.3,83.2,12.9,improving,A,0
6876a44f-109f-4748-a507-f789bd9a29fb,1,Mechanical Engineering,200,53.7,5.7,3.32,19.4,34.3,,57.8,0.0,stable,C,0
6876a44f-109f-4748-a507-f789bd9a29fb,2,Mechanical Engineering,200,74.2,8.1,3.1,29.5,41.5,57.8,75.9,18.1,improving,A,0
74918313-c5c1-49c2-acb7-55c963ea8cea,1,Political Science,100,81.0,22.2,3.36,27.4,60.0,,87.0,0.0,stable,A,0
74918313-c5c1-49c2-acb7-55c963ea8cea,2,Political Science,100,59.2,23.6,2.41,23.0,41.2,87.0,64.7,-22.3,declining,B,0
df7b6a1c-6085-49c1-aef4-9eb2256239ad,1,Business Administration,300,89.0,0.0,3.74,30.0,28.4,,63.5,0.0,stable,B,0
df7b6a1c-6085-49c1-aef4-9eb2256239ad,2,Business Administration,300,78.2,14.2,2.96,34.5,57.3,63.5,84.3,20.8,improving,A,0
dd5313ce-60fd-468f-9759-8dff98aded75,1,Business Administration,100,91.3,19.7,3.4,29.9,34.4,,71.3,0.0,stable,A,0
dd5313ce-60fd-468f-9759-8dff98aded75,2,Business Administration,100,61.4,19.6,3.31,37.5,42.4,71.3,75.1,3.8,stable,A,0
e3350823-bb56-4c1f-a8bc-fa9309bc8713,1,Accounting,100,75.0,4.6,5.0,33.2,46.0,,81.5,0.0,stable,A,0
e3350823-bb56-4c1f-a8bc-fa9309bc8713,2,Accounting,100,64.6,11.3,3.09,37.6,27.7,81.5,63.2,-18.4,declining,B,0
f066a0d5-a2b5-4a71-8349-4fc936189588,1,Biology,200,69.6,8.6,1.83,15.4,16.6,,35.2,0.0,stable,F,1
f066a0d5-a2b5-4a71-8349-4fc936189588,2,Biology,200,74.9,16.2,2.53,29.5,57.8,35.2,91.9,56.6,improving,A,0
9d5abda8-ea92-46d6-89de-ddc998d715d5,1,Mechanical Engineering,300,89.1,13.0,3.41,34.7,39.5,,72.9,0.0,stable,A,0
9d5abda8-ea92-46d6-89de-ddc998d715d5,2,Mechanical Engineering,300,91.8,5.5,4.19,32.0,24.2,72.9,54.5,-18.4,declining,C,0
0f9b0b62-f4f4-4c91-867e-047291ded706,1,Computer Science,200,61.9,9.1,2.52,24.2,33.5,,57.5,0.0,stable,C,0
0f9b0b62-f4f4-4c91-867e-047291ded706,2,Computer Science,200,86.5,10.8,3.26,32.3,44.6,57.5,77.1,19.6,improving,A,0
d3452d72-7594-428e-bd14-fa853dac39cc,1,Accounting,200,65.3,7.4,3.17,34.4,34.3,,66.7,0.0,stable,B,0
d3452d72-7594-428e-bd14-fa853dac39cc,2,Accounting,200,71.2,9.2,2.47,22.0,34.1,66.7,56.8,-9.9,declining,C,0
354bfffe-05c5-4dbf-947e-fb503d4f2280,1,Computer Engineering,300,58.8,7.6,2.24,19.8,25.4,,44.6,0.0,stable,F,1
354bfffe-05c5-4dbf-947e-fb503d4f2280,2,Computer Engineering,300,54.9,11.3,2.44,21.3,41.7,44.6,61.1,16.5,improving,B,0
2467d95b-c83e-4623-a3f6-fbe6d72e2f30,1,Accounting,300,67.9,18.5,2.26,36.4,39.3,,72.3,0.0,stable,A,0
2467d95b-c83e-4623-a3f6-fbe6d72e2f30,2,Accounting,300,66.7,12.3,4.0,32.3,42.5,72.3,78.6,6.3,improving,A,0
469978f5-4419-4468-99d0-f1cbb3a32740,1,Biology,300,46.8,13.2,3.25,26.0,24.9,,47.8,0.0,stable,D,1
469978f5-4419-4468-99d0-f1cbb3a32740,2,Biology,300,72.5,17.6,4.53,26.2,33.5,47.8,62.1,14.4,improving,B,0
e9c1a334-77ec-451a-8476-168ce11c2216,1,Accounting,100,100.0,17.5,2.4,40.0,49.2,,86.8,0.0,stable,A,0
e9c1a334-77ec-451a-8476-168ce11c2216,2,Accounting,100,100.0,7.7,2.5,38.6,35.2,86.8,74.0,-12.9,declining,A,0
fa1f7a0e-dc62-475e-a803-44c9571890b1,1,Biology,300,75.6,17.6,1.14,31.5,36.9,,66.2,0.0,stable,B,0
fa1f7a0e-dc62-475e-a803-44c9571890b1,2,Biology,300,63.7,0.0,2.36,34.2,38.0,66.2,71.7,5.4,improving,A,0
898dbe2e-967c-4578-a439-bebff269db62,1,Economics,200,53.8,16.1,4.05,30.9,34.9,,63.3,0.0,stable,B,0
898dbe2e-967c-4578-a439-bebff269db62,2,Economics,200,99.8,6.0,3.38,26.1,33.0,63.3,60.8,-2.4,stable,B,0
842276f4-2249-4082-b13d-e763274061c0,1,Mechanical Engineering,300,74.6,14.6,2.02,25.8,44.3,,72.2,0.0,stable,A,0
842276f4-2249-4082-b13d-e763274061c0,2,Mechanical Engineering,300,78.3,16.7,1.67,28.3,58.5,72.2,90.7,18.5,improving,A,0
64d5c226-c187-4680-b3d6-4c207d55bbef,1,Political Science,300,84.5,11.2,3.83,34.0,25.5,,62.5,0.0,stable,B,0
64d5c226-c187-4680-b3d6-4c207d55bbef,2,Political Science,300,62.0,15.8,1.71,35.4,37.0,62.5,69.0,6.5,improving,B,0
90b33993-3dce-4d3b-a385-4988cb30ee10,1,Business Administration,300,64.7,10.3,3.0,34.5,39.1,,67.1,0.0,stable,B,0
90b33993-3dce-4d3b-a385-4988cb30ee10,2,Business Administration,300,56.6,25.8,3.11,31.1,46.6,67.1,74.6,7.5,improving,A,0
bc6852fd-9876-4ba2-82a7-1b30611d49a1,1,Sociology,100,67.8,12.6,2.63,38.1,33.1,,68.1,0.0,stable,B,0
bc6852fd-9876-4ba2-82a7-1b30611d49a1,2,Sociology,100,87.1,16.7,3.02,29.4,23.9,68.1,57.0,-11.1,declining,C,0
470a569b-2d07-4207-8fa5-abe387b29a44,1,Biochemistry,200,88.0,9.8,3.05,31.5,54.4,,82.7,0.0,stable,A,0
470a569b-2d07-4207-8fa5-abe387b29a44,2,Biochemistry,200,65.7,8.4,3.25,28.4,39.5,82.7,65.3,-17.5,declining,B,0
3392843c-f0e2-460c-a55b-9eb2ef4f02bc,1,Law,400,97.3,9.7,3.95,40.0,31.1,,72.1,0.0,stable,A,0
3392843c-f0e2-460c-a55b-9eb2ef4f02bc,2,Law,400,73.0,22.2,2.78,30.8,48.6,72.1,79.2,7.0,improving,A,0
41957fe5-8661-44d4-b6f4-59a4e5a81ff8,1,Political Science,300,86.3,12.5,3.39,33.3,34.6,,67.2,0.0,stable,B,0
41957fe5-8661-44d4-b6f4-59a4e5a81ff8,2,Political Science,300,83.3,14.8,4.0,40.0,38.3,67.2,78.7,11.6,improving,A,0
1b764e24-d2c6-42cb-b9f1-1e3e7276e8b1,1,Medicine,100,72.1,6.5,3.45,33.3,25.8,,57.9,0.0,stable,C,0
1b764e24-d2c6-42cb-b9f1-1e3e7276e8b1,2,Medicine,100,67.9,4.5,2.97,22.9,35.7,57.9,59.4,1.4,stable,C,0
c6b5dde6-e790-4467-9537-64895ce5d7d1,1,Computer Science,300,80.9,14.2,4.22,27.1,36.0,,65.1,0.0,stable,B,0
c6b5dde6-e790-4467-9537-64895ce5d7d1,2,Computer Science,300,73.0,17.6,3.45,39.2,43.6,65.1,78.3,13.2,improving,A,0
433b6cb4-8eb5-4ed8-9898-d9409b063621,1,Business Administration,100,80.1,11.6,3.43,34.3,34.8,,66.1,0.0,stable,B,0
433b6cb4-8eb5-4ed8-9898-d9409b063621,2,Business Administration,100,72.8,0.1,3.06,27.5,39.8,66.1,61.4,-4.8,stable,B,0
e04868fc-ea36-409e-b9e0-829c58e0bd9d,1,Psychology,200,75.1,19.9,3.54,34.9,49.7,,79.6,0.0,stable,A,0
e04868fc-ea36-409e-b9e0-829c58e0bd9d,2,Psychology,200,77.5,14.0,2.14,29.9,10.3,79.6,39.2,-40.5,declining,F,1
50aa5c6b-fb5e-4e8c-83f6-00857609a9ba,1,Accounting,100,68.5,19.0,2.52,27.4,42.8,,68.4,0.0,stable,B,0
50aa5c6b-fb5e-4e8c-83f6-00857609a9ba,2,Accounting,100,85.8,2.0,3.91,32.1,47.3,68.4,71.1,2.7,stable,A,0
e57d4c08-44b5-48e1-8050-83ca69d456a2,1,Biochemistry,300,38.5,10.5,3.4,19.9,45.2,,68.0,0.0,stable,B,1
e57d4c08-44b5-48e1-8050-83ca69d456a2,2,Biochemistry,300,85.0,12.5,3.08,28.9,39.5,68.0,65.4,-2.6,stable,B,0
c61153f3-0823-4162-aeea-41ab2c0869c8,1,Biology,300,63.2,14.6,2.63,24.0,45.2,,70.3,0.0,stable,A,0
c61153f3-0823-4162-aeea-41ab2c0869c8,2,Biology,300,71.8,11.3,3.33,34.2,41.7,70.3,72.3,2.1,stable,A,0
954e93e9-b27a-41b5-be70-9f6d564ebc50,1,Sociology,200,71.7,10.0,2.16,31.8,42.2,,76.2,0.0,stable,A,0
954e93e9-b27a-41b5-be70-9f6d564ebc50,2,Sociology,200,60.1,12.8,2.99,28.6,41.4,76.2,69.9,-6.2,declining,B,0
27e870b8-3956-44f0-b8bd-de63be1d5459,1,Political Science,300,73.0,17.5,2.31,28.7,53.0,,79.3,0.0,stable,A,0
27e870b8-3956-44f0-b8bd-de63be1d5459,2,Political Science,300,63.6,15.7,1.86,31.0,35.0,79.3,67.3,-12.0,declining,B,0
3ac14ead-5a60-4ff4-9c62-6e2edb0789bf,1,Economics,300,56.7,17.9,2.03,30.0,30.1,,65.5,0.0,stable,B,0
3ac14ead-5a60-4ff4-9c62-6e2edb0789bf,2,Economics,300,73.9,21.8,2.34,27.6,57.3,65.5,80.6,15.1,improving,A,0
66c2eb05-999f-466f-a8c4-800e1b4e54ed,1,Psychology,100,64.5,14.5,2.18,30.5,41.4,,67.4,0.0,stable,B,0
66c2eb05-999f-466f-a8c4-800e1b4e54ed,2,Psychology,100,89.5,5.7,3.62,33.5,31.7,67.4,62.0,-5.4,declining,B,0
9a4f3089-231c-4e9e-a9f7-9d116e4e8ce4,1,Political Science,300,79.9,7.6,3.97,37.2,54.8,,92.9,0.0,stable,A,0
9a4f3089-231c-4e9e-a9f7-9d116e4e8ce4,2,Political Science,300,68.9,10.5,2.7,30.0,42.3,92.9,76.0,-16.9,declining,A,0
8f73bd00-d8a0-4d9d-85b3-6b59553f266a,1,Mechanical Engineering,200,75.3,5.0,2.67,37.8,18.3,,58.4,0.0,stable,C,0
8f73bd00-d8a0-4d9d-85b3-6b59553f266a,2,Mechanical Engineering,200,69.1,7.6,3.32,36.6,40.5,58.4,76.3,17.9,improving,A,0
ee6a7a0f-7d2b-4ee6-9bf8-6309b3009b6b,1,Architecture,200,55.6,11.5,1.93,24.6,36.5,,53.9,0.0,stable,C,0
ee6a7a0f-7d2b-4ee6-9bf8-6309b3009b6b,2,Architecture,200,95.8,5.8,2.85,36.8,47.9,53.9,82.4,28.5,improving,A,0
71d73a89-f91d-4901-80a8-ea55a6156057,1,Sociology,100,37.4,17.4,2.0,24.3,45.6,,60.2,0.0,stable,B,1
71d73a89-f91d-4901-80a8-ea55a6156057,2,Sociology,100,50.8,9.7,0.93,18.5,35.0,60.2,53.2,-6.9,declining,C,0
ccc0b829-b64f-4f03-97ea-031f0869ac56,1,Electrical Engineering,100,79.5,14.2,1.65,24.5,46.1,,75.2,0.0,stable,A,0
ccc0b829-b64f-4f03-97ea-031f0869ac56,2,Electrical Engineering,100,60.5,13.3,3.65,28.3,39.3,75.2,65.7,-9.5,declining,B,0
b931d66b-51c1-4609-9ea0-ebfb56001423,1,Biology,300,100.0,12.5,3.31,36.6,32.4,,69.2,0.0,stable,B,0
b931d66b-51c1-4609-9ea0-ebfb56001423,2,Biology,300,70.2,10.3,3.25,24.5,26.8,69.2,52.8,-16.4,declining,C,0
721ff319-cb9c-462c-810e-ed06f5454da6,1,Computer Engineering,200,67.0,10.3,1.46,33.2,40.5,,75.8,0.0,stable,A,0
721ff319-cb9c-462c-810e-ed06f5454da6,2,Computer Engineering,200,80.8,4.4,3.18,28.1,24.9,75.8,54.5,-21.3,declining,C,0
5eeb88e0-432c-471c-8513-bdc86b5ddf71,1,Computer Science,200,99.9,19.5,3.5,34.8,43.7,,75.9,0.0,stable,A,0
5eeb88e0-432c-471c-8513-bdc86b5ddf71,2,Computer Science,200,71.0,16.5,4.46,25.1,25.8,75.9,49.3,-26.6,declining,D,0
71dd4338-f66a-4d64-96e8-b5856cab18ed,1,Business Administration,300,88.6,22.4,4.05,39.1,40.6,,77.2,0.0,stable,A,0
71dd4338-f66a-4d64-96e8-b5856cab18ed,2,Business Administration,300,55.1,8.7,3.73,34.2,42.1,77.2,75.5,-1.7,stable,A,0
f876943e-5f1e-4593-bd26-9075b5a11f1d,1,Business Administration,100,59.0,11.4,3.16,19.5,48.7,,66.9,0.0,stable,B,0
f876943e-5f1e-4593-bd26-9075b5a11f1d,2,Business Administration,100,87.9,11.9,3.24,29.1,36.6,66.9,67.6,0.6,stable,B,0
0ac600a9-76cb-467c-a5d3-6a2e48a8d17b,1,Electrical Engineering,300,73.0,6.5,3.09,31.5,49.5,,84.5,0.0,stable,A,0
0ac600a9-76cb-467c-a5d3-6a2e48a8d17b,2,Electrical Engineering,300,74.0,9.3,2.82,27.2,42.3,84.5,72.6,-11.9,declining,A,0
1d83924d-25c1-4a25-b3b5-43c3982d713e,1,Accounting,200,93.6,9.9,2.59,31.6,18.0,,46.0,0.0,stable,D,0
1d83924d-25c1-4a25-b3b5-43c3982d713e,2,Accounting,200,74.5,13.9,3.39,26.0,36.8,46.0,62.0,16.0,improving,B,0
fc1e3d93-bbd1-4ffe-9f94-fe9156a7e783,1,Computer Science,200,69.3,15.4,1.95,23.1,37.0,,56.0,0.0,stable,C,0
fc1e3d93-bbd1-4ffe-9f94-fe9156a7e783,2,Computer Science,200,46.5,4.5,2.81,27.5,40.4,56.0,72.6,16.6,improving,A,1
d5ccdfe6-56a8-40ff-a5eb-a40c75a9a6a1,1,Architecture,200,76.5,13.2,2.8,29.3,60.0,,90.1,0.0,stable,A,0
d5ccdfe6-56a8-40ff-a5eb-a40c75a9a6a1,2,Architecture,200,80.2,6.3,3.33,34.3,47.2,90.1,83.5,-6.6,declining,A,0
a45d04c1-9a25-49f1-9587-8ff878211146,1,Computer Science,100,73.1,11.2,2.94,30.2,51.5,,84.9,0.0,stable,A,0
a45d04c1-9a25-49f1-9587-8ff878211146,2,Computer Science,100,86.3,22.1,0.88,30.0,42.5,84.9,70.4,-14.5,declining,A,0
c8ccbc4d-377e-43a9-a4b9-3df4c652b56f,1,Biochemistry,200,61.1,3.4,2.75,31.7,40.7,,70.1,0.0,stable,A,0
c8ccbc4d-377e-43a9-a4b9-3df4c652b56f,2,Biochemistry,200,78.3,18.8,1.78,29.9,44.9,70.1,74.7,4.6,stable,A,0
11510466-60ae-44fe-bc4f-c7c324dab46e,1,Psychology,100,87.8,4.5,2.2,36.0,15.6,,54.0,0.0,stable,C,0
11510466-60ae-44fe-bc4f-c7c324dab46e,2,Psychology,100,81.7,15.7,2.62,33.9,29.7,54.0,62.4,8.4,improving,B,0
5159b698-533f-4ce9-9876-fbf94a8207f2,1,Political Science,300,75.5,7.5,3.17,24.4,39.4,,69.0,0.0,stable,B,0
5159b698-533f-4ce9-9876-fbf94a8207f2,2,Political Science,300,56.2,11.9,1.71,22.1,43.9,69.0,64.7,-4.3,stable,B,0
cf9803dd-5da8-4419-b4ca-ef49f666ab9e,1,Psychology,300,86.1,13.8,2.95,27.1,47.6,,75.6,0.0,stable,A,0
cf9803dd-5da8-4419-b4ca-ef49f666ab9e,2,Psychology,300,52.1,7.2,0.78,18.6,28.6,75.6,44.0,-31.6,declining,F,1
e24de62c-febc-4f88-80ea-da5ee3daa7d7,1,Business Administration,200,62.5,19.0,3.82,24.0,54.1,,81.8,0.0,stable,A,0
e24de62c-febc-4f88-80ea-da5ee3daa7d7,2,Business Administration,200,84.3,13.5,3.88,35.7,30.3,81.8,65.4,-16.4,declining,B,0
97013c8f-49d4-4d30-ac8e-d7b4023a0a9b,1,Political Science,300,66.7,17.8,2.54,24.6,53.0,,78.4,0.0,stable,A,0
97013c8f-49d4-4d30-ac8e-d7b4023a0a9b,2,Political Science,300,100.0,7.7,2.58,40.0,22.9,78.4,66.8,-11.6,declining,B,0
a49ea6b1-08a1-4c5e-b8c7-a79f6840f4f4,1,Economics,200,56.9,15.1,1.53,26.6,25.1,,57.5,0.0,stable,C,0
a49ea6b1-08a1-4c5e-b8c7-a79f6840f4f4,2,Economics,200,58.9,7.9,3.43,23.8,44.5,57.5,66.1,8.6,improving,B,0
3f7e20e1-cb89-4d28-bba1-6f9d496a5324,1,Computer Engineering,300,63.2,11.9,2.03,29.6,46.3,,77.6,0.0,stable,A,0
3f7e20e1-cb89-4d28-bba1-6f9d496a5324,2,Computer Engineering,300,84.6,2.4,2.63,30.8,46.5,77.6,75.6,-2.0,stable,A,0
142ba8c4-73f3-406e-a824-6886fffa4352,1,Medicine,200,40.5,7.0,2.47,12.3,44.6,,52.2,0.0,stable,C,1
142ba8c4-73f3-406e-a824-6886fffa4352,2,Medicine,200,81.7,6.5,4.21,30.0,33.3,52.2,64.8,12.6,improving,B,0
d5926fd2-36da-4a1b-a0ee-1883a98ed371,1,Electrical Engineering,300,59.9,14.9,2.61,24.0,40.0,,60.7,0.0,stable,B,0
d5926fd2-36da-4a1b-a0ee-1883a98ed371,2,Electrical Engineering,300,72.1,13.7,1.15,34.9,45.2,60.7,74.6,13.9,improving,A,0
b238f5f5-9617-4392-a874-838cd9cad87f,1,Computer Engineering,300,44.8,16.2,3.61,27.1,29.5,,62.1,0.0,stable,B,1
b238f5f5-9617-4392-a874-838cd9cad87f,2,Computer Engineering,300,63.7,13.2,3.2,35.7,42.1,62.1,79.0,16.9,improving,A,0
649292a5-b02c-41e2-81df-52dd2bb27ce4,1,Electrical Engineering,200,73.8,6.0,1.15,29.9,17.5,,48.4,0.0,stable,D,0
649292a5-b02c-41e2-81df-52dd2bb27ce4,2,Electrical Engineering,200,77.2,12.6,2.16,35.6,43.1,48.4,75.2,26.7,improving,A,0
649e8910-31a9-4fe8-9952-384f5afbbc90,1,Economics,300,100.0,10.9,1.93,31.2,21.6,,56.9,0.0,stable,C,0
649e8910-31a9-4fe8-9952-384f5afbbc90,2,Economics,300,91.2,15.7,3.44,39.5,40.7,56.9,81.4,24.5,improving,A,0
070abc65-c4a2-44ce-841c-62b552d42586,1,Law,100,62.8,11.2,3.36,12.2,33.5,,46.2,0.0,stable,D,0
070abc65-c4a2-44ce-841c-62b552d42586,2,Law,100,73.8,9.7,3.47,26.2,26.7,46.2,56.5,10.3,improving,C,0
630506ff-9560-41e3-8af5-bd8053acb207,1,Medicine,200,90.6,9.0,2.95,37.4,37.8,,76.7,0.0,stable,A,0
630506ff-9560-41e3-8af5-bd8053acb207,2,Medicine,200,82.1,10.4,3.41,26.6,43.2,76.7,69.6,-7.1,declining,B,0
ff6ca631-352f-4701-b04d-b07306d4fcd3,1,Biochemistry,100,69.6,5.8,3.11,29.1,26.9,,51.3,0.0,stable,C,0
ff6ca631-352f-4701-b04d-b07306d4fcd3,2,Biochemistry,100,50.3,10.7,3.25,34.3,38.7,51.3,68.1,16.9,improving,B,0
e8fa1860-0f2c-4c91-9b0d-a3104bd3a090,1,Sociology,200,71.9,18.3,2.45,35.0,44.7,,81.6,0.0,stable,A,0
e8fa1860-0f2c-4c91-9b0d-a3104bd3a090,2,Sociology,200,100.0,2.8,3.72,34.5,25.0,81.6,59.2,-22.4,declining,C,0
11d4a44e-beed-4328-8c9d-d9be33b2b499,1,Medicine,300,100.0,18.7,1.4,31.2,50.6,,81.7,0.0,stable,A,0
11d4a44e-beed-4328-8c9d-d9be33b2b499,2,Medicine,300,74.7,4.2,2.4,23.2,16.2,81.7,35.6,-46.0,declining,F,1
a74971b0-f886-4d88-b587-f6ec94886eb5,1,Business Administration,100,61.1,8.2,2.33,32.3,26.4,,63.0,0.0,stable,B,0
a74971b0-f886-4d88-b587-f6ec94886eb5,2,Business Administration,100,67.7,14.2,3.38,24.1,38.6,63.0,61.2,-1.9,stable,B,0
6c2d61e0-02fb-415c-930b-f9bd969f58bf,1,Political Science,300,80.6,11.4,2.4,31.7,41.3,,78.6,0.0,stable,A,0
6c2d61e0-02fb-415c-930b-f9bd969f58bf,2,Political Science,300,76.0,12.1,3.34,25.5,23.0,78.6,47.6,-31.0,declining,D,0
76c6c407-311e-4cf4-a201-9f7144b2203a,1,Economics,200,91.1,18.2,1.5,36.5,19.1,,57.0,0.0,stable,C,0
76c6c407-311e-4cf4-a201-9f7144b2203a,2,Economics,200,81.0,3.4,3.8,39.9,34.4,57.0,74.7,17.7,improving,A,0
289a0cb4-808b-49f6-9c88-b1910a744cfd,1,Economics,300,97.2,6.4,2.12,30.2,34.2,,64.5,0.0,stable,B,0
289a0cb4-808b-49f6-9c88-b1910a744cfd,2,Economics,300,66.7,10.5,2.57,25.9,29.9,64.5,53.5,-11.0,declining,C,0
fdebd453-f850-490b-ad1f-531e7e339e71,1,Computer Science,100,45.0,10.9,1.44,27.7,30.0,,57.4,0.0,stable,C,1
fdebd453-f850-490b-ad1f-531e7e339e71,2,Computer Science,100,69.4,10.8,4.01,22.1,24.5,57.4,47.0,-10.5,declining,D,0
c2779b2c-5fb8-4217-8ee5-03c51a69f9df,1,Sociology,200,67.6,13.8,3.57,23.0,48.0,,68.0,0.0,stable,B,0
c2779b2c-5fb8-4217-8ee5-03c51a69f9df,2,Sociology,200,76.1,5.8,3.11,30.1,24.3,68.0,50.4,-17.6,declining,C,0
0d8e143a-2318-479f-9fe0-aac2e5afed34,1,Architecture,200,86.3,9.7,3.81,29.5,52.6,,79.3,0.0,stable,A,0
0d8e143a-2318-479f-9fe0-aac2e5afed34,2,Architecture,200,97.1,12.9,3.32,29.4,48.1,79.3,79.8,0.5,stable,A,0
11cffa69-5141-4c4a-bf7d-cea64d899e49,1,Biochemistry,300,70.1,1.3,2.11,23.5,34.7,,56.7,0.0,stable,C,0
11cffa69-5141-4c4a-bf7d-cea64d899e49,2,Biochemistry,300,68.3,9.2,4.18,28.9,41.9,56.7,68.9,12.2,improving,B,0
bcdd7b81-621f-4fba-91bd-090d458362e0,1,Psychology,300,74.6,7.1,3.27,24.2,44.1,,66.1,0.0,stable,B,0
bcdd7b81-621f-4fba-91bd-090d458362e0,2,Psychology,300,89.2,21.5,3.0,39.4,53.9,66.1,89.0,23.0,improving,A,0
2488728f-c70c-4bee-bfa4-ff1470bddfea,1,Mechanical Engineering,100,76.7,14.5,3.48,31.2,44.0,,75.2,0.0,stable,A,0
2488728f-c70c-4bee-bfa4-ff1470bddfea,2,Mechanical Engineering,100,77.0,5.9,2.81,23.1,29.8,75.2,51.2,-24.0,declining,C,0
1f4a2685-2097-46c2-bcaa-f99d43edd926,1,Sociology,200,65.2,6.7,3.22,26.4,32.0,,54.3,0.0,stable,C,0
1f4a2685-2097-46c2-bcaa-f99d43edd926,2,Sociology,200,70.5,17.7,3.93,31.0,42.6,54.3,75.2,21.0,improving,A,0
01765fe0-e0d8-42cf-aa9e-10a10b864e75,1,Law,100,65.0,10.5,2.41,32.5,45.1,,77.6,0.0,stable,A,0
01765fe0-e0d8-42cf-aa9e-10a10b864e75,2,Law,100,100.0,14.1,3.28,36.2,29.0,77.6,62.6,-15.0,declining,B,0
789da55d-e479-4d5b-b62a-ea1ff3d3a785,1,Law,300,74.2,11.8,3.47,26.5,41.1,,67.8,0.0,stable,B,0
789da55d-e479-4d5b-b62a-ea1ff3d3a785,2,Law,300,76.9,12.1,1.88,19.1,28.0,67.8,45.5,-22.4,declining,D,0
9cf105f2-f7fe-47ec-8d08-c8c26ee88dd7,1,Economics,300,57.3,11.7,3.87,30.1,45.8,,78.8,0.0,stable,A,0
9cf105f2-f7fe-47ec-8d08-c8c26ee88dd7,2,Economics,300,61.1,9.7,3.49,24.9,34.7,78.8,65.2,-13.7,declining,B,0
69eececa-ae9e-4a8c-8d07-10ecc5ac9af2,1,Business Administration,100,76.4,20.8,1.54,27.1,47.0,,74.5,0.0,stable,A,0
69eececa-ae9e-4a8c-8d07-10ecc5ac9af2,2,Business Administration,100,44.2,10.9,4.98,25.1,48.8,74.5,71.9,-2.6,stable,A,1
f7b6facb-3fdc-4303-8feb-312d91db8125,1,Biochemistry,300,78.6,11.9,3.9,36.2,45.4,,81.8,0.0,stable,A,0
f7b6facb-3fdc-4303-8feb-312d91db8125,2,Biochemistry,300,49.8,3.4,3.07,29.3,46.9,81.8,73.6,-8.2,declining,A,1
86fc8d12-f330-4d94-80e6-d0e788144934,1,Accounting,200,52.4,16.7,2.35,17.6,36.7,,52.7,0.0,stable,C,0
86fc8d12-f330-4d94-80e6-d0e788144934,2,Accounting,200,94.8,16.3,2.41,40.0,42.7,52.7,85.9,33.2,improving,A,0
d3e21582-97a9-487e-82fe-d12824f20b14,1,Economics,300,94.9,10.7,3.46,31.9,48.8,,81.1,0.0,stable,A,0
d3e21582-97a9-487e-82fe-d12824f20b14,2,Economics,300,89.4,19.6,3.44,32.4,45.1,81.1,68.7,-12.4,declining,B,0
5187a31d-e6b3-4d93-b8b3-6da59f9e0be3,1,Architecture,400,64.3,16.7,3.78,24.2,46.1,,69.7,0.0,stable,B,0
5187a31d-e6b3-4d93-b8b3-6da59f9e0be3,2,Architecture,400,85.3,23.0,3.57,28.7,47.8,69.7,80.7,11.0,improving,A,0
b6b9bf9c-f0e0-4178-b1d8-fde46f1c8862,1,Computer Science,200,53.9,8.9,3.57,32.2,44.6,,75.0,0.0,stable,A,0
b6b9bf9c-f0e0-4178-b1d8-fde46f1c8862,2,Computer Science,200,83.0,14.1,3.28,31.1,42.1,75.0,70.5,-4.5,stable,A,0
7ae6eabd-c6e8-45f8-9a40-962c97ae992b,1,Biochemistry,300,100.0,12.8,3.44,33.9,49.5,,79.5,0.0,stable,A,0
7ae6eabd-c6e8-45f8-9a40-962c97ae992b,2,Biochemistry,300,48.8,11.8,4.64,30.8,34.7,79.5,67.0,-12.5,declining,B,1
142299f9-3c66-4463-8489-499d77ca89cf,1,Mechanical Engineering,200,65.5,14.1,3.4,32.7,26.2,,55.2,0.0,stable,C,0
142299f9-3c66-4463-8489-499d77ca89cf,2,Mechanical Engineering,200,73.9,6.8,2.11,31.1,24.9,55.2,62.9,7.7,improving,B,0
eac17a61-14e7-4bf1-8104-95bc96cee9ea,1,Economics,100,67.0,10.6,3.24,20.9,44.2,,66.1,0.0,stable,B,0
eac17a61-14e7-4bf1-8104-95bc96cee9ea,2,Economics,100,69.8,13.4,3.34,36.1,60.0,66.1,92.9,26.9,improving,A,0
ee3795f9-9a37-461f-889f-6c4eb233f073,1,Computer Engineering,100,55.5,12.5,1.34,29.4,37.7,,68.2,0.0,stable,B,0
ee3795f9-9a37-461f-889f-6c4eb233f073,2,Computer Engineering,100,70.4,13.3,3.38,30.1,27.8,68.2,58.4,-9.8,declining,C,0
c45615ef-3043-4a9d-87d2-bd68a61a42f4,1,Political Science,300,100.0,13.2,3.11,40.0,33.2,,75.9,0.0,stable,A,0
c45615ef-3043-4a9d-87d2-bd68a61a42f4,2,Political Science,300,67.0,17.4,3.64,26.3,42.1,75.9,71.4,-4.5,stable,A,0
c15d7e78-cdbb-4c01-9534-bb81f0cb0158,1,Economics,100,47.2,9.8,3.5,22.9,40.3,,57.1,0.0,stable,C,1
c15d7e78-cdbb-4c01-9534-bb81f0cb0158,2,Economics,100,62.2,15.4,2.4,20.9,51.4,57.1,73.9,16.8,improving,A,0
570666f8-9854-4896-8424-43da8a735306,1,Sociology,100,58.7,12.7,2.16,26.0,40.1,,63.7,0.0,stable,B,0
570666f8-9854-4896-8424-43da8a735306,2,Sociology,100,86.1,16.5,3.21,34.3,28.7,63.7,67.1,3.4,stable,B,0
9b7c6f23-334c-462e-b1c1-a68d7cf4b0e0,1,Mechanical Engineering,300,73.6,7.3,3.12,33.5,41.6,,71.8,0.0,stable,A,0
9b7c6f23-334c-462e-b1c1-a68d7cf4b0e0,2,Mechanical Engineering,300,86.4,11.7,3.4,28.3,50.6,71.8,79.4,7.6,improving,A,0
c652161a-4f8a-4476-81e8-dd0f114e36dd,1,Sociology,100,92.8,4.3,1.88,32.4,46.5,,84.8,0.0,stable,A,0
c652161a-4f8a-4476-81e8-dd0f114e36dd,2,Sociology,100,61.7,12.3,3.12,30.9,48.9,84.8,76.4,-8.3,declining,A,0
43d3719e-1237-4375-9d08-f60ebad8510d,1,Accounting,300,76.0,2.0,3.65,28.5,21.6,,51.1,0.0,stable,C,0
43d3719e-1237-4375-9d08-f60ebad8510d,2,Accounting,300,69.5,18.3,2.29,40.0,51.2,51.1,95.1,43.9,improving,A,0
1af3008e-32f0-41a0-887e-a20860160e43,1,Law,100,59.6,20.9,2.03,25.9,57.1,,84.5,0.0,stable,A,0
1af3008e-32f0-41a0-887e-a20860160e43,2,Law,100,56.4,17.7,3.27,24.2,28.8,84.5,54.3,-30.2,declining,C,0
6fcbe23e-841a-463c-a7b1-9684cd04d082,1,Mechanical Engineering,300,72.5,12.8,1.73,27.4,42.4,,75.4,0.0,stable,A,0
6fcbe23e-841a-463c-a7b1-9684cd04d082,2,Mechanical Engineering,300,71.9,19.2,3.63,30.6,35.9,75.4,63.5,-11.9,declining,B,0
91456099-b919-431a-9dab-b5236e1648c5,1,Accounting,300,84.3,9.4,2.51,30.9,35.1,,68.7,0.0,stable,B,0
91456099-b919-431a-9dab-b5236e1648c5,2,Accounting,300,67.4,16.0,3.35,20.1,46.1,68.7,58.2,-10.5,declining,C,0
0583bb1c-9661-4d08-9b24-c3e2c12e159a,1,Biochemistry,300,61.6,14.3,2.99,18.5,30.0,,40.7,0.0,stable,F,1
0583bb1c-9661-4d08-9b24-c3e2c12e159a,2,Biochemistry,300,54.9,14.9,2.55,26.8,40.9,40.7,67.8,27.1,improving,B,0
82f7cae7-5c07-479a-8030-54567fb8e282,1,Political Science,200,90.3,11.0,3.73,20.7,51.4,,68.2,0.0,stable,B,0
82f7cae7-5c07-479a-8030-54567fb8e282,2,Political Science,200,58.9,8.5,3.87,22.3,32.2,68.2,51.7,-16.6,declining,C,0
1e238dfb-d644-4f73-a974-579121ac71e0,1,Sociology,100,78.8,15.7,4.36,40.0,51.5,,92.6,0.0,stable,A,0
1e238dfb-d644-4f73-a974-579121ac71e0,2,Sociology,100,56.7,21.5,3.17,24.9,50.6,92.6,73.6,-18.9,declining,A,0
77953a54-3d79-45c8-afcb-871d5a5594de,1,Biology,300,39.9,14.9,4.07,25.8,43.7,,69.5,0.0,stable,B,1
77953a54-3d79-45c8-afcb-871d5a5594de,2,Biology,300,77.6,12.7,2.95,30.6,55.5,69.5,87.6,18.1,improving,A,0
ccc59066-02b8-4326-9854-bb46d2de21da,1,Electrical Engineering,100,76.6,15.3,3.53,35.0,35.4,,69.0,0.0,stable,B,0
ccc59066-02b8-4326-9854-bb46d2de21da,2,Electrical Engineering,100,62.8,15.8,3.57,21.2,47.4,69.0,72.7,3.7,stable,A,0
c9175f64-c981-4326-aaa5-80741cc2e108,1,Architecture,300,71.5,13.6,3.58,22.7,43.4,,69.9,0.0,stable,B,0
c9175f64-c981-4326-aaa5-80741cc2e108,2,Architecture,300,66.1,16.2,3.02,24.8,41.6,69.9,64.9,-5.0,stable,B,0
79310ab5-6a8a-4605-94c4-e4ffb7a7a055,1,Computer Science,100,61.7,10.7,3.05,26.5,36.1,,63.3,0.0,stable,B,0
79310ab5-6a8a-4605-94c4-e4ffb7a7a055,2,Computer Science,100,83.0,6.3,2.8,21.7,33.5,63.3,55.6,-7.7,declining,C,0
597d08ad-5c83-4413-815b-28715988a24a,1,Computer Engineering,100,83.5,12.8,3.44,32.0,34.2,,62.9,0.0,stable,B,0
597d08ad-5c83-4413-815b-28715988a24a,2,Computer Engineering,100,71.1,8.2,2.9,26.8,40.8,62.9,67.7,4.8,stable,B,0
ff9bbf70-6b46-4d6b-9c88-4745d8f7921c,1,Electrical Engineering,200,81.7,14.2,2.86,30.8,45.9,,84.0,0.0,stable,A,0
ff9bbf70-6b46-4d6b-9c88-4745d8f7921c,2,Electrical Engineering,200,60.2,12.2,2.04,26.9,31.1,84.0,57.6,-26.3,declining,C,0
47ffead4-beb3-46b1-aef6-098a34fbb3f5,1,Economics,100,77.3,9.6,1.57,37.6,43.4,,80.6,0.0,stable,A,0
47ffead4-beb3-46b1-aef6-098a34fbb3f5,2,Economics,100,61.6,12.4,3.29,31.2,49.1,80.6,83.4,2.8,stable,A,0
1672c7ac-9031-4e73-a301-6627615fc448,1,Psychology,100,48.9,10.5,3.79,20.2,52.3,,77.9,0.0,stable,A,1
1672c7ac-9031-4e73-a301-6627615fc448,2,Psychology,100,92.9,15.3,2.64,35.0,27.8,77.9,60.4,-17.5,declining,B,0
88ff7559-28fc-45b2-8a40-f7438d03762d,1,Biochemistry,200,64.3,12.3,2.69,29.2,47.9,,75.0,0.0,stable,A,0
88ff7559-28fc-45b2-8a40-f7438d03762d,2,Biochemistry,200,77.2,9.9,3.15,33.9,47.6,75.0,83.5,8.5,improving,A,0
129e18fe-792a-4aa5-aeb7-1634cd30b429,1,Law,400,81.2,4.9,2.13,27.1,36.4,,59.6,0.0,stable,C,0
129e18fe-792a-4aa5-aeb7-1634cd30b429,2,Law,400,80.1,13.3,1.45,25.6,47.9,59.6,75.5,15.9,improving,A,0
2905c542-9444-4ac2-9882-c869a817c42c,1,Architecture,400,62.2,6.8,1.04,34.8,32.4,,72.8,0.0,stable,A,0
2905c542-9444-4ac2-9882-c869a817c42c,2,Architecture,400,72.1,13.4,3.71,37.6,47.0,72.8,84.6,11.8,improving,A,0
89de44dd-4e55-42aa-9489-e8e50a77a10d,1,Law,300,75.4,6.8,2.69,30.3,49.0,,78.1,0.0,stable,A,0
89de44dd-4e55-42aa-9489-e8e50a77a10d,2,Law,300,90.9,11.6,3.99,36.6,47.4,78.1,86.9,8.8,improving,A,0
685bec4b-e380-42f8-868f-6e85c107f768,1,Computer Science,200,87.5,17.3,4.71,40.0,51.4,,90.1,0.0,stable,A,0
685bec4b-e380-42f8-868f-6e85c107f768,2,Computer Science,200,80.5,2.4,3.66,25.8,45.2,90.1,77.0,-13.1,declining,A,0
7a1bfce4-1283-4936-a313-7bc1b4f4a726,1,Sociology,100,53.2,11.7,2.15,17.0,36.6,,55.5,0.0,stable,C,0
7a1bfce4-1283-4936-a313-7bc1b4f4a726,2,Sociology,100,86.3,12.8,1.67,32.9,22.5,55.5,51.1,-4.4,stable,C,0
73011ff6-b920-407a-9b33-cacb97f8ab97,1,Economics,100,60.0,17.2,3.44,28.6,35.6,,63.0,0.0,stable,B,0
73011ff6-b920-407a-9b33-cacb97f8ab97,2,Economics,100,54.4,18.8,4.76,28.7,55.3,63.0,83.5,20.4,improving,A,0
17876093-b306-405e-bd6e-0cc80ca85c9b,1,Sociology,300,50.7,7.8,2.63,23.2,29.7,,53.0,0.0,stable,C,0
17876093-b306-405e-bd6e-0cc80ca85c9b,2,Sociology,300,62.2,22.8,1.91,31.9,42.5,53.0,75.8,22.8,improving,A,0
8b0fd2a9-4e12-4e6e-9748-d4ee55a3cfec,1,Psychology,100,82.6,12.8,2.09,29.9,40.0,,70.2,0.0,stable,A,0
8b0fd2a9-4e12-4e6e-9748-d4ee55a3cfec,2,Psychology,100,59.7,18.5,1.01,25.7,31.0,70.2,57.2,-13.0,declining,C,0
e8b4b42e-06a3-400c-9ee1-f78049d09647,1,Political Science,300,90.3,5.0,4.88,34.1,42.1,,71.9,0.0,stable,A,0
e8b4b42e-06a3-400c-9ee1-f78049d09647,2,Political Science,300,74.3,16.9,3.17,30.6,42.9,71.9,69.3,-2.6,stable,B,0
971c565d-8716-4017-8a8e-41cbf9f536c4,1,Psychology,100,54.2,17.8,3.71,31.0,36.9,,67.5,0.0,stable,B,0
971c565d-8716-4017-8a8e-41cbf9f536c4,2,Psychology,100,93.5,5.9,3.9,30.8,28.4,67.5,59.1,-8.4,declining,C,0
2fa32388-f8d4-49e8-8b38-2fae09160093,1,Biology,100,58.2,2.5,3.06,29.3,45.1,,76.2,0.0,stable,A,0
2fa32388-f8d4-49e8-8b38-2fae09160093,2,Biology,100,100.0,18.8,3.59,37.3,57.9,76.2,88.6,12.4,improving,A,0
ed66e3a8-ed49-4beb-968a-ae55399987b8,1,Medicine,100,67.8,2.7,3.53,24.8,60.0,,83.3,0.0,stable,A,0
ed66e3a8-ed49-4beb-968a-ae55399987b8,2,Medicine,100,76.6,10.0,2.61,24.1,24.6,83.3,42.1,-41.2,declining,F,1
67caaa83-b913-4b23-ae14-ae9a6056dee7,1,Business Administration,300,83.2,9.9,4.55,25.4,55.9,,86.0,0.0,stable,A,0
67caaa83-b913-4b23-ae14-ae9a6056dee7,2,Business Administration,300,94.2,13.2,2.73,40.0,32.0,86.0,72.8,-13.3,declining,A,0
0ccdbf2b-43bc-4572-9c5b-f0655883a74a,1,Business Administration,300,74.3,7.5,3.22,33.6,27.5,,62.5,0.0,stable,B,0
0ccdbf2b-43bc-4572-9c5b-f0655883a74a,2,Business Administration,300,41.6,6.8,2.63,25.1,43.8,62.5,69.1,6.7,improving,B,1
